family,arm,truth,core,instance,seed,P_true,ri_label,RI,admissible,reason,Q,peak_power_share,c,cbar,r,period,samples_per_cycle,n_cycles,freq_precision_ok
sustained,sigma=0.1,pos,True,0,10000,41.242363816636164,RHYTHMIC,3.4505567690119836,True,,4.0394547605737285,0.7005346465181681,0.9899103203802042,0.9832287531520008,0.9802227076047936,41.24591291417553,41.24591291417553,36.36723966132594,True
sustained,sigma=0.1,pos,True,1,10001,59.29528094493858,RHYTHMIC,2.364733662408435,True,,2.3006722197686216,0.7067490452797931,0.9995471889476544,0.9957843253239483,0.545893464963374,59.2948991108682,59.2948991108682,25.29728564332887,True
sustained,sigma=0.1,pos,True,2,10002,51.245029480476965,RHYTHMIC,3.437944214254011,True,,3.7433929389357314,0.7477393417430367,0.9969433900758632,0.992793998315036,0.9751776857016045,51.25122761852921,51.25122761852921,29.267591620726265,True
sustained,sigma=0.1,pos,True,3,10003,56.469541330066576,RHYTHMIC,3.3795413187068015,True,,2.504171651821647,0.5426232052826178,0.9945779730537597,0.9918206767722179,0.9518165274827206,56.46405415098398,56.46405415098398,26.565573842590613,True
sustained,sigma=0.1,pos,True,4,10004,74.50471834678748,RHYTHMIC,3.386370695423173,True,,1.5423648506738525,0.7557162597175848,0.9976695163266805,0.9966135213549047,0.9545482781692692,74.5012881062115,74.5012881062115,20.133880072805592,True
sustained,sigma=0.1,pos,True,5,10005,23.565274017162864,WEAKLY_RHYTHMIC,1.7162613279118801,True,,7.901698162953324,0.6140403753723398,0.8813475996954961,0.8810924438328179,0.3689805686532493,23.56352547581884,23.56352547581884,63.657706973403336,True
sustained,sigma=0.1,pos,True,6,10006,20.66375182083338,RHYTHMIC,2.7099351635001425,True,,6.411214226818472,0.6709596976669711,0.9997315021332318,0.835875201663948,0.683974065400057,20.663302712511477,20.663302712511477,72.59246117958486,True
sustained,sigma=0.1,pos,True,7,10007,72.33861644769206,RHYTHMIC,3.4661729460057025,True,,2.012995233523905,0.8209381815790544,0.9999776258594455,0.998009652440538,0.986469178402281,72.34798335543795,72.34798335543795,20.733128007599873,True
sustained,sigma=0.1,pos,True,8,10008,46.01079273234549,RHYTHMIC,2.332672830575211,True,,3.084144646123319,0.6756525829126697,0.9998829187869486,0.999880068933001,0.5330691322300845,46.008730617796104,46.008730617796104,32.60250782532571,True
sustained,sigma=0.1,pos,True,9,10009,41.671557652114565,RHYTHMIC,2.008488389452639,True,,4.306158715007808,0.6632159145910935,0.9999490112277098,0.982725159680806,0.4033953557810555,41.67067386109899,41.67067386109899,35.996538116949,True
sustained,sigma=0.1,pos,True,10,10010,20.150961389413034,RHYTHMIC,3.3789855373799105,True,,7.681362468994048,0.7228484856175077,0.550871807784117,0.8326449380829686,0.9773033318903861,20.151887848813264,20.151887848813264,74.43471357391135,True
sustained,sigma=0.1,pos,True,11,10011,39.94060910536065,RHYTHMIC,3.4091121210205633,True,,3.1526786143799934,0.6481465604318949,0.9955908554324627,0.9961010677633567,0.9636448484082253,39.94013561404834,39.94013561404834,37.556206981740885,True
sustained,sigma=0.1,pos,True,12,10012,18.925519522378135,RHYTHMIC,3.425714149089944,True,,6.978868265049333,0.6636267744999074,0.8532069467101763,0.8915707383105108,0.9702856596359777,18.925698657191504,18.925698657191504,79.25731182610903,True
sustained,sigma=0.1,pos,True,13,10013,36.08147952839708,RHYTHMIC,2.0614211038536103,True,,5.142961832316778,0.6517670384415144,0.9873665081011845,0.9911280666416815,0.4245684415414442,36.083094844904544,36.083094844904544,41.570713555681095,True
sustained,sigma=0.1,pos,True,14,10014,20.133393332423395,RHYTHMIC,2.6893791453571754,True,,7.839160955477839,0.6404973846450616,0.6392584949947835,0.8520739242872948,0.6757516581428702,20.134491294879886,20.134491294879886,74.49902647311698,True
sustained,sigma=0.1,pos,True,15,10015,38.787956632051525,RHYTHMIC,3.4438808012448607,True,,3.704765457925009,0.8130859631551917,0.9806738285850057,0.9821377623181611,0.9775523204979443,38.780547128205015,38.780547128205015,38.679186114655224,True
sustained,sigma=0.1,pos,True,16,10016,19.63547279977716,WEAKLY_RHYTHMIC,1.0087267116094654,True,,9.70737774385693,0.7866570286556936,0.9759814571451422,0.8339645030421874,0.1008803537542744,19.635257987748556,19.635257987748556,76.3931902975722,True
sustained,sigma=0.1,pos,True,17,10017,48.069550587263606,RHYTHMIC,3.3965616005094694,True,,2.852451912642016,0.720132449443638,0.9969411185840691,0.9976793328735238,0.9586246402037878,48.065444497513674,48.065444497513674,31.207450917833327,True
sustained,sigma=0.1,pos,True,18,10018,35.91438654884636,RHYTHMIC,3.4151288456625197,True,,5.053453143574262,0.7771439391473639,0.9860691822711545,0.990627432640539,0.9660515382650079,35.91484429278208,35.91484429278208,41.76546020280143,True
sustained,sigma=0.1,pos,True,19,10019,54.6890122957283,RHYTHMIC,2.261225908246682,True,,2.8787326731405005,0.7484369640136354,0.9997273670487663,0.9943539036800134,0.5044903632986727,54.6901331435138,54.6901331435138,27.427250836340278,True
sustained,sigma=0.1,pos,True,20,10020,19.399969014460744,RHYTHMIC,3.159704041839791,True,,8.82039414129936,0.6107935056276076,0.8953150832493991,0.8433939844490548,0.8638816167359163,19.399970515006682,19.399970515006682,77.31970514283451,True
sustained,sigma=0.1,pos,True,21,10021,21.63720796266047,RHYTHMIC,3.4180583417287673,True,,8.403648878853206,0.6607598955683912,0.9851276946361661,0.8512713229531863,0.9672233366915071,21.636660319157905,21.636660319157905,69.32678046767893,True
sustained,sigma=0.1,pos,True,22,10022,59.55988010946524,RHYTHMIC,3.4405232935192056,True,,2.3582101868734187,0.5986316656526293,0.9968573479760712,0.9939149274867362,0.9762093174076824,59.55570371123392,59.55570371123392,25.18650450799823,True
sustained,sigma=0.1,pos,True,23,10023,53.57660040747691,RHYTHMIC,3.4376808450012537,True,,3.294616627497782,0.5977476152820649,0.9963348140177705,0.9912268645751177,0.9750723380005015,53.577759665955284,53.577759665955284,27.996691338946363,True
sustained,sigma=0.1,pos,True,24,10024,16.734046694595104,RHYTHMIC,3.1887056739601634,True,,8.829900996373079,0.6531740747144483,0.795314290390107,0.7660469858860571,0.9668719551756656,16.73458914137575,16.73458914137575,89.63470733149323,True
sustained,sigma=0.1,pos,True,25,10025,49.8733983479833,WEAKLY_RHYTHMIC,1.4082473642773556,True,,3.5932491799747814,0.5386315313484413,0.9902772013302804,0.995901928703951,0.16898953035989553,49.874374993161204,49.874374993161204,30.07556486082644,True
sustained,sigma=0.1,pos,True,26,10026,86.49861336484422,RHYTHMIC,3.3663836249600165,True,,2.2402595404182666,0.6843714254253114,0.9986754275934275,0.99784210081089,0.9465534499840066,86.49405863972062,86.49405863972062,17.342231635216105,True
sustained,sigma=0.1,pos,True,27,10027,26.23956524612526,RHYTHMIC,2.3530131274216863,True,,6.376529601203888,0.6870647332971309,0.9402198515895976,0.908208017070543,0.5412052509686746,26.24097417557522,26.24097417557522,57.162511954155335,True
sustained,sigma=0.1,pos,True,28,10028,25.25705488623183,RHYTHMIC,3.2263004355580946,True,,7.189440289153925,0.6822205643964007,0.9536077810190856,0.8907695620859603,0.8905201742232379,25.257290810055967,25.257290810055967,59.38879238001204,True
sustained,sigma=0.1,pos,True,29,10029,17.588987339459813,RHYTHMIC,2.9901029076518926,True,,7.644307894585548,0.6291185006813445,0.7908710864819308,0.7975404570605485,0.7960411630607571,17.589056685526934,17.589056685526934,85.28029824557149,True
sustained,sigma=0.1,pos,True,30,10030,25.970393581939984,RHYTHMIC,3.3675834008309966,True,,7.138142239216597,0.6560788032406363,0.9927607290836854,0.9932266537324155,0.9470333603323987,25.96856826410175,25.96856826410175,57.76213708606953,True
sustained,sigma=0.1,pos,True,31,10031,16.18038358996512,RHYTHMIC,2.9001657694880687,True,,11.097099562375492,0.6288457136124646,0.1696418676502402,0.665058019320824,0.9503965559679571,16.18021312842368,16.18021312842368,92.70582458304948,True
sustained,sigma=0.1,pos,True,32,10032,95.52985377620017,RHYTHMIC,2.653341885165699,True,,1.720991359053936,0.81106408961592,0.9993257236767755,0.9985670524013287,0.6613367540662798,95.54531825782189,95.54531825782189,15.699356361474063,True
sustained,sigma=0.1,pos,True,33,10033,19.791166018279547,RHYTHMIC,3.280415035265204,True,,9.618624327149309,0.645495055638231,0.6717607768001383,0.7981452623428213,0.9801492860662219,19.791656607757425,19.791656607757425,75.78951220344378,True
sustained,sigma=0.1,pos,True,34,10034,45.60804912550516,RHYTHMIC,3.454221307593461,True,,3.219280205297236,0.6822491216143826,0.9979518144013371,0.9856489411251582,0.9816885230373844,45.61495921467864,45.61495921467864,32.883949165459484,True
sustained,sigma=0.1,pos,True,35,10035,16.921597235030926,RHYTHMIC,3.352011991195603,True,,10.841752140832211,0.7140681814445508,0.7554705619606401,0.823204196918461,0.9796812338982022,16.92177998993196,16.92177998993196,88.64315697831215,True
sustained,sigma=0.1,pos,True,36,10036,18.62795392302024,RHYTHMIC,2.972002988326026,True,,8.736070067288583,0.738457437755056,0.9572237563925902,0.8115381662567136,0.7888011953304105,18.627736519807833,18.627736519807833,80.52508142387416,True
sustained,sigma=0.1,pos,True,37,10037,40.333402841526905,RHYTHMIC,2.9202877323387337,True,,3.3514062181160598,0.6847027400693272,0.9999820447210562,0.9792313466469056,0.7681150929354935,40.334363212600586,40.334363212600586,37.18913304998937,True
sustained,sigma=0.1,pos,True,38,10038,78.60254489336184,RHYTHMIC,2.917093228140931,True,,1.8815933757222556,0.619290125719983,0.9994775095563398,0.9981219763277396,0.7668372912563725,78.58815553864262,78.58815553864262,19.08684571764042,True
sustained,sigma=0.1,pos,True,39,10039,16.900659608573967,RHYTHMIC,2.7951513225209252,True,,10.674996655570618,0.8093779523195682,0.6221589073884705,0.7812510685349182,0.7180605290083703,16.899790765670925,16.899790765670925,88.75849534462859,True
sustained,sigma=0.1,pos,True,40,10040,30.741302559527885,RHYTHMIC,2.434642333476414,True,,4.560338072312559,0.6480153226343329,0.9787429841639198,0.9461143465476838,0.5738569333905656,30.738160723362867,30.738160723362867,48.799276362033886,True
sustained,sigma=0.1,pos,True,41,10041,47.87916532192194,RHYTHMIC,3.4664226905796958,True,,2.780751986924024,0.8316276350732104,0.9896624681111557,0.9954457148965181,0.9865690762318784,47.870999172576674,47.870999172576674,31.334211232826917,True
sustained,sigma=0.1,pos,True,42,10042,54.066909492249216,WEAKLY_RHYTHMIC,1.7183300817510394,True,,3.0903780958691844,0.6124909638156354,0.9981626306635322,0.9987509673735602,0.3550254873564903,54.06628666766161,54.06628666766161,27.743721502834173,True
sustained,sigma=0.1,pos,True,43,10043,66.81085506978714,RHYTHMIC,2.7654542317703177,True,,2.7926544992722464,0.7731275407586671,0.9966640290854939,0.9982452398412869,0.706181692708127,66.8044921084894,66.8044921084894,22.453579881484984,True
sustained,sigma=0.1,pos,True,44,10044,48.83984429901843,RHYTHMIC,3.416358520890188,True,,3.198184258620424,0.7152954067514564,0.9832136934046461,0.9941803736291212,0.9665434083560753,48.834924166201056,48.834924166201056,30.715722930069767,True
sustained,sigma=0.1,pos,True,45,10045,56.790875274794274,RHYTHMIC,2.244679501877382,True,,2.4622947618726623,0.5421264786772128,0.9948631884424646,0.9964812116445014,0.49787180075095294,56.800803321847496,56.800803321847496,26.408077215046177,True
sustained,sigma=0.1,pos,True,46,10046,40.41825126141793,RHYTHMIC,3.4216963468735195,True,,3.39392984875196,0.6448655257026571,0.9905598149488106,0.9731782235632768,0.9686785387494079,40.41639646956516,40.41639646956516,37.113650177337014,True
sustained,sigma=0.1,pos,True,47,10047,48.08917073109949,RHYTHMIC,3.4354133555503683,True,,2.8607126794728575,0.8596800042329789,0.9950541413941123,0.9969224626046789,0.9741653422201474,48.090363501666396,48.090363501666396,31.19128013969,True
sustained,sigma=0.1,pos,True,48,10048,45.14243350671457,RHYTHMIC,3.4524055748875684,True,,3.404545704351294,0.8090588471362422,0.9816638928824613,0.99323240585497,0.9809622299550274,45.14416898735847,45.14416898735847,33.226882533158125,True
sustained,sigma=0.1,pos,True,49,10049,43.05334766157131,RHYTHMIC,3.405334995258458,True,,4.458230375492391,0.6066807831058679,0.9970490529546127,0.9974921706735719,0.9621339981033834,43.053483804331776,43.053483804331776,34.84038613035722,True
sustained,sigma=0.2,pos,True,0,10050,28.037879392678,RHYTHMIC,2.6152722039618057,True,,6.502769668002875,0.6869524632486533,0.9902095694625521,0.9906527468004764,0.6461088815847223,28.043133084174762,28.043133084174762,53.48903046951186,True
sustained,sigma=0.2,pos,True,1,10051,23.046148207444222,RHYTHMIC,2.5672731290163573,True,,8.008192383593283,0.6127411612651497,0.9724945869479018,0.9726657201505896,0.626909251606543,23.048094338089207,23.048094338089207,65.08130251450355,True
sustained,sigma=0.2,pos,True,2,10052,41.63063770693103,RHYTHMIC,2.785481791928021,True,,4.258540613356095,0.6879181053271209,0.9985504844311562,0.9808480370540877,0.7141927167712083,41.631236729604176,41.631236729604176,36.0306375172694,True
sustained,sigma=0.2,pos,True,3,10053,34.427322332310695,WEAKLY_RHYTHMIC,1.6706098097196131,True,,3.6011267635313957,0.657864950651741,0.976632770191937,0.9499149278475496,0.30359131191756805,34.426744276516324,34.426744276516324,43.57077706657269,True
sustained,sigma=0.2,pos,True,4,10054,54.702603761745536,RHYTHMIC,2.5112959667367845,True,,2.8746680679636656,0.8754055156414818,0.9992112410475302,0.9943046250679893,0.6045183866947139,54.72072502640641,54.72072502640641,27.411917500657193,True
sustained,sigma=0.2,pos,True,5,10055,24.380004019694148,RHYTHMIC,2.9786542062202823,True,,5.390233849239646,0.8134327888968406,0.9804815399754443,0.8675850590521893,0.7914616824881129,24.377466564774355,24.377466564774355,61.53223494386872,True
sustained,sigma=0.2,pos,True,6,10056,32.3359807308465,RHYTHMIC,3.0429728819373487,True,,5.888844053076946,0.6653908822625986,0.999718080841716,0.952303839962217,0.8171891527749395,32.33776228161359,32.33776228161359,46.385398808279966,True
sustained,sigma=0.2,pos,True,7,10057,28.29728982596297,WEAKLY_RHYTHMIC,1.4621192247493116,True,,6.713113507700076,0.7834571060230787,0.9926347572949592,0.9263614825946542,0.1859148060337224,28.2963248022524,28.2963248022524,53.01041780099299,True
sustained,sigma=0.2,pos,True,8,10058,24.539827031844514,RHYTHMIC,2.230658464766192,True,,5.14515614566653,0.735778574249185,0.8448821218502215,0.8837451347852505,0.4922633859064766,24.53758716221143,24.53758716221143,61.13070490932547,True
sustained,sigma=0.2,pos,True,9,10059,25.36843162192556,RHYTHMIC,2.908907720383179,True,,7.348352534862754,0.5792569268202736,0.9900303204940434,0.8820476910327771,0.7635630881532716,25.36993726638475,25.36993726638475,59.12509693066939,True
sustained,sigma=0.2,pos,True,10,10060,35.73581100564408,RHYTHMIC,2.474141087707334,True,,4.921395628500708,0.5725687748212959,0.9881091023570052,0.9687107384513813,0.5896564350829336,35.742240847547436,35.742240847547436,41.96715047604317,True
sustained,sigma=0.2,pos,True,11,10061,44.77538024635438,RHYTHMIC,3.044395083682106,True,,3.5912270434192637,0.6688548413204162,0.9891934203665538,0.989509965112662,0.8177580334728425,44.77906712590563,44.77906712590563,33.497794757144874,True
sustained,sigma=0.2,pos,True,12,10062,75.72059643322092,RHYTHMIC,2.0532929503185144,True,,1.6117401060653842,0.5758619426310836,0.9993357931293483,0.9982204130839981,0.42131718012740577,75.76590562681803,75.76590562681803,19.79782314472938,True
sustained,sigma=0.2,pos,True,13,10063,24.05532902428193,RHYTHMIC,3.3318241716743566,True,,6.104773051933143,0.7794161045241144,0.9684497603449036,0.9707503332454133,0.9327296686697427,24.05409821173076,24.05409821173076,62.359436084304185,True
sustained,sigma=0.2,pos,True,14,10064,94.6216481071188,RHYTHMIC,2.0605927410095033,True,,1.7736573687813204,0.6653317751028119,0.9998768744692673,0.9990121731269294,0.4242370964038013,94.68160526621367,94.68160526621367,15.842570431526708,True
sustained,sigma=0.2,pos,True,15,10065,22.46188742960507,WEAKLY_RHYTHMIC,1.6533083946896117,True,,5.848657437890891,0.7648336803809282,0.781593454726504,0.8820618112371317,0.2884407884940604,22.459549904127655,22.459549904127655,66.78673465866417,True
sustained,sigma=0.2,pos,True,16,10066,25.711604402508428,RHYTHMIC,3.1913642455924185,True,,7.494361378884921,0.6247505101254357,0.9821928620756664,0.8996928330072361,0.8765456982369674,25.7119954751227,25.7119954751227,58.33852924605969,True
sustained,sigma=0.2,pos,True,17,10067,49.88848118023195,WEAKLY_RHYTHMIC,1.7219157149045712,True,,3.588974670795356,0.6578872684387357,0.9916019598785422,0.9961499247610901,0.3596032043510963,49.878740581444895,49.878740581444895,30.072932526247595,True
sustained,sigma=0.2,pos,True,18,10068,73.82621502020021,RHYTHMIC,2.020338457680054,True,,1.500446195572096,0.658815511710425,0.9980809667451669,0.9987894230587291,0.40813538307202163,73.79706243168546,73.79706243168546,20.326012317747228,True
sustained,sigma=0.2,pos,True,19,10069,92.3014290465138,WEAKLY_RHYTHMIC,1.6470183898723794,True,,1.9610761687456104,0.7166241969949543,0.9998393772697433,0.9990198010623936,0.28330087781016394,92.37035282182383,92.37035282182383,16.238976621572494,True
sustained,sigma=0.2,pos,True,20,10070,19.923581721892255,RHYTHMIC,2.501225545741044,True,,9.228559866825362,0.561884482270892,0.8740266455615434,0.9086383743322649,0.6004902182964178,19.925686761555923,19.925686761555923,75.27971396670047,True
sustained,sigma=0.2,pos,True,21,10071,36.315297216405476,RHYTHMIC,3.1609120072302,True,,5.237724828833168,0.692620689032916,0.9990255274152822,0.970854104695051,0.8643648028920802,36.31431412504958,36.31431412504958,41.306025905781915,True
sustained,sigma=0.2,pos,True,22,10072,27.34979255173835,WEAKLY_RHYTHMIC,1.468496107863775,True,,4.93813370556655,0.7003167363564975,0.9980993313904295,0.9112139299955043,0.18814537669344086,27.349732202512648,27.349732202512648,54.845143963135165,True
sustained,sigma=0.2,pos,True,23,10073,80.48894879504195,RHYTHMIC,2.4813573244482137,True,,2.0752060855467556,0.6791622737180265,0.9974915359825,0.9973735004012371,0.5925429297792855,80.49343156922575,80.49343156922575,18.635060908168313,True
sustained,sigma=0.2,pos,True,24,10074,66.94653562840853,RHYTHMIC,2.0123002581461815,True,,2.795532378956756,0.5368072860406802,0.9994831547359512,0.9994810326551677,0.4049201032584727,66.9470786822859,66.9470786822859,22.40575734631566,True
sustained,sigma=0.2,pos,True,25,10075,27.835122167797675,RHYTHMIC,2.9514406338289065,True,,6.143051125942794,0.5766544010462644,0.8506532921702877,0.9456096904931703,0.7805762535315627,27.83708866645894,27.83708866645894,53.88494529628589,True
sustained,sigma=0.2,pos,True,26,10076,53.581095779921384,RHYTHMIC,2.400306844901851,True,,3.2810583654413734,0.6577374098681569,0.9970918643191693,0.9916709940050122,0.5601227379607406,53.5770061970826,53.5770061970826,27.997085064481983,True
sustained,sigma=0.2,pos,True,27,10077,34.88544141027253,WEAKLY_RHYTHMIC,1.7436251823412041,True,,3.93142067795118,0.803727797924281,0.9687205645649742,0.9852788683200201,0.3900539097919048,34.88853786388915,34.88853786388915,42.99406314623899,True
sustained,sigma=0.2,pos,True,28,10078,48.171099005337666,WEAKLY_RHYTHMIC,1.636534049854615,True,,2.895899575989289,0.5755345736903065,0.9830817132143352,0.9939201273522402,0.2751289356265708,48.15629461860652,48.15629461860652,31.14857594173023,True
sustained,sigma=0.2,pos,True,29,10079,23.407952841551477,RHYTHMIC,3.153960694414472,True,,8.201960090009003,0.6704264471568939,0.9356212941240073,0.8772094710525279,0.8615842777657888,23.408023021753216,23.408023021753216,64.08059316269645,True
sustained,sigma=0.2,pos,True,30,10080,24.597114283638415,WEAKLY_RHYTHMIC,1.3894770439255777,True,,5.2491070557987705,0.731773144983188,0.9553163496581158,0.871797434893599,0.16379400480366224,24.596644821699964,24.596644821699964,60.98392731502351,True
sustained,sigma=0.2,pos,True,31,10081,75.51806958940347,WEAKLY_RHYTHMIC,1.6902984451467957,True,,1.6046970592750798,0.6710684708843209,0.9979201977239135,0.996974173639123,0.32289150129517147,75.52097644450227,75.52097644450227,19.86203132718097,True
sustained,sigma=0.2,pos,True,32,10082,46.08505849289748,RHYTHMIC,2.659211845620386,True,,3.0691320011703334,0.675391532780311,0.9960896447498373,0.996594219746493,0.6636847382481544,46.07037251387329,46.07037251387329,32.558885855509445,True
sustained,sigma=0.2,pos,True,33,10083,33.44756569454467,RHYTHMIC,2.0474324350052333,True,,4.463952386942042,0.569790538376139,0.9612623436535621,0.9420960619300794,0.4189729740020934,33.449893440710106,33.449893440710106,44.84319218112751,True
sustained,sigma=0.2,pos,True,34,10084,17.143492931939928,RHYTHMIC,2.2331040455728832,True,,11.071788191627608,0.6581482153581122,0.324979710951244,0.7295688080791958,0.4932416182291532,17.145050262008887,17.145050262008887,87.48880738622255,True
sustained,sigma=0.2,pos,True,35,10085,37.0709927361118,WEAKLY_RHYTHMIC,1.7364073143667969,True,,5.136905886164346,0.6887484798737544,0.9904083098533125,0.9923680365965015,0.3793731975520476,37.067879373371056,37.067879373371056,40.46630196702255,True
sustained,sigma=0.2,pos,True,36,10086,41.683584213920284,RHYTHMIC,2.057094437784344,True,,4.279989786533644,0.7004162791900072,0.9994413217047343,0.9827770621612577,0.42283777511373766,41.68270023885947,41.68270023885947,35.98615232229118,True
sustained,sigma=0.2,pos,True,37,10087,23.186531372808563,RHYTHMIC,3.330860241583413,True,,8.214811653009287,0.6458257173846308,0.769487684884548,0.8830355833530549,0.9323440966333653,23.191109178951457,23.191109178951457,64.67995939415519,True
sustained,sigma=0.2,pos,True,38,10088,49.755016507784944,RHYTHMIC,2.8652454233819222,True,,3.5601370722760173,0.7726859920081285,0.9953616752728958,0.9916452036048398,0.746098169352769,49.76153334445391,49.76153334445391,30.14376565964843,True
sustained,sigma=0.2,pos,True,39,10089,55.18665839229589,WEAKLY_RHYTHMIC,1.74404706812797,True,,2.742783103776136,0.6278095358390495,0.9900020153427203,0.9961649487777166,0.3906968334709192,55.1790981522544,55.1790981522544,27.18420652438148,True
sustained,sigma=0.2,pos,True,40,10090,25.65576160405672,RHYTHMIC,3.2036701793427618,True,,7.495091711321316,0.8189712103610473,0.9988895720397519,0.8952519052337724,0.8814680717371047,25.6569311027984,25.6569311027984,58.463734185122206,True
sustained,sigma=0.2,pos,True,41,10091,27.969877103712314,RHYTHMIC,2.167333382080674,True,,6.361701149320446,0.6716725004056432,0.9937559029846238,0.9941164722775605,0.4669333528322697,27.963387092855076,27.963387092855076,53.64157049427195,True
sustained,sigma=0.2,pos,True,42,10092,17.12336949653297,ARRHYTHMIC,0.0,True,,11.177059528189105,0.6509994051287825,0.4679207730034044,0.7503123144623779,-0.18144205769997077,17.124628569344335,17.124628569344335,87.5931407169453,True
sustained,sigma=0.2,pos,True,43,10093,78.1274195506819,RHYTHMIC,2.166598296791193,True,,1.8220779037065722,0.7128772574600011,0.9984880097679549,0.999318276063556,0.46663931871647735,78.15144704661947,78.15144704661947,19.193502573345945,True
sustained,sigma=0.2,pos,True,44,10094,20.620188018523393,RHYTHMIC,3.3086715081702978,True,,6.284731378611972,0.6801060347329128,0.957811683862017,0.847749082555028,0.9234686032681192,20.620711480859427,20.620711480859427,72.7423979231915,True
sustained,sigma=0.2,pos,True,45,10095,54.20635909936585,RHYTHMIC,3.0243773441419557,True,,3.036043470703382,0.7036866850390661,0.9931369720233983,0.9957794232228897,0.8097509376567824,54.21015457183804,54.21015457183804,27.67009265786606,True
sustained,sigma=0.2,pos,True,46,10096,36.21862993243266,RHYTHMIC,3.377989544164935,True,,5.180883132360549,0.7262726508998326,0.9755014159817995,0.9767127599255492,0.951195817665974,36.22480197516079,36.22480197516079,41.408093853171216,True
sustained,sigma=0.2,pos,True,47,10097,42.006256520507606,RHYTHMIC,2.882596469694347,True,,4.428865623189464,0.5595379780092815,0.9997583216886247,0.9996175469141972,0.7530385878777387,41.99490525832787,41.99490525832787,35.718618503194264,True
sustained,sigma=0.2,pos,True,48,10098,41.9654421315033,RHYTHMIC,3.0562857408233124,True,,4.381246349123141,0.8057127438067242,0.9984376828286252,0.9986152441383919,0.8225142963293249,41.96280270143864,41.96280270143864,35.745944108460954,True
sustained,sigma=0.2,pos,True,49,10099,50.95285650247604,RHYTHMIC,2.3699189832991,True,,3.743196708523535,0.8772650799192392,0.9985063398735292,0.998783741439599,0.54796759331964,50.946297702661134,50.946297702661134,29.44276753444341,True
sustained,sigma=0.3,pos,True,0,10100,27.210813101353374,ARRHYTHMIC,0.4200529113546019,True,,4.734227827708796,0.8126999826699277,0.9061627707391962,0.9314690972267732,0.08401058227092038,27.20934983532193,27.20934983532193,55.128108869869756,True
sustained,sigma=0.3,pos,True,1,10101,20.22682725587591,RHYTHMIC,2.1575578240321436,True,,7.2123149626664,0.7627505575190757,0.787073214168171,0.7955379922436936,0.46302312961285735,20.22853687828202,20.22853687828202,74.15266902523464,True
sustained,sigma=0.3,pos,True,2,10102,43.122303607407844,ARRHYTHMIC,0.07424165709487343,True,,4.444625467485594,0.6577026308141962,0.98649606039665,0.9935606767552854,0.014848331418974688,43.11386085645142,43.11386085645142,34.79159532926741,True
sustained,sigma=0.3,pos,True,3,10103,37.82606684520741,WEAKLY_RHYTHMIC,1.5879758559699495,True,,4.525366163935848,0.5772914016274281,0.9562664048985308,0.9833352537848106,0.24270422364546343,37.8274304845008,37.8274304845008,39.65376396936613,True
sustained,sigma=0.3,pos,True,4,10104,74.68978389565055,WEAKLY_RHYTHMIC,1.2147149211852637,True,,1.5560210462013817,0.5406742253173028,0.9993081606138758,0.9981450078412089,0.12734228969552586,74.73968121018609,74.73968121018609,20.069660128488326,True
sustained,sigma=0.3,pos,True,5,10105,18.9164693538734,RHYTHMIC,2.548777657035039,True,,7.027788400202409,0.6339946339716586,0.8186358620193637,0.8762144545064625,0.6195110628140157,18.913897009213013,18.913897009213013,79.30676577488741,True
sustained,sigma=0.3,pos,True,6,10106,35.45567781310801,WEAKLY_RHYTHMIC,1.4678742175120507,True,,4.603523105066529,0.5693239976609311,0.9658634846235287,0.9517112511136381,0.1879254929773388,35.463466362234826,35.463466362234826,42.29704972093071,True
sustained,sigma=0.3,pos,True,7,10107,53.4591334810751,ARRHYTHMIC,0.0,True,,3.3633907944198786,0.691048070901544,0.9925827423335748,0.9897600656012597,-0.0900676485629749,53.479735056398596,53.479735056398596,28.04800731376346,True
sustained,sigma=0.3,pos,True,8,10108,66.83942603357016,WEAKLY_RHYTHMIC,1.372919784963838,True,,2.800151729636237,0.6991946038024642,0.996711147028325,0.9985069150821492,0.15946923153082299,66.84693449298067,66.84693449298067,22.43932367844795,True
sustained,sigma=0.3,pos,True,9,10109,28.158613099110042,RHYTHMIC,2.401628321922423,True,,6.651463049852906,0.5855006063637181,0.8655151452590867,0.9503429986304612,0.5606513287689693,28.155102240263826,28.155102240263826,53.276311597082106,True
sustained,sigma=0.3,pos,True,10,10110,21.819130981954316,WEAKLY_RHYTHMIC,1.6912347865311712,True,,7.314340352187058,0.6330507100149844,0.652398609016253,0.8586901636525484,0.3238706811449,21.818194388128976,21.818194388128976,68.74996039159558,True
sustained,sigma=0.3,pos,True,11,10111,41.29431877389159,WEAKLY_RHYTHMIC,1.4025334533549307,True,,4.032524362416291,0.5571786019837122,0.9970425612296907,0.9817653722127441,0.16737338778468205,41.30247324813377,41.30247324813377,36.31743772312174,True
sustained,sigma=0.3,pos,True,12,10112,25.737175670724458,WEAKLY_RHYTHMIC,1.6602495234098429,True,,7.503766205948167,0.714470215063723,0.9590685889750523,0.8983993619388553,0.2943336562869067,25.741014550007613,25.741014550007613,58.272761436264226,True
sustained,sigma=0.3,pos,True,13,10113,34.67695513820777,WEAKLY_RHYTHMIC,1.7409784051028838,True,,3.7624345107916852,0.7646683572899561,0.9988871589682368,0.9651704912839429,0.395479595836775,34.67364546377261,34.67364546377261,43.26052193061776,True
sustained,sigma=0.3,pos,True,14,10114,65.71287956797262,WEAKLY_RHYTHMIC,1.6931171810496943,True,,2.9277135011021023,0.7338300725100583,0.9995907049861319,0.9972243384455508,0.32585727784321883,65.6943188806974,65.6943188806974,22.83302461395542,True
sustained,sigma=0.3,pos,True,15,10115,41.90956001623353,WEAKLY_RHYTHMIC,1.1713781387310152,True,,4.388805910253788,0.5318558445267331,0.9919768631070174,0.9947972624723181,0.12068230959638933,41.908638650746724,41.908638650746724,35.79214329772254,True
sustained,sigma=0.3,pos,True,16,10116,30.979809829176197,RHYTHMIC,2.4385172832775424,True,,4.9163176808092395,0.666585649751488,0.9973827974232646,0.9975912016905927,0.575406913311017,30.978295973352168,30.978295973352168,48.42099776212076,True
sustained,sigma=0.3,pos,True,17,10117,23.2016892929309,WEAKLY_RHYTHMIC,1.5746047748242398,True,,8.178292291297414,0.7388250107980134,0.8102466351700246,0.8775700381607319,0.23507551115244207,23.2059561306862,23.2059561306862,64.63857776652813,True
sustained,sigma=0.3,pos,True,18,10118,47.34168604907884,RHYTHMIC,2.015748435442628,True,,2.6202970902574068,0.4993772297186245,0.9996640881102389,0.9895307308399636,0.4062993741770513,47.326081821332764,47.326081821332764,31.694996548897866,True
sustained,sigma=0.3,pos,True,19,10119,30.93258302751669,RHYTHMIC,2.180472336485775,True,,4.860311331776447,0.6466740587122789,0.9807678307510774,0.9851579736824503,0.47218893459431,30.930551703934327,30.930551703934327,48.49574021045353,True
sustained,sigma=0.3,pos,True,20,10120,31.022349653362117,RHYTHMIC,2.221474412739557,True,,5.016598419198483,0.7464160487182362,0.9971171347758816,0.9974558504008686,0.4885897650958229,31.02241656817724,31.02241656817724,48.35213261686062,True
sustained,sigma=0.3,pos,True,21,10121,60.98257758587665,WEAKLY_RHYTHMIC,1.5203017978068967,True,,2.705293128775523,0.5430357867079917,0.999340668722185,0.9994578700196166,0.20846440437511762,60.974234125502434,60.974234125502434,24.600554996928217,True
sustained,sigma=0.3,pos,True,22,10122,78.42116103202187,ARRHYTHMIC,0.14330143131887152,True,,1.8754362241261964,0.6951667632692402,0.9992220387055853,0.9978210450804412,0.028660286263774305,78.43372720550488,78.43372720550488,19.124425848969757,True
sustained,sigma=0.3,pos,True,23,10123,29.73266830252163,RHYTHMIC,2.2732105346815605,True,,4.7982547778277915,0.8237105942554723,0.9817536017166572,0.9393613150551522,0.5092842138726242,29.732431598692372,29.732431598692372,50.44996050931703,True
sustained,sigma=0.3,pos,True,24,10124,23.273098803905693,RHYTHMIC,2.8093758949363403,True,,8.172808571960921,0.6934998042809921,0.9602724720048332,0.8591048046805767,0.7237503579745361,23.274407179462628,23.274407179462628,64.4484728841387,True
sustained,sigma=0.3,pos,True,25,10125,99.95650861624891,ARRHYTHMIC,0.1717632871832534,True,,1.525163936234016,0.7301632452721857,0.9997673392723031,0.9997208379550049,0.03435265743665068,99.89961878265233,99.89961878265233,15.015072312372794,True
sustained,sigma=0.3,pos,True,26,10126,25.823420277616922,WEAKLY_RHYTHMIC,1.6956590204259825,True,,7.3191666267815245,0.5609454506059177,0.8190050310852988,0.9252803787040866,0.3285788201771868,25.819626355561226,25.819626355561226,58.0953410922199,True
sustained,sigma=0.3,pos,True,27,10127,34.785606915544236,ARRHYTHMIC,0.29822442582505615,True,,3.8215411098581025,0.6102271166841003,0.9670162094298846,0.9723874697677438,0.05964488516501123,34.78479408070562,34.78479408070562,43.1222906342291,True
sustained,sigma=0.3,pos,True,28,10128,28.150388530108614,WEAKLY_RHYTHMIC,1.7017200509716772,True,,6.60584751739649,0.599605661206057,0.887558467350564,0.9551121138329167,0.3352555219543257,28.150092298904873,28.150092298904873,53.28579331366365,True
sustained,sigma=0.3,pos,True,29,10129,49.69011229791824,RHYTHMIC,2.2582939087319525,True,,3.5570169926791797,0.8007535435617442,0.9994102379695604,0.9908567512539601,0.503317563492781,49.671956634535675,49.671956634535675,30.19812589699934,True
sustained,sigma=0.3,pos,True,30,10130,49.03425152452794,WEAKLY_RHYTHMIC,1.7187411184594936,True,,3.3098114527449387,0.6309714867509961,0.9982852609264466,0.9988349381246365,0.35554432788853346,49.03993237608388,49.03993237608388,30.58731787182337,True
sustained,sigma=0.3,pos,True,31,10131,42.50448168901843,RHYTHMIC,2.0906601765140556,True,,4.501629788167238,0.7161399966878629,0.9718254241687154,0.9683133436346051,0.43626407060562233,42.49780461277878,42.49780461277878,35.29594090017913,True
sustained,sigma=0.3,pos,True,32,10132,25.814125203845137,RHYTHMIC,3.1739430817386074,True,,7.341827060017299,0.745006004378055,0.8345888247272983,0.9245022312704775,0.869577232695443,25.81844343524014,25.81844343524014,58.09800283903321,True
sustained,sigma=0.3,pos,True,33,10133,71.98336335213305,RHYTHMIC,2.1853787030948792,True,,2.039634416082917,0.559595581947865,0.999925608973391,0.9998829610068354,0.47415148123795176,71.97819110335024,71.97819110335024,20.83964568998709,True
sustained,sigma=0.3,pos,True,34,10134,27.474941090725984,WEAKLY_RHYTHMIC,1.397898464767187,True,,5.137358601471432,0.5199670856582633,0.88507593683675,0.886357881998196,0.16608494439618604,27.475973873115613,27.475973873115613,54.593151344771925,True
sustained,sigma=0.3,pos,True,35,10135,31.516016453507948,RHYTHMIC,2.700258488596279,True,,5.768604781108909,0.7933034829132811,0.9207206434916886,0.9218752164990439,0.6801033954385116,31.506559250587422,31.506559250587422,47.60913396063816,True
sustained,sigma=0.3,pos,True,36,10136,18.25797436441688,RHYTHMIC,2.796959285386498,True,,10.453133222390539,0.6356295075259901,0.8317465840422505,0.7640296535108353,0.7187837141545993,18.25902271586917,18.25902271586917,82.15116566432273,True
sustained,sigma=0.3,pos,True,37,10137,38.13247256574769,RHYTHMIC,2.167414196417244,True,,4.214159651203704,0.7029198175813279,0.9719812741965759,0.9883690885734557,0.4669656785668977,38.13178441017906,38.13178441017906,39.33726216073916,True
sustained,sigma=0.3,pos,True,38,10138,31.412882961256656,RHYTHMIC,2.4099261618364274,True,,5.677539532527993,0.5626855317546331,0.97778094415437,0.9361167855894275,0.563970464734571,31.4168996086739,31.4168996086739,47.745004080092755,True
sustained,sigma=0.3,pos,True,39,10139,22.27804532017776,WEAKLY_RHYTHMIC,1.6732838452968128,True,,5.389361590047404,0.6086278302084224,0.9540555338245406,0.8354491421598942,0.30607608029314415,22.278856697159526,22.278856697159526,67.3284100880834,True
sustained,sigma=0.3,pos,True,40,10140,28.379301842501285,RHYTHMIC,2.478755349366348,True,,6.699778462437631,0.651752007512801,0.9900199576093025,0.9156861987026236,0.5915021397465391,28.371777740268293,28.371777740268293,52.86943996713459,True
sustained,sigma=0.3,pos,True,41,10141,84.74815518957134,WEAKLY_RHYTHMIC,1.2372274062214963,True,,2.2346050725077746,0.49408995431949515,0.9991556687341105,0.9984226541016339,0.1311006724882912,84.69708953874283,84.69708953874283,17.71017172099943,True
sustained,sigma=0.3,pos,True,42,10142,87.28382207558677,ARRHYTHMIC,0.0,True,,2.226228092718578,0.7115442981214353,0.9994775907851277,0.9986289439024668,-0.08563752261252484,87.32650971637797,87.32650971637797,17.17691460327169,True
sustained,sigma=0.3,pos,True,43,10143,26.745125457542777,RHYTHMIC,2.4575254331864924,True,,5.167300137233654,0.7434184098518012,0.9612212465303371,0.9102652787821507,0.583010173274597,26.73948676684041,26.73948676684041,56.096813416035616,True
sustained,sigma=0.3,pos,True,44,10144,25.288925376181208,WEAKLY_RHYTHMIC,1.6755807073085378,True,,7.2015997481048295,0.5627061357362534,0.9805066176053253,0.8909898640608047,0.3082430738639969,25.28733029515348,25.28733029515348,59.31824287071882,True
sustained,sigma=0.3,pos,True,45,10145,98.92711550597248,ARRHYTHMIC,0.45799440230868943,True,,1.554034952131082,0.6881070345972049,0.9998097148748194,0.9998369223647355,0.09159888046173789,98.96598972515493,98.96598972515493,15.156722063465947,True
sustained,sigma=0.3,pos,True,46,10146,91.3897010304083,ARRHYTHMIC,0.0,True,,2.0185923179461445,0.6804614976283215,0.999948721617871,0.9988551145060991,-0.2343265074990997,91.38308452751939,91.38308452751939,16.414416385214984,True
sustained,sigma=0.3,pos,True,47,10147,27.560512745630422,WEAKLY_RHYTHMIC,1.6998229688059037,True,,5.404784844469796,0.6333287435155164,0.9270991552086237,0.9004067489527776,0.33313674801234,27.560160004246995,27.560160004246995,54.42638938848147,True
sustained,sigma=0.3,pos,True,48,10148,37.38192212346712,RHYTHMIC,2.0924549441414757,True,,4.991460081347731,0.5805626830138902,0.9944254072676786,0.9672706382774555,0.4369819776565903,37.390302529566355,37.390302529566355,40.11735392656628,True
sustained,sigma=0.3,pos,True,49,10149,96.50875663576215,ARRHYTHMIC,0.0,True,,1.6612018619263065,0.6554708524452996,0.9980900895374069,0.9977220417726116,-0.12485237672738232,96.5038527900227,96.5038527900227,15.543420875265628,True
sustained,sigma=0.5,pos,True,0,10150,27.444541917761757,ARRHYTHMIC,0.20348825033395732,True,,5.144928150022414,0.5832020215077545,0.9307014801865489,0.8959236045180307,0.04069765006679146,27.44078572360437,27.44078572360437,54.66315779397346,True
sustained,sigma=0.5,pos,True,1,10151,37.15716677678971,WEAKLY_RHYTHMIC,1.1863007833084702,True,,5.113980107294101,0.6092280834377815,0.9550973463483096,0.982655459729834,0.12289553430639423,37.150929904488635,37.150929904488635,40.37583995491772,True
sustained,sigma=0.5,pos,True,2,10152,30.270865820882616,WEAKLY_RHYTHMIC,1.613662652255885,True,,4.0542367595217055,0.5557191473378179,0.9839848449130338,0.9412514727067931,0.2588411412562515,30.27036106789721,30.27036106789721,49.55342278988549,True
sustained,sigma=0.5,pos,True,3,10153,65.58505012432707,WEAKLY_RHYTHMIC,1.4228473928829823,True,,2.9310716967789454,0.6824957647480038,0.9980610020317452,0.9958418412613279,0.17326439968714377,65.58044062881842,65.58044062881842,22.872673401051312,True
sustained,sigma=0.5,pos,True,4,10154,96.85844966273983,WEAKLY_RHYTHMIC,1.3244194107451706,True,,1.6498994873431507,0.6018355597245882,0.9985411983149145,0.9992855823018313,0.1480208306610774,96.78579089997938,96.78579089997938,15.498142713429226,True
sustained,sigma=0.5,pos,True,5,10155,24.686217143106525,WEAKLY_RHYTHMIC,1.1472388439630188,True,,5.381920500877243,0.5737110687253029,0.9944018230518726,0.882222703435658,0.11726612931659305,24.69167772147864,24.69167772147864,60.749213436201195,True
sustained,sigma=0.5,pos,True,6,10156,16.02581337591666,WEAKLY_RHYTHMIC,1.6234611760957687,True,,11.807131591939205,0.5376010195053206,0.9673899777170151,0.9695022999551363,0.2655768639290007,16.02092828006729,16.02092828006729,93.6275335472446,True
sustained,sigma=0.5,pos,True,7,10157,58.59945301272546,ARRHYTHMIC,0.0,True,,2.18379793511676,0.6249488539465896,0.9993617355521515,0.9948612413535711,-0.048068092153138654,58.64776490988356,58.64776490988356,25.576422261016358,True
sustained,sigma=0.5,pos,True,8,10158,26.975526078505037,WEAKLY_RHYTHMIC,1.4669621085553204,True,,4.429960272001877,0.40896639377405786,0.9911468126813913,0.9917750291773816,0.18760392385796895,26.96517567444025,26.96517567444025,55.62730308565428,True
sustained,sigma=0.5,pos,True,9,10159,19.25547803572718,WEAKLY_RHYTHMIC,1.0511554095889517,True,,7.766693263553846,0.552824321973376,0.8503134620952795,0.7591649799657921,0.10539133701197481,19.252689858406427,19.252689858406427,77.91119116506441,True
sustained,sigma=0.5,pos,True,10,10160,33.226013551815115,WEAKLY_RHYTHMIC,1.2825294580894262,True,,4.720850018101415,0.5685352181712569,0.9652174803790543,0.9649517920257236,0.13937854470471636,33.21738364379999,33.21738364379999,45.15707847688884,True
sustained,sigma=0.5,pos,True,11,10161,80.98082543957538,ARRHYTHMIC,0.0,True,,2.0959004789015316,0.5948399788026449,0.9986781152399443,0.9991295754986802,-0.4199511454001016,80.8791832016665,80.8791832016665,18.546181361152676,True
sustained,sigma=0.5,pos,True,12,10162,43.39051826120942,ARRHYTHMIC,0.2822148336564668,True,,4.328486030402513,0.5676806500318217,0.9953099879943497,0.9813219972403415,0.05644296673129336,43.386113063254015,43.386113063254015,34.5732745824246,True
sustained,sigma=0.5,pos,True,13,10163,43.105055999047465,ARRHYTHMIC,0.3513739370801972,True,,4.421326947499607,0.4824388042221108,0.9892338635886154,0.9939904811087807,0.07027478741603944,43.09280383701157,43.09280383701157,34.80859601694516,True
sustained,sigma=0.5,pos,True,14,10164,17.3794138029958,WEAKLY_RHYTHMIC,1.6118123094676677,True,,9.065125467051393,0.5660018770714726,0.9237293692734151,0.7742176814674986,0.2576073441763888,17.37975072215554,17.37975072215554,86.30733685310081,True
sustained,sigma=0.5,pos,True,15,10165,44.741438664603685,ARRHYTHMIC,0.3546340276990548,True,,3.6095267844876457,0.6130143551093857,0.9940148124205898,0.9870736339530211,0.07092680553981096,44.74356781482821,44.74356781482821,33.52437173110039,True
sustained,sigma=0.5,pos,True,16,10166,51.88810678996594,WEAKLY_RHYTHMIC,1.3243716832430628,True,,3.7094421099981036,0.49668635351200735,0.9921108546597366,0.9961043922860744,0.14801037422470234,51.87481500178296,51.87481500178296,28.915765770893724,True
sustained,sigma=0.5,pos,True,17,10167,44.54177445991352,WEAKLY_RHYTHMIC,1.5041345451570938,True,,3.701058532203593,0.516472264855954,0.9858049630890156,0.9791575694154536,0.20166760766119662,44.53957843173695,44.53957843173695,33.67791193396581,True
sustained,sigma=0.5,pos,True,18,10168,30.29711998887871,WEAKLY_RHYTHMIC,1.6315046391590269,True,,4.0452608805713615,0.5116657533476616,0.9905448695928668,0.942367726911755,0.2713738370322543,30.28957335600549,30.28957335600549,49.52199168901784,True
sustained,sigma=0.5,pos,True,19,10169,31.533340989574263,WEAKLY_RHYTHMIC,1.729591770517791,True,,5.865644168849753,0.6483103460912271,0.9271703762405837,0.924528075490573,0.3860275401944323,31.518167033939925,31.518167033939925,47.59160005671474,True
sustained,sigma=0.5,pos,True,20,10170,56.591405089945674,ARRHYTHMIC,0.26131145264771616,True,,2.473264519293182,0.5009120964619981,0.9940130634601368,0.9912700994367333,0.05226229052954323,56.55622300479377,56.55622300479377,26.52228031339466,True
sustained,sigma=0.5,pos,True,21,10171,21.08180182731348,WEAKLY_RHYTHMIC,1.3100652392585523,True,,8.401094176160857,0.6283071657056573,0.877796666980647,0.9167702190179489,0.1449412403754431,21.082814891895094,21.082814891895094,71.14799459614133,True
sustained,sigma=0.5,pos,True,22,10172,93.41494593665284,ARRHYTHMIC,0.0,True,,1.8385373635377098,0.5920960465525125,0.9995960214717244,0.9983744188896284,-0.19104550300995427,93.2910019132956,93.2910019132956,16.078721090315824,True
sustained,sigma=0.5,pos,True,23,10173,51.75865979579543,WEAKLY_RHYTHMIC,1.3388366352844718,True,,3.762314723338326,0.4577233232451247,0.9934097380492035,0.9932116725671948,0.15124854965765677,51.77718568838952,51.77718568838952,28.970288362667013,True
sustained,sigma=0.5,pos,True,24,10174,31.778768696459625,WEAKLY_RHYTHMIC,1.698270104478913,True,,5.844825754161706,0.5141245117091867,0.9570487646559016,0.9608987745251296,0.33142224713033547,31.78251108091913,31.78251108091913,47.1957673885792,True
sustained,sigma=0.5,pos,True,25,10175,73.20847937646937,WEAKLY_RHYTHMIC,1.361496234730918,True,,1.957582072508165,0.4999442907559791,0.9978322981326906,0.9984651712376099,0.156616147686862,73.22075452766364,73.22075452766364,20.485994847721525,True
sustained,sigma=0.5,pos,True,26,10176,98.75820450416771,ARRHYTHMIC,0.0,True,,1.5657494407061707,0.5684727669457732,0.99889582225762,0.9992916087682657,-0.04221175146030501,98.78588748330853,98.78588748330853,15.184355156534371,True
sustained,sigma=0.5,pos,True,27,10177,20.636829438879097,WEAKLY_RHYTHMIC,1.675632166352892,True,,6.2945768860687785,0.61117404851994,0.9821928329784807,0.8404408438867478,0.308291974810282,20.63638695188183,20.63638695188183,72.68714254571657,True
sustained,sigma=0.5,pos,True,28,10178,18.084779785343695,WEAKLY_RHYTHMIC,1.687860911413621,True,,9.779622156858567,0.4930477062857441,0.7735334227095098,0.848400248762118,0.320370000607363,18.083864720432747,18.083864720432747,82.9468713236484,True
sustained,sigma=0.5,pos,True,29,10179,60.054449716682065,ARRHYTHMIC,0.0,True,,2.441043293123471,0.5540343913156995,0.9992252512181329,0.9992081544840359,-0.06745512489048543,60.047688047561884,60.047688047561884,24.980145760347963,True
sustained,sigma=0.5,pos,True,30,10180,36.60468376533875,WEAKLY_RHYTHMIC,1.4732089586670574,True,,5.217037648419333,0.5929584888979251,0.9916367518732752,0.964566802399329,0.18982858885938797,36.60389556693308,36.60389556693308,40.9792448800192,True
sustained,sigma=0.5,pos,True,31,10181,25.218611608519517,WEAKLY_RHYTHMIC,1.257566844010817,True,,7.042712601112228,0.5420362373062855,0.8877643130737319,0.9038537311364797,0.13469226043220647,25.214737972683714,25.214737972683714,59.489017955491704,True
sustained,sigma=0.5,pos,True,32,10182,81.53223317167006,WEAKLY_RHYTHMIC,1.6180479926715214,True,,2.15024211659684,0.44147000243149515,0.9993277456133675,0.9979278251694017,0.26181299765758287,81.53936494860903,81.53936494860903,18.396022595287434,True
sustained,sigma=0.5,pos,True,33,10183,30.245394948256624,ARRHYTHMIC,0.22888880444672333,True,,4.054401909583272,0.724026861537268,0.972791380590304,0.9418571347571317,0.04577776088934467,30.251275981771574,30.251275981771574,49.58468531720284,True
sustained,sigma=0.5,pos,True,34,10184,29.89088425469932,WEAKLY_RHYTHMIC,1.6319280845536022,True,,4.5712731440012755,0.4633099852483674,0.9541016890516825,0.971964689685319,0.2716860368950452,29.900053545240954,29.900053545240954,50.16713424042506,True
sustained,sigma=0.5,pos,True,35,10185,18.827487740030488,WEAKLY_RHYTHMIC,1.6289457689088993,True,,7.31582952655987,0.5561651329402938,0.41178708063018293,0.7744700604659492,0.2695023843440506,18.825292853732872,18.825292853732872,79.68003534683736,True
sustained,sigma=0.5,pos,True,36,10186,23.233855292109435,WEAKLY_RHYTHMIC,1.2880129523902994,True,,8.318465990946178,0.678161788446352,0.8886835113610945,0.8611051253117387,0.14045199324302646,23.237031543999183,23.237031543999183,64.55213511931413,True
sustained,sigma=0.5,pos,True,37,10187,75.39026889280485,ARRHYTHMIC,0.0,True,,1.6033343207343187,0.691199082712331,0.9992254828202706,0.9974456304978355,-0.10557688685971726,75.41583394693737,75.41583394693737,19.88972237654232,True
sustained,sigma=0.5,pos,True,38,10188,88.03315092394303,ARRHYTHMIC,0.0,True,,2.1923137309876015,0.6572465866338024,0.9997927693581571,0.9996899344723189,-0.01274983298833443,87.98588846336327,87.98588846336327,17.048188365167103,True
sustained,sigma=0.5,pos,True,39,10189,78.51569158422036,ARRHYTHMIC,0.0,True,,1.8130083489515911,0.6591378235600677,0.9981364392260316,0.9969322954082772,-0.12663930965838552,78.47893650831254,78.47893650831254,19.113408855140626,True
sustained,sigma=0.5,pos,True,40,10190,59.43156807037207,WEAKLY_RHYTHMIC,1.3109739333179786,True,,2.3196712198216156,0.49653314362509027,0.9971078422211956,0.9935796763211728,0.1451323902469266,59.432270621549364,59.432270621549364,25.23881359929263,True
sustained,sigma=0.5,pos,True,41,10191,41.618633971948945,ARRHYTHMIC,0.2435683772239062,True,,4.156952360232797,0.4399785842898073,0.9961900026393254,0.9781233130638503,0.048713675444781245,41.60958476394219,41.60958476394219,36.04938642165595,True
sustained,sigma=0.5,pos,True,42,10192,38.20586302617036,ARRHYTHMIC,0.20684053979563094,True,,4.07740045292932,0.521981279299461,0.9717002841465081,0.9801990165490061,0.04136810795912619,38.20791901677062,38.20791901677062,39.25887718045059,True
sustained,sigma=0.5,pos,True,43,10193,95.47790171566386,ARRHYTHMIC,0.027209538890154063,True,,1.734868078579608,0.5233114648924901,0.9998138943732289,0.99849323632692,0.005441907778030813,95.41382363823661,95.41382363823661,15.72099243907549,True
sustained,sigma=0.5,pos,True,44,10194,61.897118532844026,WEAKLY_RHYTHMIC,1.4440249888914587,True,,2.847053386709337,0.5546672883077224,0.9963063528713281,0.9974207698415528,0.17986419893335331,61.93374846856847,61.93374846856847,24.219428616713774,True
sustained,sigma=0.5,pos,True,45,10195,27.968814645939663,WEAKLY_RHYTHMIC,1.653834256890492,True,,6.328962795709206,0.512110369317666,0.9931368740534933,0.9939079385158293,0.2888789604128028,27.965618977867777,27.965618977867777,53.63728945842795,True
sustained,sigma=0.5,pos,True,46,10196,32.58165292195174,ARRHYTHMIC,0.44447880850385435,True,,5.650698259243325,0.593280381972563,0.9741844024009887,0.9432740843672341,0.08889576170077088,32.57539759857448,32.57539759857448,46.047020468773674,True
sustained,sigma=0.5,pos,True,47,10197,30.39842643219864,WEAKLY_RHYTHMIC,1.6560554719565377,True,,4.143340022198067,0.4976297664336205,0.9818491980472787,0.929357161815363,0.29074455863232557,30.407245132555495,30.407245132555495,49.33034852256399,True
sustained,sigma=0.5,pos,True,48,10198,19.51495833667006,WEAKLY_RHYTHMIC,1.6535019960723072,True,,9.379495875170043,0.49911736632033066,0.5314727879839533,0.8267716659006654,0.28860195114101717,19.520529930077856,19.520529930077856,76.84217617928252,True
sustained,sigma=0.5,pos,True,49,10199,91.99423177721832,WEAKLY_RHYTHMIC,1.571018491517747,True,,1.9980257415952014,0.4248457377002672,0.999433546704423,0.9993594126294951,0.23311028103239798,92.08105094484044,92.08105094484044,16.289996525979586,True
am,depth=0.25,pos,True,0,10200,31.0821459501801,WEAKLY_RHYTHMIC,1.7456000670916043,True,,5.109845929880198,0.7423326554899259,0.9744882759737659,0.9827046616793724,0.3979929669778262,31.08245568075229,31.08245568075229,48.25873526231295,True
am,depth=0.25,pos,True,1,10201,36.954829211778616,RHYTHMIC,2.811658104340549,True,,5.12142519383913,0.7654884679068247,0.9964011078964935,0.996531314128668,0.7246632417362198,36.953941148347056,36.953941148347056,40.591069677208026,True
am,depth=0.25,pos,True,2,10202,26.634876769649914,RHYTHMIC,2.034097504721943,True,,5.29960143392122,0.7272948331618206,0.9935158332378413,0.9008681192288004,0.41363900188877717,26.638623594838297,26.638623594838297,56.309215626690694,True
am,depth=0.25,pos,True,3,10203,22.160422252415735,RHYTHMIC,3.2231611132504345,True,,6.034451077786536,0.8373459955100413,0.6656205957893622,0.8755948798053076,0.8892644453001739,22.16039647804265,22.16039647804265,67.6883196330109,True
am,depth=0.25,pos,True,4,10204,88.36046672638221,WEAKLY_RHYTHMIC,1.4497042008695853,True,,2.184554160305671,0.6498113810650222,0.9999376675471285,0.9988263023780495,0.1817204495437207,88.34959433672107,88.34959433672107,16.978006648034484,True
am,depth=0.25,pos,True,5,10205,92.54966426027289,WEAKLY_RHYTHMIC,1.7485645184247312,True,,1.9232064906095723,0.6121018222846987,0.9996352734580198,0.9986497009125588,0.3977163420750715,92.56717484298737,92.56717484298737,16.204448310584212,True
am,depth=0.25,pos,True,6,10206,24.403134011556517,RHYTHMIC,3.2309412628986016,True,,4.882608727558968,0.6140266260408109,0.950739664501592,0.8719384851231439,0.8923765051594407,24.40222756113117,24.40222756113117,61.46979804373512,True
am,depth=0.25,pos,True,7,10207,29.01032885644733,ARRHYTHMIC,0.0,True,,6.181863524015203,0.6032020068560671,0.9991819011124952,0.9992637516980032,-0.04387468145194671,29.00876630606183,29.00876630606183,51.70850715173474,True
am,depth=0.25,pos,True,8,10208,16.735938513716153,WEAKLY_RHYTHMIC,1.3622899781990179,True,,8.788369210006119,0.5505967687389881,0.7799454130251902,0.7656856572437599,0.15681108431946236,16.736029559650593,16.736029559650593,89.62699274960627,True
am,depth=0.25,pos,True,9,10209,94.99275856215498,WEAKLY_RHYTHMIC,1.726749649284376,True,,1.7478390915450208,0.5791532433315362,0.9999289338113034,0.9999169242172566,0.365964763588068,94.94952066555983,94.94952066555983,15.797868061740319,True
am,depth=0.25,pos,True,10,10210,27.23253249468471,RHYTHMIC,3.0649876775399547,True,,4.733157783559062,0.7170298984558885,0.9379355864679874,0.9227528340168604,0.8259950710159819,27.236595009653836,27.236595009653836,55.07296339606087,True
am,depth=0.25,pos,True,11,10211,74.05907815336744,RHYTHMIC,2.9750113487849372,True,,1.5178440235444655,0.7700410206996517,0.9995627193048817,0.9996658949140599,0.790004539513975,74.07670677640998,74.07670677640998,20.24928031057775,True
am,depth=0.25,pos,True,12,10212,21.646558001182804,RHYTHMIC,3.3657740393921456,True,,8.255363546013186,0.7348546420183796,0.9929679373101187,0.8468252443213389,0.9463096157568582,21.6425538462165,21.6425538462165,69.30790195364243,True
am,depth=0.25,pos,True,13,10213,18.905751432884625,RHYTHMIC,3.347194457614249,True,,6.994799956698444,0.6772636083361601,0.7739676819255541,0.8657247063268665,0.9388777830456997,18.907789419575803,18.907789419575803,79.33238342748862,True
am,depth=0.25,pos,True,14,10214,36.03638039423193,RHYTHMIC,3.1070450042212516,True,,5.060367779353752,0.6213281700915901,0.9972512540178603,0.997321277886771,0.8428180016885006,36.035052041971376,36.035052041971376,41.626136636430935,True
am,depth=0.25,pos,True,15,10215,25.75816896008976,RHYTHMIC,2.8057222640423793,True,,7.38842624441104,0.5777143921295695,0.9375419824176353,0.9055324385257502,0.7222889056169518,25.757443422029677,25.757443422029677,58.23559331657461,True
am,depth=0.25,pos,True,16,10216,31.059049433376227,RHYTHMIC,2.0311023351599156,True,,4.981547731297124,0.6459950904618987,0.9875402924469792,0.9889748123561451,0.41244093406396615,31.055923919282296,31.055923919282296,48.2999637653242,True
am,depth=0.25,pos,True,17,10217,30.24605560065861,RHYTHMIC,2.1992259325117045,True,,3.9910634034613426,0.6747585634324441,0.9678288870522841,0.9418908692968904,0.4796903730046819,30.24440384204131,30.24440384204131,49.59595195971167,True
am,depth=0.25,pos,True,18,10218,58.53895348805547,ARRHYTHMIC,0.3851029961841732,True,,2.1687670882348153,0.6528393682867617,0.9957942963853127,0.9932030050817486,0.07702059923683464,58.54362443361738,58.54362443361738,25.621918945261925,True
am,depth=0.25,pos,True,19,10219,26.64256935156749,RHYTHMIC,2.6169531507931616,True,,5.311793555945239,0.6072334356271877,0.9956561646347594,0.9028322764746244,0.6467812603172647,26.645082687835266,26.645082687835266,56.2955655860967,True
am,depth=0.25,pos,True,20,10220,37.86822563354737,RHYTHMIC,2.7796128969230622,True,,4.440464233710736,0.5973618662112301,0.9679760120442067,0.987651366537364,0.711845158769225,37.85981932023785,37.85981932023785,39.61984042533926,True
am,depth=0.25,pos,True,21,10221,70.69488677806855,RHYTHMIC,2.8044305603940707,True,,2.149743381115237,0.5967536560062383,0.9996468620495065,0.9978447486893784,0.7217722241576283,70.71114979588623,70.71114979588623,21.213061933370877,True
am,depth=0.25,pos,True,22,10222,99.3590371175199,WEAKLY_RHYTHMIC,1.6522345267432323,True,,1.523550289926822,0.5798472817556047,0.9999133547220163,0.9990183020189016,0.2875501097435468,99.37524212031629,99.37524212031629,15.094302846416308,True
am,depth=0.25,pos,True,23,10223,21.658785670754067,RHYTHMIC,3.3484477696160266,True,,8.193951770399309,0.5603376539635867,0.9985063752282327,0.8440816223375714,0.9393791078464108,21.658378728795835,21.658378728795835,69.25726153295489,True
am,depth=0.25,pos,True,24,10224,23.43946704858527,ARRHYTHMIC,0.4630709535233797,True,,7.992942880680172,0.5462239927636203,0.8652702377185332,0.8844469995362966,0.09261419070467594,23.442538224881442,23.442538224881442,63.98624524403803,True
am,depth=0.25,pos,True,25,10225,45.12286652607841,RHYTHMIC,2.310913062279033,True,,3.390737287064503,0.8219910365324281,0.9874020404681993,0.9944504837004097,0.5243652249116132,45.11467995586509,45.11467995586509,33.24860115304872,True
am,depth=0.25,pos,True,26,10226,19.413868578498974,WEAKLY_RHYTHMIC,1.5646610366613898,True,,8.820657894015719,0.7106746317042528,0.8481513355966214,0.8450958901732474,0.22970606451832615,19.413192764680065,19.413192764680065,77.26704299403377,True
am,depth=0.25,pos,True,27,10227,45.9509108657801,RHYTHMIC,2.7961897562664975,True,,3.0880065120121665,0.6321169912851933,0.9980910278366434,0.9981126771334614,0.7184759025065991,45.94716550763509,45.94716550763509,32.6461922825412,True
am,depth=0.25,pos,True,28,10228,97.60975919862591,WEAKLY_RHYTHMIC,1.6416089032477752,True,,1.6111419386269308,0.7049893063797447,0.9997856993753602,0.9989506261177576,0.27902478857931956,97.66252712870674,97.66252712870674,15.359012756481219,True
am,depth=0.25,pos,True,29,10229,29.43100811224807,RHYTHMIC,2.7464533347254756,True,,5.2153201339253075,0.7785350104652843,0.9523409486014668,0.9166201370347901,0.6985813338901903,29.43515692097049,29.43515692097049,50.95947013387094,True
am,depth=0.25,pos,True,30,10230,22.659206575152464,RHYTHMIC,2.397242013321341,True,,6.400717905152555,0.5917650447508706,0.998071192200515,0.8481002378778031,0.5588968053285363,22.660923990677272,22.660923990677272,66.1932408677202,True
am,depth=0.25,pos,True,31,10231,86.14396934626228,WEAKLY_RHYTHMIC,1.6280160329449747,True,,2.23599631776059,0.6449617831176833,0.9988481273563251,0.9993482664567668,0.2688287906376557,86.16050096105802,86.16050096105802,17.409369528595885,True
am,depth=0.25,pos,True,32,10232,64.30096040986577,RHYTHMIC,2.27681115285756,True,,2.9700568491416006,0.5723789156788254,0.9998002563746871,0.9968915608117852,0.5107244611430239,64.30830187439331,64.30830187439331,23.325137754839076,True
am,depth=0.25,pos,True,33,10233,32.58150481016476,RHYTHMIC,2.9479365165176303,True,,5.601199576462153,0.7622720563533858,0.9772942072905624,0.9445450193385057,0.7791746066070522,32.58651607728224,32.58651607728224,46.031309282729005,True
am,depth=0.25,pos,True,34,10234,33.41086518897649,WEAKLY_RHYTHMIC,1.1625635896980646,True,,4.4601466921789035,0.8330469515832485,0.984726902894922,0.9484399405182723,0.11941205179261945,33.407161473116496,33.407161473116496,44.90055227251451,True
am,depth=0.25,pos,True,35,10235,42.70366363396606,WEAKLY_RHYTHMIC,1.5188841547251237,True,,4.4666938920528425,0.8231762948279204,0.9987347249163561,0.9848855009959665,0.20785014873677032,42.698953926347635,42.698953926347635,35.129666234619776,True
am,depth=0.25,pos,True,36,10236,47.711447400865424,WEAKLY_RHYTHMIC,1.6965307656102933,True,,2.7084328020841366,0.7012866855679855,0.9986111789175028,0.9902365554197216,0.3295226951130829,47.711030189038546,47.711030189038546,31.439270836466243,True
am,depth=0.25,pos,True,37,10237,93.64244222193044,RHYTHMIC,2.2613650930814178,True,,1.8092930561279315,0.5796617668345495,0.9996178130496792,0.9987976840179682,0.5045460372325671,93.61927949893607,93.61927949893607,16.022340783097427,True
am,depth=0.25,pos,True,38,10238,82.11945703596034,RHYTHMIC,2.444347156139678,True,,2.1771881137622993,0.5688469818720353,0.9986115740302018,0.9993201588610717,0.5777388624558712,82.1474716070626,82.1474716070626,18.259843798662185,True
am,depth=0.25,pos,True,39,10239,29.93489947559861,RHYTHMIC,3.072887124925648,True,,4.551086438958503,0.7301194658521654,0.9809845207879364,0.9840396857364361,0.8291548499702593,29.931673032546307,29.931673032546307,50.1141382364083,True
am,depth=0.25,pos,True,40,10240,61.51014017716898,RHYTHMIC,2.2577783479150577,True,,2.800520464349564,0.7473272150516662,0.994735782049017,0.9935202524696134,0.5031113391660232,61.51818678047445,61.51818678047445,24.383033351628175,True
am,depth=0.25,pos,True,41,10241,77.88560799414581,RHYTHMIC,3.194041130909692,True,,1.7748794367720078,0.6738826284640717,0.998264289776881,0.9992703078587751,0.8776164523638768,77.8418752192309,77.8418752192309,19.26983382370295,True
am,depth=0.25,pos,True,42,10242,17.211214049587962,WEAKLY_RHYTHMIC,1.6175860166299434,True,,10.631638991844026,0.577761648504879,0.5101983647730892,0.7284328644924946,0.26149671389822426,17.210456104936483,17.210456104936483,87.15631885954227,True
am,depth=0.25,pos,True,43,10243,25.320609300036054,RHYTHMIC,3.3388741009881824,True,,7.164727127759169,0.7331430282444962,0.9982521224677404,0.8900405325276918,0.935549640395273,25.3183671918904,25.3183671918904,59.245526721030316,True
am,depth=0.25,pos,True,44,10244,24.11757495082902,WEAKLY_RHYTHMIC,1.6432149001750902,True,,5.857841466722418,0.649348858915778,0.8599385732968491,0.9325608359038882,0.28028076298330407,24.119572116301807,24.119572116301807,62.19015796661617,True
am,depth=0.25,pos,True,45,10245,24.46857254311665,RHYTHMIC,2.1966641739753294,True,,5.000213252266763,0.6127226236638732,0.8188478724816903,0.8863447545072143,0.4786656695901317,24.475453355365133,24.475453355365133,61.28589236820788,True
am,depth=0.25,pos,True,46,10246,30.546090831162196,RHYTHMIC,3.1301490056486374,True,,4.277230491477561,0.7958258208076419,0.9397227465174441,0.9236431322988322,0.852059602259455,30.543742667349083,30.543742667349083,49.10989515386021,True
am,depth=0.25,pos,True,47,10247,25.764049377725787,RHYTHMIC,3.315305605038953,True,,7.36045325381814,0.7777761640537296,0.9269150960083161,0.9064960088986893,0.9261222420155812,25.762347130383805,25.762347130383805,58.224508520456894,True
am,depth=0.25,pos,True,48,10248,21.672037259761616,RHYTHMIC,3.3411944128009208,True,,8.1198703454337,0.5776714480121903,0.9989431598479712,0.8378292006130815,0.9364777651203683,21.672502243150767,21.672502243150767,69.21212803076534,True
am,depth=0.25,pos,True,49,10249,17.559106129146617,RHYTHMIC,3.091783611749617,True,,7.690897308199525,0.7185330331765433,0.6196304756042686,0.8032769791165915,0.8367134446998469,17.55987507261466,17.55987507261466,85.42202001990955,True
am,depth=0.5,pos,True,0,10250,88.2102561643304,RHYTHMIC,2.0671133678892035,True,,2.176866367176546,0.6997805000239504,0.998821070894222,0.9992005841849732,0.42684534715568134,88.17737567694817,88.17737567694817,17.011166282556292,True
am,depth=0.5,pos,True,1,10251,21.210909098418316,WEAKLY_RHYTHMIC,1.5802716577979723,True,,8.183793264927722,0.6472143789525039,0.7641942805644194,0.8323198854634288,0.23824933878748428,21.212461463240587,21.212461463240587,70.71315144635025,True
am,depth=0.5,pos,True,2,10252,29.085435172676267,WEAKLY_RHYTHMIC,1.4645649953380393,True,,5.715782971225005,0.5744409344606528,0.9623708979037164,0.9767104368290098,0.1867640313563989,29.08448403077614,29.08448403077614,51.573890683869614,True
am,depth=0.5,pos,True,3,10253,94.01963320459154,RHYTHMIC,2.402922932577292,True,,1.7763585412859781,0.5992607254488177,0.9995912422497144,0.9996144225931387,0.5611691730309167,94.00488900172333,94.00488900172333,15.95661689438835,True
am,depth=0.5,pos,True,4,10254,59.44415489234084,WEAKLY_RHYTHMIC,1.5619366169613627,True,,2.2992889216942856,0.6523822704522159,0.9968700417891119,0.9935657354629335,0.22827746822011816,59.4433021751831,59.4433021751831,25.23412975240519,True
am,depth=0.5,pos,True,5,10255,16.540697265328124,RHYTHMIC,2.6553077784770927,True,,7.182618044310407,0.6293396123312106,0.38602142504946546,0.7911993654634096,0.6621231113908371,16.540357021971694,16.540357021971694,90.68728069215476,True
am,depth=0.5,pos,True,6,10256,71.30150951625563,WEAKLY_RHYTHMIC,1.385371390525574,True,,2.0848415742906146,0.6825964754785396,0.9990676915877847,0.9977001294187963,0.16269987836314817,71.33657503456226,71.33657503456226,21.027081819855475,True
am,depth=0.5,pos,True,7,10257,92.5018488858107,RHYTHMIC,2.3769812642617945,True,,1.9324291748873865,0.7019399561150321,0.9991508883399328,0.9982534238575334,0.5507925057047179,92.51149552697065,92.51149552697065,16.214201180681297,True
am,depth=0.5,pos,True,8,10258,39.51301581846884,RHYTHMIC,3.06244666778446,True,,2.9605770573579737,0.7282552081894067,0.9689718290354677,0.9636559653629965,0.8249786671137842,39.515908914452204,39.515908914452204,37.959395119756515,True
am,depth=0.5,pos,True,9,10259,25.303768787102562,WEAKLY_RHYTHMIC,1.5872595005144627,True,,6.687954693489907,0.6360411220749407,0.9922541160681151,0.8901680961143648,0.24228298440459706,25.304528709840312,25.304528709840312,59.277926777458084,True
am,depth=0.5,pos,True,10,10260,58.17335142785735,RHYTHMIC,2.0994823242786333,True,,2.0973378414877857,0.6853484989679328,0.9941102961989616,0.9967291493314857,0.4397929297114533,58.193288340123665,58.193288340123665,25.77616839991779,True
am,depth=0.5,pos,True,11,10261,34.80719021768458,RHYTHMIC,2.9700569659888814,True,,3.782425508148299,0.6810062878244715,0.9530192361567521,0.9752544028843249,0.7880227863955526,34.80480777196019,34.80480777196019,43.09749416885001,True
am,depth=0.5,pos,True,12,10262,38.19124251098722,RHYTHMIC,2.209837964015073,True,,4.028104160124985,0.7083259579493364,0.961318665805826,0.9833468888911605,0.48393518560602916,38.18205391450087,38.18205391450087,39.285471739128376,True
am,depth=0.5,pos,True,13,10263,21.83742741207583,RHYTHMIC,3.144261204377564,True,,6.899651496635604,0.6117150884203923,0.644964132278201,0.8675597711037908,0.8577044817510256,21.838003917726272,21.838003917726272,68.6875964328601,True
am,depth=0.5,pos,True,14,10264,54.52664619229081,ARRHYTHMIC,0.376602341637558,True,,2.857707815996496,0.7151734512433074,0.990243105500181,0.9890155937566728,0.0753204683275116,54.53027701109941,54.53027701109941,27.5076541367043,True
am,depth=0.5,pos,True,15,10265,21.92412566861003,RHYTHMIC,2.9729118286739893,True,,6.447424547031358,0.6818373546848437,0.9147795291940248,0.9361261563072645,0.7891647314695958,21.923168147760443,21.923168147760443,68.42076792414842,True
am,depth=0.5,pos,True,16,10266,38.21384362446534,WEAKLY_RHYTHMIC,1.676607476401689,True,,3.979962782980058,0.5922273147917563,0.9764444754884958,0.9814669289934294,0.30922174355586196,38.21563676127271,38.21563676127271,39.25094875090719,True
am,depth=0.5,pos,True,17,10267,19.928133556322354,RHYTHMIC,3.18522145777903,True,,8.469190862104142,0.6307292206741596,0.8868817801272731,0.912901158860598,0.8740885831116121,19.928718859744464,19.928718859744464,75.26826037121555,True
am,depth=0.5,pos,True,18,10268,90.97045611026734,WEAKLY_RHYTHMIC,1.3745016883516037,True,,2.023771055438139,0.591156447794166,0.9993155155566793,0.9995941307504411,0.15987253384660097,90.95783131230161,90.95783131230161,16.491158357214836,True
am,depth=0.5,pos,True,19,10269,48.42681321244079,RHYTHMIC,2.9685527533355147,True,,2.910789750878701,0.5966357676523596,0.9926265213224299,0.9854851956495698,0.7874211013342058,48.43475688273208,48.43475688273208,30.969495803018653,True
am,depth=0.5,pos,True,20,10270,26.521180809466042,RHYTHMIC,2.7972866614933247,True,,5.2935239400441745,0.6622938135349122,0.8644429156506614,0.8791522626643891,0.71891466459733,26.52300733231326,26.52300733231326,56.55467274906395,True
am,depth=0.5,pos,True,21,10271,93.58451854752458,WEAKLY_RHYTHMIC,1.607895626965988,True,,1.8233232609632837,0.6636626886190543,0.9994992351498384,0.9987324401988111,0.25503413600369573,93.60655351916854,93.60655351916854,16.024519049222693,True
am,depth=0.5,pos,True,22,10272,71.56246409075013,RHYTHMIC,2.628251350818222,True,,2.0602406222702383,0.6619549859157083,0.9990737475889525,0.9973448085155452,0.6513005403272888,71.5819205303588,71.5819205303588,20.955011948356862,True
am,depth=0.5,pos,True,23,10273,94.90849610690819,WEAKLY_RHYTHMIC,1.6479713866583496,True,,1.7627009687498918,0.6878819512499273,0.9995210314820934,0.9996192373768482,0.2840678178138552,94.95680134972875,94.95680134972875,15.796656781597507,True
am,depth=0.5,pos,True,24,10274,51.952935392674895,RHYTHMIC,2.308806984222043,True,,3.60875260415146,0.5107249387988465,0.9987260024276808,0.9990692148528059,0.5235227936888174,51.96048125577657,51.96048125577657,28.86809289960611,True
am,depth=0.5,pos,True,25,10275,37.0371295049053,RHYTHMIC,2.919588116140953,True,,4.965944366593489,0.6904785457806486,0.9972402196378914,0.9970006843882395,0.7678352464563811,37.04342558961191,37.04342558961191,40.493015322552814,True
am,depth=0.5,pos,True,26,10276,27.15026941829034,RHYTHMIC,3.0584921966281033,True,,4.56185403761482,0.5562729423883732,0.8610894380145235,0.9469160925110099,0.8233968786512414,27.145913469129873,27.145913469129873,55.256935881188475,True
am,depth=0.5,pos,True,27,10277,63.28553789328686,RHYTHMIC,2.0161122664327316,True,,2.930101218103308,0.6405558970717511,0.99910601826762,0.9970418392544651,0.4064449065730927,63.2904778171899,63.2904778171899,23.700247679163436,True
am,depth=0.5,pos,True,28,10278,20.2209624612518,RHYTHMIC,2.7956419768963903,True,,7.011039415795998,0.6458209943405603,0.766125827177073,0.7979040059603153,0.7182567907585562,20.223014099429584,20.223014099429584,74.17291965604224,True
am,depth=0.5,pos,True,29,10279,21.153275496173034,RHYTHMIC,3.2093140448354722,True,,8.093870509396869,0.8508873339404073,0.639322851087568,0.8603448339297051,0.8837256179341889,21.149819131001937,21.149819131001937,70.92259232615669,True
am,depth=0.5,pos,True,30,10280,28.353602232929028,RHYTHMIC,2.9681812012632935,True,,6.383516798110687,0.7559468114276365,0.9976587045628518,0.9201123032362808,0.7872724805053174,28.3522686650999,28.3522686650999,52.90581920332952,True
am,depth=0.5,pos,True,31,10281,34.58743712309175,RHYTHMIC,2.5421014739658325,True,,3.5879378002498505,0.6834334525846005,0.9845328558642462,0.9563106535582777,0.6168405895863329,34.58647305602013,34.58647305602013,43.36955657694359,True
am,depth=0.5,pos,True,32,10282,18.268711203960912,RHYTHMIC,3.1792799348238674,True,,9.564370821492542,0.6177558952741932,0.8607912229195445,0.7653957357364766,0.871711973929547,18.265858395273263,18.265858395273263,82.12042202123726,True
am,depth=0.5,pos,True,33,10283,19.41281537584991,RHYTHMIC,2.182146594994074,True,,8.516059200105392,0.5993547441447591,0.8523597103790044,0.846388867373691,0.47285863799762956,19.413925580874714,19.413925580874714,77.26412639995378,True
am,depth=0.5,pos,True,34,10284,74.102165299301,RHYTHMIC,2.4791366011190523,True,,1.514155074828001,0.7880679285854257,0.9988451533974176,0.9993589795681304,0.591654640447621,74.07996705312658,74.07996705312658,20.248389135004235,True
am,depth=0.5,pos,True,35,10285,33.00042171265606,RHYTHMIC,2.0772018965702346,True,,4.8106886558439115,0.7346800346588301,0.9993366108372548,0.9995896886228943,0.43088075862809383,33.00378115761657,33.00378115761657,45.449337845152684,True
am,depth=0.5,pos,True,36,10286,87.19517707987292,WEAKLY_RHYTHMIC,1.7034051263948404,True,,2.211215430770981,0.5968617915247769,0.9974075731859781,0.9988311523619722,0.33716024415554957,87.17977530693776,87.17977530693776,17.205825487836858,True
am,depth=0.5,pos,True,37,10287,64.73655406489814,RHYTHMIC,2.1734042965969347,True,,2.947119196509596,0.8162880623448995,0.9983504997516348,0.9970911699090644,0.4693617186387739,64.74098514887184,64.74098514887184,23.16924891628929,True
am,depth=0.5,pos,True,38,10288,62.12305047163071,ARRHYTHMIC,0.18329455919640697,True,,2.8421477985075874,0.7551408245508379,0.9956214591676529,0.9979378553329543,0.0366589118392814,62.11180390307769,62.11180390307769,24.149998965424892,True
am,depth=0.5,pos,True,39,10289,25.240580394498974,RHYTHMIC,2.716278149657861,True,,6.6443631515061945,0.6247152583609368,0.9307052653615311,0.8927908586762461,0.6865112598631444,25.239552017137264,25.239552017137264,59.43053184864467,True
am,depth=0.5,pos,True,40,10290,17.565860426104095,RHYTHMIC,2.4818126646485785,True,,7.340495699556372,0.6901854647892536,0.6534662976957877,0.8014954882003625,0.5927250658594315,17.56474642103739,17.56474642103739,85.39832936064718,True
am,depth=0.5,pos,True,41,10291,81.10732564212238,WEAKLY_RHYTHMIC,1.4888003616687597,True,,2.1061969511892906,0.618265735054506,0.9982678363835022,0.9990884662436341,0.1956182917625684,81.10313112635879,81.10313112635879,18.49497028250362,True
am,depth=0.5,pos,True,42,10292,36.525721672342904,WEAKLY_RHYTHMIC,1.6070095209699895,True,,5.021854678935492,0.8577558767680438,0.9610609013327582,0.9540614553279976,0.2544590908329958,36.5230965410452,36.5230965410452,41.0699021183562,True
am,depth=0.5,pos,True,43,10293,79.47867537838242,WEAKLY_RHYTHMIC,1.7302839797555842,True,,1.9488240870272138,0.7296651194513386,0.9976422059445068,0.9974370275992328,0.3707603275080965,79.4950559875235,79.4950559875235,18.869097975544797,True
am,depth=0.5,pos,True,44,10294,77.03969527572768,RHYTHMIC,2.057384758595897,True,,1.6984319065500508,0.7265658203953721,0.9998216275516674,0.9997294968379676,0.42295390343835876,77.03235690436256,77.03235690436256,19.472336824151498,True
am,depth=0.5,pos,True,45,10295,56.480575617716624,ARRHYTHMIC,0.3453617736863232,True,,2.5006542564723886,0.7660430660503358,0.9919621396344213,0.9899599356541072,0.06907235473726464,56.497181650845675,56.497181650845675,26.54999694091019,True
am,depth=0.5,pos,True,46,10296,47.14259588687625,RHYTHMIC,2.289446032578997,True,,2.5377297222845634,0.6256356282054845,0.9867575203787449,0.9944302189929942,0.5157784130315988,47.14297459851915,47.14297459851915,31.818102543896703,True
am,depth=0.5,pos,True,47,10297,43.82370796343202,RHYTHMIC,2.5891117685994587,True,,4.084898502160469,0.6711928355249464,0.9693237336407536,0.988535726175569,0.6356447074397836,43.834362404705445,43.834362404705445,34.219728945777504,True
am,depth=0.5,pos,True,48,10298,72.10640474814991,RHYTHMIC,2.5560054942502237,True,,2.0279225011459325,0.5126072534963737,0.9986461920897144,0.9991966911263189,0.6224021977000896,72.09600801729391,72.09600801729391,20.805590229630884,True
am,depth=0.5,pos,True,49,10299,38.38514675206456,RHYTHMIC,2.572139097063862,True,,3.848601515561642,0.8338467671114866,0.9952825942597406,0.9708520342103532,0.6288556388255447,38.373965036061286,38.373965036061286,39.08900210312905,True
am,depth=0.75,pos,True,0,10300,26.728822669572686,WEAKLY_RHYTHMIC,1.060882859501978,True,,4.885819419133699,0.5577483912360994,0.9778393926929986,0.9107026224892293,0.10648298884947317,26.723484392827796,26.723484392827796,56.13040492588529,True
am,depth=0.75,pos,True,1,10301,49.336638518981516,WEAKLY_RHYTHMIC,1.0842775675650036,True,,3.297246124299488,0.6104802533310588,0.9991314538143979,0.9894306182212725,0.10920339663853176,49.365082664339226,49.365082664339226,30.385850059227852,True
am,depth=0.75,pos,True,2,10302,41.460150027320395,RHYTHMIC,2.044524293424658,True,,3.925405467355769,0.6396974991732949,0.9789153747539435,0.9717790827789317,0.41780971736986317,41.45700327387738,41.45700327387738,36.182065309702935,True
am,depth=0.75,pos,True,3,10303,17.748038510173664,RHYTHMIC,2.9442324980093026,True,,6.773792656158666,0.7628741797300191,0.7672968922903722,0.7577813987429078,0.777692999203721,17.74869768439347,17.74869768439347,84.51324298114326,True
am,depth=0.75,pos,True,4,10304,88.07305165127124,RHYTHMIC,2.5876596144085946,True,,2.1647013311408823,0.5855130736908006,0.999667849844656,0.9993890470976681,0.6350638457634379,88.08476842362248,88.08476842362248,17.029050843229914,True
am,depth=0.75,pos,True,5,10305,17.445748916578815,RHYTHMIC,2.3676364205312925,True,,7.55069367295749,0.749403102310977,0.5838267978923227,0.8093507469624435,0.5470545682125171,17.446312527543117,17.446312527543117,85.97805396595392,True
am,depth=0.75,pos,True,6,10306,38.60896815923275,WEAKLY_RHYTHMIC,1.623265496603918,False,cycles 4.9 < 10,3.560461045022172,0.7723557807566767,0.0,0.7210541515210016,0.26543892077457104,308.8472234719368,308.8472234719368,4.856770228132864,True
am,depth=0.75,pos,True,7,10307,78.92970568183503,RHYTHMIC,2.0964072763577484,True,,1.8336341471187734,0.628486625417215,0.9983362870036716,0.9981671792923706,0.43856291054309937,78.90130996178216,78.90130996178216,19.01109120655364,True
am,depth=0.75,pos,True,8,10308,20.759997877500066,RHYTHMIC,2.3049825548936096,True,,6.001363902571984,0.6439543507039588,0.8397373518057915,0.803714251166199,0.5219930219574439,20.758083276254283,20.758083276254283,72.26100695510213,True
am,depth=0.75,pos,True,9,10309,26.811121339581653,WEAKLY_RHYTHMIC,1.6429598044604379,True,,4.681427657659734,0.8141909198030133,0.8751838592105284,0.9325684642179292,0.28008050983973715,26.803309521984673,26.803309521984673,55.96323837433831,True
am,depth=0.75,pos,True,10,10310,70.68074377904054,RHYTHMIC,2.2167307314020963,True,,2.1281860576994616,0.6186903912444197,0.9990038777189547,0.9970341760012913,0.4866922925608386,70.70843650758306,70.70843650758306,21.213875940237116,True
am,depth=0.75,pos,True,11,10311,16.473349732064527,RHYTHMIC,2.450851174808519,True,,7.177873210175407,0.5953789169744683,0.26612513386704445,0.7828341433259258,0.5803404699234076,16.474760233028686,16.474760233028686,91.04836603283562,True
am,depth=0.75,pos,True,12,10312,97.27911387205712,ARRHYTHMIC,0.0,True,,1.609108601035537,0.7931989747588709,0.9998011537497465,0.9987655129604918,-0.22712843201341676,97.35204298109012,97.35204298109012,15.407997141789448,True
am,depth=0.75,pos,True,13,10313,18.001686683506033,RHYTHMIC,2.914518679326957,True,,7.673272742749686,0.6104195918361145,0.9985214528969016,0.9983817914779559,0.7658074717307829,18.002463265453315,18.002463265453315,83.32193088700792,True
am,depth=0.75,pos,True,14,10314,83.97238855518238,RHYTHMIC,2.571373223695608,True,,2.222662509495113,0.5191527658166627,0.9990474810191916,0.9991251802549589,0.6285492894782433,84.04373196850366,84.04373196850366,17.847850932680405,True
am,depth=0.75,pos,True,15,10315,89.48221294064537,WEAKLY_RHYTHMIC,1.080812617730033,True,,2.111727656310491,0.5792431252165847,0.9985287113172391,0.9979993428739601,0.10879174576248678,89.46039125226675,89.46039125226675,16.76719695725669,True
am,depth=0.75,pos,True,16,10316,85.43312982792683,ARRHYTHMIC,0.0,True,,2.229827728966131,0.5862378246979767,0.9996490052245012,0.9975345307516981,-0.0017264335199167768,85.46010643074224,85.46010643074224,17.552049285307355,True
am,depth=0.75,pos,True,17,10317,16.914115670462074,RHYTHMIC,2.31543255641012,True,,8.999500680582289,0.5618940347589604,0.700748545444727,0.8045319847512256,0.526173022564048,16.913842829430248,16.913842829430248,88.68475456032887,True
am,depth=0.75,pos,True,18,10318,26.420851425506452,WEAKLY_RHYTHMIC,1.6194050533918274,True,,5.16755466610435,0.6978469742153531,0.9507665754564176,0.8891908013314958,0.2627465259094764,26.425301118995467,26.425301118995467,56.76378078892526,True
am,depth=0.75,pos,True,19,10319,49.17501931924995,WEAKLY_RHYTHMIC,1.7478228093668076,True,,3.0749854305037827,0.5781265839693297,0.9822118491696775,0.9921731945226888,0.39654657008792005,49.18301365269815,49.18301365269815,30.498334457341876,True
am,depth=0.75,pos,True,20,10320,36.00838713451707,WEAKLY_RHYTHMIC,1.68863941316057,True,,4.816508000978009,0.5799949288575702,0.9989905459804701,0.9988423242263934,0.3211710287903923,36.009219378573086,36.009219378573086,41.65599882158399,True
am,depth=0.75,pos,True,21,10321,41.04832515716626,WEAKLY_RHYTHMIC,1.5905508088806297,True,,3.606871945129877,0.7766384182127705,0.9945503595339347,0.9950187304928061,0.24423054720566328,41.06732123177241,41.06732123177241,36.525391844635344,True
am,depth=0.75,pos,True,22,10322,96.95726089185038,WEAKLY_RHYTHMIC,1.734570480567793,True,,1.6217203555155786,0.809572930342454,0.999720030962007,0.9997984278839215,0.3767478470891814,96.91943256186772,96.91943256186772,15.476772411378775,True
am,depth=0.75,pos,True,23,10323,33.440043793721635,ARRHYTHMIC,0.4539473901768966,False,cycles 5.6 < 10,4.069727952955553,0.6769243855385633,0.0,0.7457516797654073,0.09078947803537933,267.55806470968486,267.55806470968486,5.606259716475308,True
am,depth=0.75,pos,True,24,10324,42.7289289509824,WEAKLY_RHYTHMIC,1.7188839223657046,True,,4.088336577754952,0.8286110457322114,0.9971453175962248,0.9852674123454559,0.3557249405353838,42.72641487538333,42.72641487538333,35.1070878372297,True
am,depth=0.75,pos,True,25,10325,24.187932318811022,RHYTHMIC,2.7207119595659464,True,,5.436691793809885,0.8046822054257329,0.7999856773138163,0.9008045746287869,0.6882847838263786,24.184635359766556,24.184635359766556,62.022849535924486,True
am,depth=0.75,pos,True,26,10326,43.17877916140647,RHYTHMIC,2.395531329369269,True,,4.199910082352356,0.6642517260685047,0.9797934200251516,0.9894313466539151,0.5582125317477077,43.184615788246056,43.184615788246056,34.73459176654915,True
am,depth=0.75,pos,True,27,10327,25.19042940447154,WEAKLY_RHYTHMIC,1.1591048925450949,True,,6.1352706039005085,0.5368689188343678,0.8336358586654102,0.9125977041264024,0.11892089645124106,25.19172061891719,25.19172061891719,59.54337231231465,True
am,depth=0.75,pos,True,28,10328,21.339377174239495,WEAKLY_RHYTHMIC,1.6726578664189604,True,,7.497879760656323,0.6033929437189344,0.998801963799856,0.8444331124896898,0.3054907686524356,21.338202536733363,21.338202536733363,70.29645526223564,True
am,depth=0.75,pos,True,29,10329,27.817427660309303,RHYTHMIC,2.6428131190737565,True,,5.369504094948177,0.8189634381227853,0.866906653162702,0.942606120959623,0.6571252476295025,27.816968458524695,27.816968458524695,53.92392065427658,True
am,depth=0.75,pos,True,30,10330,27.188744171207087,RHYTHMIC,2.096987771627507,True,,4.516979900325465,0.6744299764181646,0.8738059271491523,0.9361927568296202,0.4387951086510029,27.189560878622927,27.189560878622927,55.16823190694982,True
am,depth=0.75,pos,True,31,10331,36.47695867867449,WEAKLY_RHYTHMIC,1.7251842741040282,True,,4.68288417459662,0.6179981191942326,0.964757564868793,0.9527566730332715,0.3638801952616562,36.47350014998625,36.47350014998625,41.12574866222609,True
am,depth=0.75,pos,True,32,10332,24.02643750402123,WEAKLY_RHYTHMIC,1.7240961584999686,True,,5.3966300976027455,0.6923802426647443,0.9918940291600636,0.9924170658252134,0.36244511658960943,24.025711601028494,24.025711601028494,62.43311436135727,True
am,depth=0.75,pos,True,33,10333,24.919333787880028,RHYTHMIC,2.709905177923881,True,,5.438824817675958,0.7000561122741268,0.943156338689456,0.9583069128052826,0.6839620711695524,24.9193205008817,24.9193205008817,60.19425770244926,True
am,depth=0.75,pos,True,34,10334,50.50472560371196,RHYTHMIC,2.5270680693512846,True,,3.57311108962559,0.6975943522616641,0.9870978025725383,0.9833811700180028,0.6108272277405138,50.495421791066065,50.495421791066065,29.705663341253413,True
am,depth=0.75,pos,True,35,10335,94.72241129979608,RHYTHMIC,2.291666730712737,True,,1.7387019953801433,0.7164350109575617,0.9989396996986271,0.9986804146188407,0.5166666922850949,94.74228671417923,94.74228671417923,15.832423430154641,True
am,depth=0.75,pos,True,36,10336,21.262162455991707,RHYTHMIC,2.633403607080755,True,,7.6814125666760305,0.5147958934092738,0.9164085071087682,0.8132168091616137,0.653361442832302,21.265088102618524,21.265088102618524,70.53815120640361,True
am,depth=0.75,pos,True,37,10337,28.41712206791726,RHYTHMIC,2.233504538864131,True,,6.134427231131186,0.595197313024856,0.9574062161101642,0.9081544050422643,0.49340181554565243,28.42079363268333,28.42079363268333,52.77825874204409,True
am,depth=0.75,pos,True,38,10338,21.074333162047292,RHYTHMIC,3.128515841101119,True,,7.169869733050967,0.578231696154596,0.9034987413255023,0.9258303171008885,0.8514063364404477,21.07132086740761,21.07132086740761,71.18680454058047,True
am,depth=0.75,pos,True,39,10339,26.903761202818803,RHYTHMIC,2.47784776141102,True,,4.673440718325555,0.6202877733543906,0.9391003503444275,0.9639587873096005,0.591139104564408,26.90919131349264,26.90919131349264,55.74303525234068,True
am,depth=0.75,pos,True,40,10340,40.172268467761064,RHYTHMIC,2.3522473093674137,True,,3.108538140702836,0.7566998865248591,0.9644278670351306,0.9872965407538887,0.5408989237469655,40.16509687884596,40.16509687884596,37.34585788563144,True
am,depth=0.75,pos,True,41,10341,34.45375080730816,RHYTHMIC,2.384250942076698,True,,3.4198675607090387,0.8192609092114891,0.9647388566093231,0.9460822740684897,0.5537003768306792,34.454776330666164,34.454776330666164,43.53532832732217,True
am,depth=0.75,pos,True,42,10342,29.033573859408566,RHYTHMIC,2.1593912451755095,True,,5.33972112826382,0.6602777563222159,0.9927187616884106,0.9928892177315539,0.46375649807020386,29.02747653347149,29.02747653347149,51.67517742268622,True
am,depth=0.75,pos,True,43,10343,50.00020160804066,RHYTHMIC,2.0318613278495445,True,,3.4357098839771076,0.8001000896626368,0.9998256522977912,0.9996020828709307,0.41274453113981785,50.00500386595506,50.00500386595506,29.99699798086099,True
am,depth=0.75,pos,True,44,10344,41.26060233247333,WEAKLY_RHYTHMIC,1.5784864592817442,True,,3.7534904121275714,0.638267789737477,0.992105294635591,0.9821614755319654,0.2372403027186287,41.257861916390745,41.257861916390745,36.35670706930372,True
am,depth=0.75,pos,True,45,10345,75.6585388154455,WEAKLY_RHYTHMIC,1.7363206440279446,True,,1.5823583485837878,0.6658575037247464,0.99988781866361,0.9984550329334526,0.3792484991149552,75.6650700708689,75.6650700708689,19.824206844652103,True
am,depth=0.75,pos,True,46,10346,50.71008684044105,RHYTHMIC,2.6379606183945588,True,,3.5491652928493513,0.6624500849050654,0.9960801198751577,0.9892651977297697,0.6551842473578235,50.70886005967329,50.70886005967329,29.58062946465029,True
am,depth=0.75,pos,True,47,10347,44.19970661686811,RHYTHMIC,2.926730905735503,True,,3.7667615138077672,0.6778609465847154,0.9841563729782915,0.9889241789708214,0.7706923622942012,44.19792566579366,44.19792566579366,33.93824432717445,True
am,depth=0.75,pos,True,48,10348,50.932366237907026,WEAKLY_RHYTHMIC,1.6982721883613539,True,,3.500124366780854,0.7194959216576535,0.9976736170308019,0.998005009862189,0.3314245360973273,50.94515482185085,50.94515482185085,29.443428040317507,True
am,depth=0.75,pos,True,49,10349,19.927379129418796,RHYTHMIC,2.7398413305536717,True,,7.786059457264105,0.7819432328511592,0.8810101635602533,0.9111307646326823,0.6959365322214687,19.927602484662078,19.927602484662078,75.27247701546251,True
am,depth=1.0,pos,True,0,10350,23.810743081512655,RHYTHMIC,2.5829758979978306,True,,5.592920643037442,0.8429781419029536,0.7923412985172017,0.8848419245369434,0.6331903591991322,23.809186612533903,23.809186612533903,63.00089223587138,True
am,depth=1.0,pos,True,1,10351,17.35427955325958,RHYTHMIC,2.6965379417714193,True,,7.225312882068337,0.7250397453928268,0.9773929816695739,0.776186900533741,0.6786151767085676,17.35551018380536,17.35551018380536,86.4278827942303,True
am,depth=1.0,pos,True,2,10352,21.791064834388823,RHYTHMIC,2.2435290747485768,True,,5.644076982429659,0.6207978987631169,0.7688030273593942,0.8410076648024081,0.49741162989943083,21.789516302821152,21.789516302821152,68.84044506328902,True
am,depth=1.0,pos,True,3,10353,36.202975183138236,RHYTHMIC,2.4870537756944007,True,,4.702212699898865,0.5710013248897441,0.9664139891523288,0.9710015460115267,0.5948215102777602,36.20586813643177,36.20586813643177,41.42974819296326,True
am,depth=1.0,pos,True,4,10354,55.23092915313945,WEAKLY_RHYTHMIC,1.7422920544251246,True,,2.660516284536727,0.7380678729144793,0.992323838385574,0.99066340374382,0.38803615378224976,55.21319217054391,55.21319217054391,27.167420339812303,True
am,depth=1.0,pos,True,5,10355,48.575418978384036,WEAKLY_RHYTHMIC,1.2789703783986708,False,cycles 3.9 < 10,2.684961647898096,0.5429805786800773,0.0,0.5518581310133391,0.13869055723107568,388.5192360122029,388.5192360122029,3.8608126984808724,True
am,depth=1.0,pos,True,6,10356,23.92585406552823,WEAKLY_RHYTHMIC,1.5662915854850215,True,,5.5567905142070035,0.6038065779230241,0.9108049408888887,0.9274689001999328,0.23056965614059216,23.92187937201643,23.92187937201643,62.704103497599135,True
am,depth=1.0,pos,True,7,10357,40.531722352426534,RHYTHMIC,2.3123952573915765,True,,3.055623132341734,0.5139904444921627,0.9718035501189897,0.9619786056853865,0.5249581029566306,40.52324828514859,40.52324828514859,37.015788799678646,True
am,depth=1.0,pos,True,8,10358,97.92751009926077,WEAKLY_RHYTHMIC,1.7342212746537509,True,,1.6008747335945226,0.71592312613294,0.9956669014319423,0.9866038316211674,0.3762528391605564,97.96530489741731,97.96530489741731,15.311543220027737,True
am,depth=1.0,pos,True,9,10359,90.23561690986317,WEAKLY_RHYTHMIC,1.6325116123276775,True,,2.0568782193958697,0.83591157415149,0.9975277179443431,0.9823571457965765,0.2721174419507557,90.19955228873428,90.19955228873428,16.629794294304347,True
am,depth=1.0,pos,True,10,10360,38.95805634058004,RHYTHMIC,2.445410586780438,True,,3.4119334402627115,0.5969887070748979,0.9947837736250776,0.9844578394128659,0.5781642347121752,38.94983217740697,38.94983217740697,38.511077356325096,True
am,depth=1.0,pos,True,11,10361,82.70807997577892,RHYTHMIC,2.3680542979952293,True,,2.0712888056768652,0.5911681674128034,0.9981958890382955,0.9928186189768289,0.5472217191980918,82.77539475866651,82.77539475866651,18.12132704861491,True
am,depth=1.0,pos,True,12,10362,48.184124507463345,WEAKLY_RHYTHMIC,1.7089837440420745,True,,2.6889156053754806,0.8046888651244877,0.9862752717089595,0.9874926187923782,0.34362341605569197,48.198518756999796,48.198518756999796,31.121288344201602,True
am,depth=1.0,pos,True,13,10363,29.177792654185634,RHYTHMIC,2.13442690545049,True,,5.122235822660314,0.7570390821705619,0.8934419251371896,0.9432961755992201,0.4537707621801962,29.183559756610922,29.183559756610922,51.39880167155436,True
am,depth=1.0,pos,True,14,10364,83.04033350850347,WEAKLY_RHYTHMIC,1.6562269798031506,True,,2.1269501135194298,0.7323530723605468,0.9956656867306016,0.9927387302901133,0.2908896106586216,83.0320189775914,83.0320189775914,18.065320083386368,True
am,depth=1.0,pos,True,15,10365,89.88192303241021,WEAKLY_RHYTHMIC,1.011918786702545,True,,2.010428477897069,0.652277524534922,0.9989757152713776,0.9762285476841273,0.101206255775552,89.89342603010743,89.89342603010743,16.68642598511725,True
am,depth=1.0,pos,True,16,10366,23.07430092876421,WEAKLY_RHYTHMIC,1.5991800988029574,True,,5.71491163291706,0.5892394302095773,0.9339631103873881,0.9354215398810665,0.24948860997508238,23.074529643427578,23.074529643427578,65.00674220361634,True
am,depth=1.0,pos,True,17,10367,30.57623387719239,RHYTHMIC,2.30638690971917,True,,3.858325429656019,0.7313585864369341,0.9533963650642617,0.9149518709116748,0.522554763887668,30.575776020864282,30.575776020864282,49.058444141415436,True
am,depth=1.0,pos,True,18,10368,63.761729153214226,WEAKLY_RHYTHMIC,1.6842946967988095,True,,2.867537950930017,0.767428149712301,0.9958107743414547,0.9911864914495823,0.3167510934596899,63.73043035439538,63.73043035439538,23.536636919894068,True
am,depth=1.0,pos,True,19,10369,67.23551806682426,WEAKLY_RHYTHMIC,1.4725195872190713,True,,2.571840048393496,0.6802697889997532,0.9868519083404428,0.9920558159355183,0.18958049925074966,67.21588605660361,67.21588605660361,22.316153040619373,True
am,depth=1.0,pos,True,20,10370,98.26289718068175,RHYTHMIC,2.6069887922152013,True,,1.5651681934665658,0.6916083293179465,0.9978673833881818,0.9796565705695034,0.6427955168860805,98.21599737549583,98.21599737549583,15.27246110697481,True
am,depth=1.0,pos,True,21,10371,60.703484929601785,RHYTHMIC,2.057338363665104,True,,2.415637323142895,0.6300496936651527,0.9994212244379787,0.9914764406663433,0.4229353454660417,60.71876087460743,60.71876087460743,24.704061453060707,True
am,depth=1.0,pos,True,22,10372,48.138489388391825,WEAKLY_RHYTHMIC,1.628856852545185,True,,2.664860893310703,0.7133348038564139,0.9854375685276491,0.984135362184885,0.2694378184960953,48.13386021897112,48.13386021897112,31.163093780057995,True
am,depth=1.0,pos,True,23,10373,22.397724920334845,RHYTHMIC,2.348329266642291,True,,5.030238281367843,0.6404696787696236,0.9407448420789116,0.8689995495723373,0.5393317066569165,22.39613360361271,22.39613360361271,66.97584621293899,True
am,depth=1.0,pos,True,24,10374,66.94630641798882,WEAKLY_RHYTHMIC,1.4175421304033422,True,,2.663823707594726,0.7054701254537519,0.9987909910785783,0.9910743579179349,0.1716862372711151,66.93237029372914,66.93237029372914,22.41068101155435,True
am,depth=1.0,pos,True,25,10375,19.105118137372465,WEAKLY_RHYTHMIC,1.7024579770893522,True,,5.786050445657332,0.727744147775068,0.7322878342389526,0.8511437126811694,0.33608698032556605,19.105140682464054,19.105140682464054,78.51290000585016,True
am,depth=1.0,pos,True,26,10376,18.66095107682963,RHYTHMIC,2.6070596477803285,True,,6.338554016936398,0.7205032492397884,0.9948428262235738,0.8130982106912599,0.6428238591121315,18.66079341106243,18.66079341106243,80.38243428121203,True
am,depth=1.0,pos,True,27,10377,58.307516900925805,WEAKLY_RHYTHMIC,1.7032842534758017,True,,2.0606168720071323,0.591793506491403,0.9970358027912622,0.9890967116999715,0.3370228953853133,58.285873483261106,58.285873483261106,25.735223826246322,True
am,depth=1.0,pos,True,28,10378,24.653598224830134,RHYTHMIC,2.061713213616681,True,,4.434625414835296,0.6411935932409777,0.9925688404797334,0.8719919512514325,0.4246852854466723,24.650653750018417,24.650653750018417,60.85031314834315,True
am,depth=1.0,pos,True,29,10379,20.81353233748868,RHYTHMIC,2.1141937742931916,True,,5.571628575464225,0.655004460898909,0.6485380523161575,0.818099372027896,0.4456775097172767,20.8137371601171,20.8137371601171,72.06778813726314,True
am,depth=1.0,pos,True,30,10380,26.366262755452148,WEAKLY_RHYTHMIC,1.7167732719841997,True,,5.181442572575164,0.6415205900637109,0.9772909057755033,0.8881262940305262,0.3530740220055126,26.366322939331464,26.366322939331464,56.89075429484342,True
am,depth=1.0,pos,True,31,10381,28.789840704392816,WEAKLY_RHYTHMIC,1.6907425790535529,True,,5.141759822998204,0.6310896461870195,0.9371078998091682,0.9296163076463694,0.3233552155158035,28.787325933273962,28.787325933273962,52.106263828632244,True
am,depth=1.0,pos,True,32,10382,26.91737581562289,RHYTHMIC,2.090360267903905,True,,4.281223285324622,0.6295525725065266,0.9607467074502075,0.9673790225462703,0.43614410716156193,26.915822411718523,26.915822411718523,55.7293021574899,True
am,depth=1.0,pos,True,33,10383,60.540070836632296,RHYTHMIC,2.515460812388249,True,,2.4123762065381187,0.6064708884874256,0.9938161628957314,0.9860977158546117,0.6061843249552997,60.550003793653524,60.550003793653524,24.772913394222126,True
am,depth=1.0,pos,True,34,10384,26.670845673764596,RHYTHMIC,2.5184554541922517,True,,4.8629840345524045,0.5904897316402451,0.9890701149213648,0.9014065162510437,0.6073821816769007,26.673367742623515,26.673367742623515,56.235868469020865,True
am,depth=1.0,pos,True,35,10385,16.397130381051532,WEAKLY_RHYTHMIC,1.2566410266021883,True,,6.257500230086025,0.522463259572395,0.4035735233392464,0.31085806669358135,0.24551387108390527,131.16310292957192,131.16310292957192,11.436142989125727,True
am,depth=1.0,pos,True,36,10386,16.35907257299579,RHYTHMIC,2.439821972576635,True,,7.357413597976371,0.5863749986710197,0.9654264550150338,0.7285794488457411,0.575928789030654,16.358662378898842,16.358662378898842,91.6945386644119,True
am,depth=1.0,pos,True,37,10387,69.1955083795979,WEAKLY_RHYTHMIC,1.5471322833298347,True,,2.241329328367746,0.741105030842359,0.9972407625622144,0.9967072946530477,0.2208150334390748,69.21543245185967,69.21543245185967,21.671467573987517,True
am,depth=1.0,pos,True,38,10388,21.842301536486175,RHYTHMIC,2.665322853858218,True,,6.117122513345503,0.7785765895715308,0.6578034921560566,0.8555971769830444,0.6661291415432873,21.846335447241934,21.846335447241934,68.66140106758147,True
am,depth=1.0,pos,True,39,10389,45.441094901542485,RHYTHMIC,2.384693009399625,True,,3.1486605117802418,0.5331115995347956,0.9722881943375814,0.9690432636426591,0.5538772037598501,45.44289672633703,45.44289672633703,33.008459144521375,True
am,depth=1.0,pos,True,40,10390,49.7987739036316,RHYTHMIC,2.1213243143323712,True,,3.0946399079010316,0.6198781048229942,0.9839087030316771,0.9879169430229691,0.4485297257329484,49.80470618974694,49.80470618974694,30.117635756855403,True
am,depth=1.0,pos,True,41,10391,49.16028535936296,WEAKLY_RHYTHMIC,1.5147841855098756,True,,3.1050978159449536,0.6452397875786983,0.9697233082962035,0.9801216263923012,0.20609385970876115,49.14080082430668,49.14080082430668,30.52453307309656,True
am,depth=1.0,pos,True,42,10392,76.1418597622995,WEAKLY_RHYTHMIC,1.1300981889611839,True,,1.6010137616434095,0.5917929417626677,0.9984407547709481,0.994001262292037,0.11495550271424587,76.10139906344422,76.10139906344422,19.71054433243047,True
am,depth=1.0,pos,True,43,10393,34.861377070978754,RHYTHMIC,2.410423384073539,True,,3.6449939475956583,0.6691966160097594,0.9464898680774767,0.9595560594279187,0.5641693536294157,34.861334237526066,34.861334237526066,43.027613050602724,True
am,depth=1.0,pos,True,44,10394,85.653229470721,WEAKLY_RHYTHMIC,1.7449030088665072,True,,2.204828008977377,0.5256053284642738,0.9944091439485255,0.9800193992455775,0.3988698497901613,85.57412149020458,85.57412149020458,17.528663734768234,True
am,depth=1.0,pos,True,45,10395,23.598918558005817,RHYTHMIC,2.4746035036000253,True,,6.284758701612738,0.6010065956711534,0.929187563080829,0.8604715049508463,0.5898414014400102,23.601519021980955,23.601519021980955,63.55523127994411,True
am,depth=1.0,pos,True,46,10396,33.38083739400202,RHYTHMIC,2.2988437405650934,True,,3.9433224719236253,0.710895041896917,0.9863543260257277,0.9414500655392674,0.5195374962260374,33.38189111412288,33.38189111412288,44.934542350280296,True
am,depth=1.0,pos,True,47,10397,24.562744512648646,RHYTHMIC,2.6836927018379657,True,,4.790914654666518,0.5122990953768529,0.8730941747756721,0.874596129324158,0.6734770807351863,24.56437216606785,24.56437216606785,61.06404795771798,True
am,depth=1.0,pos,True,48,10398,70.47902933255294,ARRHYTHMIC,0.4386238889231924,True,,2.0957829822988066,0.6869975767979666,0.993668804205848,0.9900583221536572,0.08772477778463848,70.49036940874552,70.49036940874552,21.279502612649093,True
am,depth=1.0,pos,True,49,10399,82.71644087273253,WEAKLY_RHYTHMIC,1.4090271399002878,True,,2.132435225946309,0.7991682281918066,0.9999577048048702,0.9967257468600494,0.1692125083089729,82.61389708253026,82.61389708253026,18.156751502734686,True
jitter,j=0.01,pos,True,0,10400,39.305538709173895,RHYTHMIC,2.7091295178382504,True,,3.4568114922494777,0.5353267638018734,0.9939492198520535,0.9742145915837404,0.6836518071353002,39.32896717878196,39.32896717878196,38.139826890985645,True
jitter,j=0.01,pos,True,1,10401,16.969469435251593,RHYTHMIC,3.3657853181308397,True,,11.006190154039189,0.8164587500123345,0.9229842412155418,0.926990416925095,0.9463141272523359,16.957244909118785,16.957244909118785,88.45776587170553,True
jitter,j=0.01,pos,True,2,10402,29.337206382707354,WEAKLY_RHYTHMIC,1.6624776321613899,True,,5.36229848223874,0.6277582554766474,0.9802073178084405,0.9216630269253214,0.2962766605376982,29.36403948796262,29.36403948796262,51.08289002999414,True
jitter,j=0.01,pos,True,3,10403,39.6765401783531,WEAKLY_RHYTHMIC,1.6715670728030425,True,,3.0324455502927687,0.6860191771727648,0.9915793599019804,0.9683136897694758,0.3044761706856241,39.704471798446455,39.704471798446455,37.77911988388904,True
jitter,j=0.01,pos,True,4,10404,67.92351126849441,RHYTHMIC,2.17027532461049,True,,2.6086504550337484,0.7552178462607589,0.9978696003031999,0.998687567475344,0.4681101298441961,67.85588758971362,67.85588758971362,22.105672083602474,True
jitter,j=0.01,pos,True,5,10405,19.069096845946298,RHYTHMIC,3.376552620377871,True,,6.756365749868345,0.6801819923479654,0.836705417940793,0.8771466496102531,0.9506210481511486,19.077117614394428,19.077117614394428,78.62823044442477,True
jitter,j=0.01,pos,True,6,10406,25.91024192478916,RHYTHMIC,3.1881197139901767,True,,7.267006978733017,0.635240972571428,0.87432879175261,0.9427427474002499,0.8752478855960707,25.87946759162052,25.87946759162052,57.961006913669394,True
jitter,j=0.01,pos,True,7,10407,73.7965834493848,RHYTHMIC,2.610138580569501,True,,1.4943675555419722,0.712901355931508,0.9940148362512943,0.9920479821084633,0.6440554322278004,73.37221361091724,73.37221361091724,20.443706495680964,True
jitter,j=0.01,pos,True,8,10408,16.690777045213697,WEAKLY_RHYTHMIC,1.6775569855701595,True,,8.509532012525739,0.6872207606371523,0.9303969587633173,0.7386374796312863,0.3925312715403058,16.6807982943236,16.6807982943236,89.92375385957656,True
jitter,j=0.01,pos,True,9,10409,63.65304628979427,WEAKLY_RHYTHMIC,1.6384836946385501,True,,3.0046766065148587,0.7100640646188976,0.9936217775573297,0.9921062097337735,0.2766126963485599,63.4082976741563,63.4082976741563,23.65620991290804,True
jitter,j=0.01,pos,True,10,10410,27.17937845264045,RHYTHMIC,2.20825296650019,True,,4.641737352161721,0.5394324198837024,0.8412852198105022,0.9378259219033722,0.4833011866000759,27.13800427119586,27.13800427119586,55.27304016206131,True
jitter,j=0.01,pos,True,11,10411,99.64200059449068,RHYTHMIC,2.2455576535268555,True,,1.5080773304966961,0.5940796913099684,0.9977465161650365,0.9984624905510959,0.49822306141074235,99.9239185934537,99.9239185934537,15.01142090016343,True
jitter,j=0.01,pos,True,12,10412,24.374434821464934,RHYTHMIC,3.314679825770931,True,,5.4690865786117575,0.5456728772922369,0.9923128228852519,0.8672939842546945,0.9258719303083726,24.355952031967597,24.355952031967597,61.586588692210626,True
jitter,j=0.01,pos,True,13,10413,20.775277743013493,RHYTHMIC,3.253110795279323,True,,6.664832812882233,0.7066873667441683,0.9044392930026055,0.788588778347763,0.9276886094915858,20.72111534568178,20.72111534568178,72.38992568576168,True
jitter,j=0.01,pos,True,14,10414,28.37605753429937,RHYTHMIC,3.245245400288021,True,,6.739253597509833,0.754734684732295,0.9843569117231213,0.9134464813163051,0.8980981601152085,28.386470645285037,28.386470645285037,52.84207461871095,True
jitter,j=0.01,pos,True,15,10415,17.772070522821675,RHYTHMIC,2.4631414663585005,True,,7.334131731777328,0.6946993796967939,0.6672463063405542,0.7401606652913797,0.5852565865434002,17.77363147462035,17.77363147462035,84.39468333423632,True
jitter,j=0.01,pos,True,16,10416,37.11967461935892,RHYTHMIC,2.555778056534129,True,,5.1321533728169975,0.6098514941295501,0.9547649588180844,0.9735667995746834,0.6223112226136517,37.10650395599679,37.10650395599679,40.4241801323777,True
jitter,j=0.01,pos,True,17,10417,90.13516980468762,RHYTHMIC,2.9060865668873177,True,,2.1111728948263258,0.8032026162802656,0.9990139798260259,0.9989175705415984,0.762434626754927,90.23159170772155,90.23159170772155,16.623889389636442,True
jitter,j=0.01,pos,True,18,10418,34.11469919217657,WEAKLY_RHYTHMIC,1.727366733983981,True,,3.449928046430699,0.7634231199087977,0.9362164721966141,0.9685071162119412,0.36679309704680124,34.17991600889386,34.17991600889386,43.88542088897144,True
jitter,j=0.01,pos,True,19,10419,50.844710735915044,RHYTHMIC,2.58818164010209,True,,3.7438845621143964,0.8183664740692018,0.9989299129683804,0.9992248590514136,0.635272656040836,50.97028235445936,50.97028235445936,29.42891290200526,True
jitter,j=0.01,pos,True,20,10420,20.44924280735136,RHYTHMIC,3.1295386455700585,True,,6.466181722355777,0.6123990194668513,0.6740837250958669,0.8543321182049952,0.8518154582280235,20.478064606317194,20.478064606317194,73.24910966133348,True
jitter,j=0.01,pos,True,21,10421,21.754343666791076,WEAKLY_RHYTHMIC,1.5426867356705851,True,,7.6146578769781295,0.6381395583107204,0.8120477753012986,0.834249913562323,0.21866848788354265,21.784895448567575,21.784895448567575,68.85504699994462,True
jitter,j=0.01,pos,True,22,10422,58.737234427073105,RHYTHMIC,2.374731653955228,True,,2.189784018762314,0.6645607824350884,0.9971187826671979,0.992826108071091,0.5498926615820912,58.55062381717924,58.55062381717924,25.618855995175366,True
jitter,j=0.01,pos,True,23,10423,84.38673555176162,RHYTHMIC,2.2824903720511327,True,,2.2341225062376995,0.5812891278643487,0.9964962214230588,0.997202264671277,0.5129961488204531,84.0521054567192,84.0521054567192,17.846072883592335,True
jitter,j=0.01,pos,True,24,10424,40.56987679941386,WEAKLY_RHYTHMIC,1.3308363062724489,True,,3.4231737649704823,0.7718049690180788,0.9634885794822348,0.9629462242172145,0.14944026541989117,40.530320973459254,40.530320973459254,37.00932941000529,True
jitter,j=0.01,pos,True,25,10425,20.38632361703662,WEAKLY_RHYTHMIC,1.0060042687688644,True,,6.661279579098558,0.7980299070313758,0.9373014606812846,0.8480541994757032,0.10060405377812114,20.383510026292583,20.383510026292583,73.58889602748289,True
jitter,j=0.01,pos,True,26,10426,73.51426635910691,WEAKLY_RHYTHMIC,1.1884490876885268,True,,1.4967397056809073,0.6836605342360528,0.9956562068051967,0.9975781864609645,0.12322085833799176,73.87064241790151,73.87064241790151,20.30576628147065,True
jitter,j=0.01,pos,True,27,10427,17.87385238418584,RHYTHMIC,2.952675466268757,True,,7.897014660791956,0.6112419604583942,0.4500201517441936,0.7666374301732761,0.7810701865075028,17.85009002201664,17.85009002201664,84.03318964497498,True
jitter,j=0.01,pos,True,28,10428,19.34046084571573,RHYTHMIC,3.115875297489528,True,,8.09406712588803,0.5789202382488922,0.965298628273952,0.7845656626986757,0.8463501189958114,19.284779236334327,19.284779236334327,77.78154894165756,True
jitter,j=0.01,pos,True,29,10429,79.93381219627227,WEAKLY_RHYTHMIC,1.3995934793723983,True,,2.020413691158609,0.7220988304077881,0.9983612859455028,0.9988206666006043,0.16655382072711428,79.77136783711309,79.77136783711309,18.80373924467339,True
jitter,j=0.01,pos,True,30,10430,32.94147855881852,WEAKLY_RHYTHMIC,1.5015810588239278,True,,5.405473597290205,0.5593501751627264,0.913074546039871,0.9695863479821039,0.2006344296708296,32.82764225711103,32.82764225711103,45.69319929380777,True
jitter,j=0.01,pos,True,31,10431,71.7821623723973,RHYTHMIC,2.545682671862867,True,,2.05127033695383,0.8160079465622199,0.9973607410707471,0.9963296504324578,0.6182730687451468,71.62861750691745,71.62861750691745,20.941350708816056,True
jitter,j=0.01,pos,True,32,10432,62.987398882344216,RHYTHMIC,2.097855781148697,True,,2.970126357920949,0.702910528015954,0.9976876519438642,0.9983321048641478,0.4391423124594788,62.97647079045813,62.97647079045813,23.818419501323856,True
jitter,j=0.01,pos,True,33,10433,82.47828230670557,RHYTHMIC,2.2624394070544094,True,,2.1720028515908023,0.5889349816060064,0.9985684158257361,0.9976699160293843,0.5049757628217638,82.45001037955926,82.45001037955926,18.192841857687323,True
jitter,j=0.01,pos,True,34,10434,18.862789995932104,RHYTHMIC,2.4773269252644985,True,,7.111793739883841,0.7355006100199162,0.7393574058054722,0.8505552988081012,0.5909307701057995,18.90744078002658,18.90744078002658,79.33384625932919,True
jitter,j=0.01,pos,True,35,10435,23.979972479469875,RHYTHMIC,2.9457969115538822,True,,6.358147759121553,0.7632492087779276,0.9895864250810948,0.9902046400700636,0.7783187646215529,23.987855668144295,23.987855668144295,62.531641875434055,True
jitter,j=0.01,pos,True,36,10436,49.36578232960007,RHYTHMIC,2.6584296115079717,True,,3.489741219559137,0.599158803801976,0.9850416995848063,0.9813040969814477,0.6633718446031888,49.46478641486454,49.46478641486454,30.324602787514284,True
jitter,j=0.01,pos,True,37,10437,55.814494269867225,RHYTHMIC,3.0416930070939614,True,,2.607395866601368,0.726472831572606,0.99451656728553,0.9956520212778353,0.8166772028375846,55.95250695489223,55.95250695489223,26.808450266746213,True
jitter,j=0.01,pos,True,38,10438,82.80208313336108,WEAKLY_RHYTHMIC,1.43599472314571,True,,2.2134088572512707,0.5564191944936547,0.9980522695864643,0.9986391493763416,0.17730330566718236,83.1210926469958,83.1210926469958,18.045961045896014,True
jitter,j=0.01,pos,True,39,10439,36.98949908670329,RHYTHMIC,2.374743085949689,True,,5.151536758298225,0.5720015070948862,0.985456090673073,0.9856483276251462,0.5498972343798757,36.87614326817606,36.87614326817606,40.67670496590388,True
jitter,j=0.01,pos,True,40,10440,43.07551196318175,RHYTHMIC,2.2248538677067553,True,,4.431791742733069,0.7501539921918422,0.9679457337598514,0.987008497213813,0.48994154708270216,43.1335774073843,43.1335774073843,34.775691935610375,True
jitter,j=0.01,pos,True,41,10441,25.623721769073576,RHYTHMIC,3.2340218125426246,True,,7.447562561565498,0.5886822503062203,0.9917906027059663,0.8921335998693131,0.8936087250170499,25.657723051206553,25.657723051206553,58.46192965004596,True
jitter,j=0.01,pos,True,42,10442,74.16885626393038,RHYTHMIC,2.602033812720101,True,,1.5213695270998495,0.7196047988874207,0.9984647869174119,0.9981714672415984,0.6408135250880405,74.07658184960354,74.07658184960354,20.249314460073563,True
jitter,j=0.01,pos,True,43,10443,68.69529979545001,RHYTHMIC,2.6155918601641757,True,,2.4397850017807254,0.6096400087348259,0.9964789853569918,0.9956055535245861,0.6462367440656703,68.5158446187538,68.5158446187538,21.892746244996705,True
jitter,j=0.01,pos,True,44,10444,84.34518232409322,WEAKLY_RHYTHMIC,1.6688700271184838,True,,2.2529507158342184,0.6442461473670161,0.991758690515314,0.9916242125076863,0.30199621958046563,84.62785672761946,84.62785672761946,17.72466015330924,True
jitter,j=0.01,pos,True,45,10445,18.112079485418104,RHYTHMIC,3.2992475738789575,True,,10.024656967382967,0.8098210028745518,0.6971740965817126,0.8047366508576351,0.93566998144368,18.078945219083323,18.078945219083323,82.9694421783339,True
jitter,j=0.01,pos,True,46,10446,70.36726494156936,RHYTHMIC,2.266666877920864,True,,2.2180637548754354,0.6744396668630153,0.9990337143964072,0.9975400650135459,0.5066667511683456,70.31987939669358,70.31987939669358,21.331094604672053,True
jitter,j=0.01,pos,True,47,10447,34.99921115899301,RHYTHMIC,2.3155047113934915,True,,4.028135568081897,0.7701404708008751,0.9958599711491445,0.9973041287808355,0.5262018845573966,34.99678088197643,34.99678088197643,42.861084996892096,True
jitter,j=0.01,pos,True,48,10448,73.33375078403172,WEAKLY_RHYTHMIC,1.6187752808850369,True,,1.9802375084429749,0.5568881785555314,0.9960756971184793,0.9983193187454411,0.26231247604341146,72.86074557892229,72.86074557892229,20.587217274289483,True
jitter,j=0.01,pos,True,49,10449,50.662811118659626,RHYTHMIC,3.1490257541512743,True,,3.7134003321730815,0.6857258443878684,0.988468537609555,0.9945168894729013,0.8596103016605098,50.82096590347592,50.82096590347592,29.515377626803563,True
jitter,j=0.02,pos,True,0,10450,34.6049612186623,RHYTHMIC,2.9756591045388676,True,,3.640691090809322,0.6628213800954889,0.9497545380497485,0.9434115175883984,0.7902636418155472,34.53967674704161,34.53967674704161,43.4283161068807,True
jitter,j=0.02,pos,True,1,10451,48.29362577855733,WEAKLY_RHYTHMIC,1.269171439023912,True,,2.982641982313188,0.5533723208079053,0.9965724350725281,0.9878609210743112,0.13683099613189842,48.34828065387923,48.34828065387923,31.02488815969193,True
jitter,j=0.02,pos,True,2,10452,44.59360782249642,RHYTHMIC,2.7233086135031854,True,,3.604403287391572,0.5887584524696556,0.9566943858843224,0.9727377533186852,0.6893234454012743,44.91709731605048,44.91709731605048,33.39485607107556,True
jitter,j=0.02,pos,True,3,10453,56.739340009979074,RHYTHMIC,2.5092859328834987,True,,2.4721035023119184,0.7185295382226596,0.9888961780150785,0.9837300049358706,0.6037143731533995,56.76541739603696,56.76541739603696,26.42453924957348,True
jitter,j=0.02,pos,True,4,10454,59.94305678361588,ARRHYTHMIC,0.2991798085301328,True,,2.5881583422970507,0.5342392684888111,0.993194813507781,0.9910773884265442,0.059835961706026564,60.30993975284803,60.30993975284803,24.871522109739217,True
jitter,j=0.02,pos,True,5,10455,35.97377722156969,RHYTHMIC,3.1535606540717844,True,,5.086354210132315,0.8158915873129208,0.9785909962479803,0.980547229844381,0.8614242616287138,36.04162059876137,36.04162059876137,41.61855030601898,True
jitter,j=0.02,pos,True,6,10456,32.1446881877361,RHYTHMIC,2.0707704272037466,True,,5.902640286002407,0.6894151495949544,0.9343243733726073,0.9263508145195317,0.4283081708814986,32.297056947166155,32.297056947166155,46.443860270420544,True
jitter,j=0.02,pos,True,7,10457,44.572756638971185,WEAKLY_RHYTHMIC,1.6735228455504978,True,,3.6103490107483207,0.6086943521126056,0.9932984926752059,0.9827053317942779,0.30630014577472536,44.76664331081226,44.76664331081226,33.50709119702331,True
jitter,j=0.02,pos,True,8,10458,22.12673116473956,RHYTHMIC,2.8058067094109607,True,,6.130618997752162,0.6079877964106808,0.7701048238724402,0.8812519244924164,0.7223226837643844,22.11970586809247,22.11970586809247,67.81283661478248,True
jitter,j=0.02,pos,True,9,10459,57.53371842418878,WEAKLY_RHYTHMIC,1.7063590522801844,True,,2.0398138748583894,0.6419095171474752,0.9864590265965463,0.986650865559918,0.3405519590388236,57.39771382110796,57.39771382110796,26.13344504756871,True
jitter,j=0.02,pos,True,10,10460,25.668466891489672,RHYTHMIC,2.9434471206703874,True,,7.444413417578396,0.6391428109080443,0.9037007507663081,0.8685327986801774,0.777378848268155,25.589474601164916,25.589474601164916,58.61785063503082,True
jitter,j=0.02,pos,True,11,10461,40.683155711950064,ARRHYTHMIC,0.0933493079353067,True,,3.6132757450065762,0.8217917232806013,0.9925980208564482,0.978477391970421,0.01866986158706134,40.71931597954845,40.71931597954845,36.83755396955551,True
jitter,j=0.02,pos,True,12,10462,89.58105912843975,RHYTHMIC,2.0534258707244564,True,,2.1456148165456086,0.6085218910257835,0.9994266588269141,0.9984688670173043,0.42137034828978254,89.39188849284182,89.39188849284182,16.78004598952079,True
jitter,j=0.02,pos,True,13,10463,21.69744944213718,RHYTHMIC,3.3157126283418767,True,,7.7664166305815705,0.6341023224828607,0.9156812402344674,0.817262884399419,0.9262850513367508,21.72109212549041,21.72109212549041,69.05730114001501,True
jitter,j=0.02,pos,True,14,10464,25.11064837988413,RHYTHMIC,2.9457866822940044,True,,7.0407820963700845,0.5821540899725958,0.8231536623027244,0.9029352890755137,0.7783146729176017,25.208262162027076,25.208262162027076,59.50430023135638,True
jitter,j=0.02,pos,True,15,10465,20.15976550290558,RHYTHMIC,3.249692629439805,True,,7.6392237263819665,0.8577897535850032,0.6331471082401997,0.8320109487197348,0.8998770517759221,20.120041716959847,20.120041716959847,74.55252931884334,True
jitter,j=0.02,pos,True,16,10466,53.92102925538968,RHYTHMIC,2.537798728194381,True,,3.261262113878657,0.653869859107111,0.971567607631091,0.9756621437891632,0.6151194912777525,53.38235181947493,53.38235181947493,28.09917414415546,True
jitter,j=0.02,pos,True,17,10467,27.099067694661336,RHYTHMIC,2.639802268277186,True,,4.586573349207012,0.676805627536988,0.8854368769493579,0.9448558495958677,0.6559209073108744,27.133046406501645,27.133046406501645,55.28313988511694,True
jitter,j=0.02,pos,True,18,10468,31.34157791210488,RHYTHMIC,2.674950336880425,True,,5.635868529108052,0.5731813506260517,0.9755551628971684,0.9308429964508769,0.66998013475217,31.39716517575116,31.39716517575116,47.77501381425635,True
jitter,j=0.02,pos,True,19,10469,28.17654602049841,RHYTHMIC,2.9101526781102143,True,,6.6736367272697406,0.5480452840733386,0.9390312717854081,0.92834433004469,0.7640610712440858,28.235829347358926,28.235829347358926,53.12399297881096,True
jitter,j=0.02,pos,True,20,10470,65.00035033643563,RHYTHMIC,2.161550631635067,True,,2.9519548360113763,0.6350980502527853,0.9923788543428254,0.9892119659561862,0.46462025265402673,65.23706007918676,65.23706007918676,22.99306557008016,True
jitter,j=0.02,pos,True,21,10471,43.90547485848962,RHYTHMIC,3.3192054945354084,True,,4.056504376388113,0.7070223129455142,0.9688274061300263,0.9881591574193326,0.9276821978141634,44.19415551657574,44.19415551657574,33.941139557184215,True
jitter,j=0.02,pos,True,22,10472,21.93044422438633,WEAKLY_RHYTHMIC,1.2670270316240098,True,,6.696872369319465,0.6100374439607678,0.9433831355974808,0.944385337949883,0.1364306793217283,21.931386813091102,21.931386813091102,68.39512762159812,True
jitter,j=0.02,pos,True,23,10473,16.76469661065383,WEAKLY_RHYTHMIC,1.3435464683722271,True,,8.966701106266031,0.68294503716487,0.5460325916681097,0.7335775754406765,0.1523337070821073,16.768013632885708,16.768013632885708,89.45603413979667,True
jitter,j=0.02,pos,True,24,10474,67.90991062869459,WEAKLY_RHYTHMIC,1.3246171477464572,True,,2.511428233432096,0.5672101023138731,0.9895350189297348,0.9935222867054077,0.14806416785136176,68.02081537588423,68.02081537588423,22.052073203047826,True
jitter,j=0.02,pos,True,25,10475,39.26232598641112,ARRHYTHMIC,0.0,True,,3.5356884427584814,0.6274772331027523,0.9781617393354083,0.9882696587971042,-0.036735324065370535,39.115506233530425,39.115506233530425,38.347963363802165,True
jitter,j=0.02,pos,True,26,10476,82.43331787773651,RHYTHMIC,2.353641959931238,True,,2.185154076781358,0.6254150165787469,0.9936059629082798,0.9966118097543872,0.5414567839724953,82.08912107766238,82.08912107766238,18.272823247563938,True
jitter,j=0.02,pos,True,27,10477,18.231857704976747,RHYTHMIC,3.1535772200484584,True,,10.346897250238223,0.5711888727985606,0.7870682496275063,0.7537520270169604,0.8920627397073055,18.275584520705845,18.275584520705845,82.07671816463831,True
jitter,j=0.02,pos,True,28,10478,20.628085244958562,RHYTHMIC,3.019517165827797,True,,6.34487334049854,0.5433482695317509,0.9505958988642886,0.8299094326013605,0.8078068663311189,20.615836169102014,20.615836169102014,72.75960032356704,True
jitter,j=0.02,pos,True,29,10479,88.64022013291734,RHYTHMIC,2.242705189603417,True,,2.1801680683823585,0.8093680489005529,0.9995041394595692,0.997879627566344,0.4970820758413668,88.32351008293485,88.32351008293485,16.983020699602132,True
jitter,j=0.02,pos,True,30,10480,20.38136937552602,RHYTHMIC,3.0966074615789863,True,,6.54986544287733,0.7538063287560902,0.8740927289097,0.840571968247939,0.8386429846315945,20.39422911438617,20.39422911438617,73.55021813214279,True
jitter,j=0.02,pos,True,31,10481,28.412240153120127,RHYTHMIC,2.5804752743120956,True,,6.664942400931862,0.6101230772419275,0.9620033249807298,0.9044128294196483,0.6321901097248384,28.60333365294512,28.60333365294512,52.44143980558552,True
jitter,j=0.02,pos,True,32,10482,20.163001746236382,RHYTHMIC,2.704592033066327,True,,7.298845178711048,0.8211878447554573,0.6090682752788293,0.7973212635790643,0.6818368132265308,20.17650667696556,20.17650667696556,74.34389034809827,True
jitter,j=0.02,pos,True,33,10483,45.3185345388851,WEAKLY_RHYTHMIC,1.7088840746591414,True,,3.283518078700748,0.7393184582458089,0.9680817265238981,0.963563937503416,0.34350576967891094,45.38125347158796,45.38125347158796,33.05329591521996,True
jitter,j=0.02,pos,True,34,10484,18.007843746683186,RHYTHMIC,2.945984778649636,True,,9.321163829356308,0.6896398523548765,0.8007134020016526,0.8039255387751243,0.7783939114598545,18.01793538740848,18.01793538740848,83.25038178615341,True
jitter,j=0.02,pos,True,35,10485,75.44206860672668,RHYTHMIC,2.634906896106829,True,,1.6398183619876663,0.533036408157595,0.9922019577875694,0.9942862372178255,0.6539627584427317,76.40257572568524,76.40257572568524,19.632845957780003,True
jitter,j=0.02,pos,True,36,10486,16.89147807438693,RHYTHMIC,3.0965964380971336,True,,10.726726790018317,0.835100107563467,0.6919473238126796,0.7876393781204455,0.8386385752388535,16.90253262108186,16.90253262108186,88.74409732711354,True
jitter,j=0.02,pos,True,37,10487,75.8718311269977,RHYTHMIC,2.278135045970642,True,,1.6304020690373786,0.6287611164954438,0.9927409119280474,0.9946642230022346,0.5112540183882569,75.67302073250482,75.67302073250482,19.822123994525374,True
jitter,j=0.02,pos,True,38,10488,29.809510083874052,RHYTHMIC,3.0967981286569186,True,,4.625652489200902,0.6856663295538006,0.9400569979076341,0.9617819560940857,0.8387192514627675,29.91222502360092,29.91222502360092,50.146720908140104,True
jitter,j=0.02,pos,True,39,10489,60.73749687113501,RHYTHMIC,2.3185512232160894,True,,2.695724739709181,0.6307472480543169,0.9650720005223484,0.9706320227542703,0.5274204892864357,60.73278181808432,60.73278181808432,24.698358202873344,True
jitter,j=0.02,pos,True,40,10490,59.879562044237545,RHYTHMIC,2.3390545448599074,True,,2.344540270779405,0.7417222888887771,0.9827802243097687,0.9748942912482652,0.535621817943963,59.244329416580904,59.244329416580904,25.318878866070683,True
jitter,j=0.02,pos,True,41,10491,33.551218489470514,WEAKLY_RHYTHMIC,1.6536465940082405,True,,4.205677974675636,0.5409401131675622,0.962460237350194,0.9426168387337406,0.28872243861340635,33.77661726622905,33.77661726622905,44.40942052239637,True
jitter,j=0.02,pos,True,42,10492,22.479332368327814,RHYTHMIC,2.997420269602788,True,,5.8242588985427135,0.5599459118682389,0.6984208079056919,0.8615789595634744,0.7989681078411152,22.495069412854008,22.495069412854008,66.68127901587529,True
jitter,j=0.02,pos,True,43,10493,50.598478021896696,RHYTHMIC,2.9303141011106337,True,,3.7255195757886077,0.6102761789201852,0.9888430414506709,0.992506110032583,0.7721256404442535,50.823402779987724,50.823402779987724,29.513962425802816,True
jitter,j=0.02,pos,True,44,10494,27.37585115896633,RHYTHMIC,3.3189286128176394,True,,4.89937324876097,0.6941874056045046,0.9178558756889188,0.855726752737508,0.9275714451270558,27.367748180121428,27.367748180121428,54.809039827746055,True
jitter,j=0.02,pos,True,45,10495,41.689781653373,RHYTHMIC,2.569110762135014,True,,4.298696226464544,0.7317108178166865,0.9535577341978531,0.974004471862903,0.6276443048540057,41.8806025173595,41.8806025173595,35.816103633615356,True
jitter,j=0.02,pos,True,46,10496,19.585276655056813,RHYTHMIC,2.270256436145967,True,,9.411329522134402,0.6441451161278341,0.5858634970791733,0.8334476499076164,0.5081025744583869,19.533568785541863,19.533568785541863,76.79088324660125,True
jitter,j=0.02,pos,True,47,10497,26.888634324540856,RHYTHMIC,2.896868339724743,True,,4.9023706051409315,0.7371368674735472,0.933686214789746,0.9456778779361521,0.7587473358898973,26.89251055224493,26.89251055224493,55.77761128273624,True
jitter,j=0.02,pos,True,48,10498,76.56600710813339,WEAKLY_RHYTHMIC,1.6406796236112389,True,,1.6130329013104663,0.6029406310081071,0.9982696766073174,0.9975186750776115,0.2783031705716754,75.61379433902053,75.61379433902053,19.837650168362526,True
jitter,j=0.02,pos,True,49,10499,59.71975968600481,WEAKLY_RHYTHMIC,1.607422468955444,True,,2.4122793294410148,0.6065682343243918,0.9883358599722819,0.9945457156732409,0.2547267535508812,59.83588779524495,59.83588779524495,25.06856763173492,True
jitter,j=0.05,pos,False,0,10500,61.834522701152665,RHYTHMIC,2.0338169923244673,True,,2.868195088833241,0.6621056189198079,0.9857707095693455,0.9892794445389397,0.413526796929787,63.020348476486085,63.020348476486085,23.80183601427838,True
jitter,j=0.05,pos,False,1,10501,34.86938548372459,RHYTHMIC,2.0725953704333637,True,,3.568028817153998,0.5636550116453442,0.7133329832474683,0.7435163142146772,0.42903814817334557,35.01183579802768,35.01183579802768,42.84265494254658,True
jitter,j=0.05,pos,False,2,10502,16.354852459284313,RHYTHMIC,2.6955927351553575,True,,7.654764936173092,0.7167363157572352,0.5458092989501403,0.6476263935535373,0.6782370940621429,16.421776179135062,16.421776179135062,91.34212911182213,True
jitter,j=0.05,pos,False,3,10503,33.39353124327658,RHYTHMIC,2.7026157242339486,True,,4.7610875222865765,0.7415265026451916,0.6923834299136712,0.6695939983434783,0.6810462896935795,33.35348009418261,33.35348009418261,44.97281830154883,True
jitter,j=0.05,pos,False,4,10504,31.038586724786818,ARRHYTHMIC,0.0,True,,4.779234205580212,0.8072408986244061,0.8082780710026106,0.8440484660166213,-0.03776041631136115,31.281779032320667,31.281779032320667,47.95123699487117,True
jitter,j=0.05,pos,False,5,10505,83.70427710074627,ARRHYTHMIC,0.43846125763808014,True,,2.111979382616543,0.8266560795432301,0.9026796225240706,0.926060007221956,0.08769225152761603,82.57454001495957,82.57454001495957,18.165405459458245,True
jitter,j=0.05,pos,False,6,10506,65.45865810395001,WEAKLY_RHYTHMIC,1.314307049816109,True,,2.9037054327502565,0.7194420213957795,0.9473097374427979,0.9503837990250956,0.14583787097881307,64.8774840896432,64.8774840896432,23.120501989987837,True
jitter,j=0.05,pos,False,7,10507,59.916093901062354,RHYTHMIC,2.745983875089224,True,,2.43092113599125,0.6964352530510097,0.9761319036102136,0.9809498440534448,0.6983935500356897,60.097766889898594,60.097766889898594,24.95933006542585,True
jitter,j=0.05,pos,False,8,10508,20.806918786569327,RHYTHMIC,2.1569827070898038,True,,6.3604486866176355,0.7376669376828414,0.30757354879338916,0.5753192457182905,0.46279308283592147,20.84285829876068,20.84285829876068,71.96709676278853,True
jitter,j=0.05,pos,False,9,10509,43.83999136170726,WEAKLY_RHYTHMIC,1.7081842810661858,True,,4.100477452413878,0.5759550315625593,0.8940537145946136,0.9577406730466738,0.3426820198903702,43.78439940693601,43.78439940693601,34.25877756273118,True
jitter,j=0.05,pos,False,10,10510,32.811716067757494,RHYTHMIC,3.21315501380446,True,,5.168290083365407,0.5923489819719246,0.848464497120925,0.8139265678461236,0.8852620055217839,33.09880859119867,33.09880859119867,45.31885176069045,True
jitter,j=0.05,pos,False,11,10511,67.03495238225739,RHYTHMIC,2.9914521029482035,True,,2.8149164919466076,0.5971890180168167,0.8969979006200736,0.9405537966351449,0.7965808411792815,66.64778438923564,66.64778438923564,22.50637457413013,True
jitter,j=0.05,pos,False,12,10512,85.34838712545174,RHYTHMIC,2.133116838908884,True,,2.2291377527011353,0.607889410059023,0.9673552340221578,0.9743736940991374,0.4532467355635536,88.12734751807686,88.12734751807686,17.020823186495168,True
jitter,j=0.05,pos,False,13,10513,61.14841721923712,WEAKLY_RHYTHMIC,1.7362445339078039,True,,2.766500598891388,0.5754150082938668,0.9637136632505965,0.9699110199676115,0.37913906195614094,61.78097220681899,61.78097220681899,24.279320095167417,True
jitter,j=0.05,pos,False,14,10514,31.46478585712463,RHYTHMIC,2.713010995552037,True,,5.765084591454102,0.6234845989896177,0.9738018033479424,0.931603337355471,0.6852043982208148,31.62753363171254,31.62753363171254,47.42703043072471,True
jitter,j=0.05,pos,False,15,10515,23.70372993803109,RHYTHMIC,2.095896270908229,True,,7.291829761161068,0.5308160203239567,0.8997872626360245,0.7850869873715608,0.4383585083632916,23.781001383315257,23.781001383315257,63.075560857264804,True
jitter,j=0.05,pos,False,16,10516,37.79474961747525,WEAKLY_RHYTHMIC,1.2736572526655954,True,,3.7579470040930527,0.7435065755659049,0.9294620806460095,0.9386256839351639,0.13767604945046763,38.50933015039074,38.50933015039074,38.95159936934868,True
jitter,j=0.05,pos,False,17,10517,28.671361465223747,RHYTHMIC,2.4904812412968074,True,,6.305965324723281,0.6584060055635419,0.8505788723763407,0.8031020107580883,0.5961924965187231,28.799223800071523,28.799223800071523,52.08473708920845,True
jitter,j=0.05,pos,False,18,10518,36.43118300423789,RHYTHMIC,3.28632387666447,True,,4.942708806974661,0.5717912853959672,0.8976476250607179,0.9150801361555404,0.9145295506657879,36.83193469869094,36.83193469869094,40.72552832945026,True
jitter,j=0.05,pos,False,19,10519,22.105209431787806,RHYTHMIC,3.3651108805558625,True,,6.570736512280813,0.7625294093749088,0.9410121344002587,0.9496496934385681,0.9460443522223451,22.006837815345662,22.006837815345662,68.16063318983657,True
jitter,j=0.05,pos,False,20,10520,16.562171574015387,RHYTHMIC,2.777966314484517,True,,8.764306518197518,0.6909423819411553,0.39918065459475593,0.6222882100695808,0.9406508650183558,16.80633051615551,16.80633051615551,89.25208263386747,True
jitter,j=0.05,pos,False,21,10521,77.1257416742337,WEAKLY_RHYTHMIC,1.654921416430446,True,,1.780567759853509,0.727969267785767,0.9891695048789012,0.9957012691206424,0.2897890647561558,77.93187684712923,77.93187684712923,19.247579561600862,True
jitter,j=0.05,pos,False,22,10522,44.05536491340185,RHYTHMIC,2.9065801206007498,True,,3.579433087310362,0.7574139592795471,0.9164903353414255,0.9129005527734224,0.7626320482402998,44.286379345511705,44.286379345511705,33.87045909301729,True
jitter,j=0.05,pos,False,23,10523,17.53723432731638,RHYTHMIC,2.9501581669109473,True,,6.754820801476918,0.6528772971677198,0.850627617317733,0.6825553584188315,0.8882831197337463,17.699448938653994,17.699448938653994,84.74840121853374,True
jitter,j=0.05,pos,False,24,10524,42.17691375020726,RHYTHMIC,2.5091495218483413,True,,4.172719925712594,0.6202290111843355,0.9098063953343234,0.939598530959079,0.6036598087393367,41.77491977386219,41.77491977386219,35.90671168538121,True
jitter,j=0.05,pos,False,25,10525,25.973347909123,RHYTHMIC,3.176141684346303,True,,6.550096227197768,0.6947103403259709,0.5111646381881407,0.7800563705763769,0.8704566737385213,25.806183827993458,25.806183827993458,58.12560314992655,True
jitter,j=0.05,pos,False,26,10526,21.27299654685877,RHYTHMIC,2.9554021443633154,True,,8.194829203112155,0.7251610170894338,0.6559779449597171,0.6843907505271604,0.8884527718762188,21.37550762084046,21.37550762084046,70.17377208565313,True
jitter,j=0.05,pos,False,27,10527,32.09046967658854,RHYTHMIC,2.5223507891101944,True,,5.4869538579286035,0.6883141428734327,0.7274237407451081,0.7577076325270766,0.6089403156440777,32.59315171693355,32.59315171693355,46.02193776862289,True
jitter,j=0.05,pos,False,28,10528,39.998572928538195,RHYTHMIC,3.086277432800837,True,,3.216519017787204,0.7076372290231652,0.6440996294174326,0.7640290697416704,0.8345109731203347,39.78294556710404,39.78294556710404,37.70459875752209,True
jitter,j=0.05,pos,False,29,10529,20.568344712884443,WEAKLY_RHYTHMIC,1.679523227906007,True,,6.056268866957308,0.6565568635470755,0.6556939425134657,0.7800877372999665,0.3881242049078171,20.533548121120813,20.533548121120813,73.05118390411542,True
jitter,j=0.05,pos,False,30,10530,66.39540960756794,RHYTHMIC,2.683321141973848,True,,2.7038712089849164,0.695952800395337,0.9852045599259664,0.9832357403261327,0.6733284567895392,67.3746283382983,67.3746283382983,22.263573647757596,True
jitter,j=0.05,pos,False,31,10531,79.51882030601622,WEAKLY_RHYTHMIC,1.5750337592195698,True,,1.8337511172460816,0.5627045407699066,0.962385547611799,0.976466661783776,0.23531280935717333,78.52813707055444,78.52813707055444,19.10143365112952,True
jitter,j=0.05,pos,False,32,10532,92.97374912202972,ARRHYTHMIC,0.0,True,,1.8709568249968935,0.7595144788006115,0.9898568823121581,0.9909839499481676,-0.027578286903852188,92.57633608434298,92.57633608434298,16.20284473813485,True
jitter,j=0.05,pos,False,33,10533,87.62970730020564,RHYTHMIC,2.0813425644270165,True,,2.1383655866801705,0.6112063554892176,0.9828335910544606,0.9857258573813676,0.4325370257708066,89.10961916636458,89.10961916636458,16.83319953595079,True
jitter,j=0.05,pos,False,34,10534,77.76217682094078,WEAKLY_RHYTHMIC,1.3979650695080987,True,,1.6662119127897426,0.8016633086901066,0.9901357612470506,0.9886520661065182,0.16610331881954685,76.37748107444115,76.37748107444115,19.63929654262921,True
jitter,j=0.05,pos,False,35,10535,28.338886009658054,RHYTHMIC,3.0447721892433375,True,,6.313081485062417,0.584108481656144,0.6987570445924434,0.715670266235168,0.865641720147526,27.9767092750236,27.9767092750236,53.616027004975,True
jitter,j=0.05,pos,False,36,10536,22.596095175926624,WEAKLY_RHYTHMIC,1.6788600941073009,True,,5.5877620696635955,0.5975650561073951,0.7249566019927733,0.778476904964689,0.3338032027449514,22.473066522570033,22.473066522570033,66.74656520477647,True
jitter,j=0.05,pos,False,37,10537,96.11850766774234,RHYTHMIC,2.0610014940346657,True,,1.6516783733375562,0.6946405397323981,0.9978309105240254,0.9965572383371594,0.4244005976138663,97.46278544345552,97.46278544345552,15.390489746163137,True
jitter,j=0.05,pos,False,38,10538,70.94843720330832,RHYTHMIC,2.715443387892649,True,,2.10808347408761,0.5977454716157977,0.933196836307735,0.9525793564266765,0.6861773551570597,69.88814650653376,69.88814650653376,21.46286709520572,True
jitter,j=0.05,pos,False,39,10539,40.65782137625231,RHYTHMIC,2.5552170913236645,True,,3.5938576428825826,0.547602824548844,0.9198574985982383,0.9602488869924567,0.6220868365294658,40.7848184078804,40.7848184078804,36.778391042441704,True
jitter,j=0.05,pos,False,40,10540,35.90193738441904,RHYTHMIC,2.2467662538401036,True,,4.948655170775989,0.728133494710712,0.8817803785028425,0.9407527002922311,0.4987065015360414,36.24547961905696,36.24547961905696,41.3844709951455,True
jitter,j=0.05,pos,False,41,10541,58.98987606479707,WEAKLY_RHYTHMIC,1.7255379896239966,True,,2.365551382597939,0.7951346803547746,0.9774884741049055,0.9852651584608123,0.3643491493157958,59.56946139540088,59.56946139540088,25.18068763528906,True
jitter,j=0.05,pos,False,42,10542,18.6716043551466,WEAKLY_RHYTHMIC,1.6008809634748262,True,,7.58897608799513,0.6742891579892415,0.6624423683347419,0.6263795437485521,0.3930758629885046,18.69505690970371,18.69505690970371,80.23511280254097,True
jitter,j=0.05,pos,False,43,10543,36.40436120307278,RHYTHMIC,2.8371804215100664,True,,4.999626815369075,0.7924790661062535,0.886897246914493,0.8886557451157495,0.7348721686040266,36.27286292874355,36.27286292874355,41.353228802112596,True
jitter,j=0.05,pos,False,44,10544,57.2650712918583,RHYTHMIC,2.6346636548144993,True,,1.9958652162685715,0.6789063168862461,0.912517691335856,0.9330232204211575,0.6538654619257999,57.0956809182787,57.0956809182787,26.271689484655706,True
jitter,j=0.05,pos,False,45,10545,66.5678902322036,RHYTHMIC,2.736222457355889,True,,2.7023022416324363,0.8371586937935194,0.9356719865291016,0.9472136080202176,0.6944889829423555,67.65838483508325,67.65838483508325,22.17020113111239,True
jitter,j=0.05,pos,False,46,10546,76.93412700729426,WEAKLY_RHYTHMIC,1.6575121033591973,True,,1.6674464962437272,0.6653200540618259,0.9488646069772527,0.9526930153459422,0.29198112102886603,76.94764475189383,76.94764475189383,19.493774043851836,True
jitter,j=0.05,pos,False,47,10547,51.29877461437545,WEAKLY_RHYTHMIC,1.6610885067885985,True,,3.7199428893908224,0.6068773676821826,0.9173675953434576,0.9294726414481513,0.29506228618108105,51.0740541311938,51.0740541311938,29.36911951706347,True
jitter,j=0.05,pos,False,48,10548,55.367403411947095,RHYTHMIC,2.511140227081958,True,,2.7012361001830136,0.6225368767033231,0.9462564303020492,0.973147051654983,0.6044560908327832,54.71453990104199,54.71453990104199,27.415016240892008,True
jitter,j=0.05,pos,False,49,10549,28.371658761383188,WEAKLY_RHYTHMIC,1.673682387362068,True,,6.5470026772440795,0.7260947828096233,0.8873044518261763,0.8280501704388852,0.30644990073200784,28.35431788927463,28.35431788927463,52.901995592261926,True
jitter,j=0.1,pos,False,0,10550,83.92571293924762,ARRHYTHMIC,0.0,True,,2.099317049262977,0.6492160366500305,0.6934686678960703,0.8462620103242945,-0.058621635369107465,82.68084387646486,82.68084387646486,18.142049955866206,True
jitter,j=0.1,pos,False,1,10551,27.006112059473416,RHYTHMIC,3.124580360871091,True,,4.2573743493811005,0.5516698630683549,0.7244151226287409,0.7614171089598669,0.8498321443484365,27.0702331716462,27.0702331716462,55.41141779196509,True
jitter,j=0.1,pos,False,2,10552,37.94547163120588,RHYTHMIC,2.3539906990218205,True,,3.9922277295986817,0.5488363883284477,0.89264678511555,0.8877961701845021,0.5415962796087281,38.40981087358532,38.40981087358532,39.052522412484976,True
jitter,j=0.1,pos,False,3,10553,83.5684252202261,ARRHYTHMIC,0.02679266022740359,True,,2.190344201124748,0.6458325916870163,0.8127495930697157,0.8731774773812513,0.005358532045480718,82.01794037296837,82.01794037296837,18.288681636955285,True
jitter,j=0.1,pos,False,4,10554,47.02951489717254,RHYTHMIC,2.5685826857672827,True,,2.404262421454238,0.5881505439341226,0.49169536191356544,0.5490039400185489,0.7004617863376652,45.616687565189906,45.616687565189906,32.88270324004521,True
jitter,j=0.1,pos,False,5,10555,93.767846025949,WEAKLY_RHYTHMIC,1.6788073055947514,True,,1.5927968777393833,0.6872773391273638,0.7522777744839293,0.8101510766947266,0.3113395844359713,92.72374660686754,92.72374660686754,16.177085750856655,True
jitter,j=0.1,pos,False,6,10556,22.13422245486817,WEAKLY_RHYTHMIC,1.1109898616572198,True,,5.075130162607491,0.5002599477745715,0.7468152645128994,0.6985570054896235,0.11248465645893738,22.245147270334936,22.245147270334936,67.43043692951083,True
jitter,j=0.1,pos,False,7,10557,62.89969069950704,RHYTHMIC,2.431184601032035,True,,2.724839582644134,0.7226462648021892,0.8084402758588408,0.8623428261578093,0.572473840412814,63.31227631139246,63.31227631139246,23.692087654888013,True
jitter,j=0.1,pos,False,8,10558,95.5554468915324,RHYTHMIC,2.5700281769180275,True,,1.6049772976051147,0.8330161860255517,0.821899125001706,0.8797106258042635,0.6280112707672111,99.80876147115985,99.80876147115985,15.028740742699538,True
jitter,j=0.1,pos,False,9,10559,33.546937202071504,RHYTHMIC,2.244240706934775,True,,4.387549234168165,0.7880105167312556,0.5550274098494217,0.6060531819016817,0.4976962827739101,32.92787343643744,32.92787343643744,45.554110953916776,True
jitter,j=0.1,pos,False,10,10560,77.9811830266095,RHYTHMIC,2.398240080790713,True,,1.7783819290667902,0.6250308779527399,0.9249551803186925,0.9616158007146655,0.5592960323162852,79.47652434004067,79.47652434004067,18.873497708357792,True
jitter,j=0.1,pos,False,11,10561,84.97396320386511,RHYTHMIC,2.499919415232057,True,,2.0993461374602758,0.8530396206635175,0.8380444863006877,0.8711393654157586,0.5999677660928229,86.76369533082216,86.76369533082216,17.288336951078847,True
jitter,j=0.1,pos,False,12,10562,16.70301602628802,RHYTHMIC,2.2926221195423477,True,,5.772603019743574,0.6190427872933814,0.27910027865829895,0.45241774183982164,0.8818502788056513,16.472848390966558,16.472848390966558,91.05893312431478,True
jitter,j=0.1,pos,False,13,10563,89.97781724232358,WEAKLY_RHYTHMIC,1.6543498212134016,True,,2.046229734388275,0.8417835315602464,0.9510427488779517,0.9649658372809332,0.2893098460155555,90.50986319852746,90.50986319852746,16.57277944073176,True
jitter,j=0.1,pos,False,14,10564,50.10425536786479,RHYTHMIC,3.030747249207446,True,,3.375206356556403,0.6192471716445892,0.7351929255077044,0.8090453978317547,0.8122988996829785,51.752697260981314,51.752697260981314,28.98399657192201,True
jitter,j=0.1,pos,False,15,10565,28.783125044318616,RHYTHMIC,2.3989816855772377,True,,4.409462962736225,0.5653258209394503,0.5922339600535036,0.48964358995203316,0.7288064883187896,29.764814270975155,29.764814270975155,50.39507340258156,True
jitter,j=0.1,pos,False,16,10566,84.10795278904018,WEAKLY_RHYTHMIC,1.4539423663321256,True,,1.8195918263904283,0.7487103621789828,0.7776798864128005,0.846161574285166,0.18313085255909536,81.73166550687036,81.73166550687036,18.35273991662277,True
jitter,j=0.1,pos,False,17,10567,17.261131266575095,WEAKLY_RHYTHMIC,1.0694589371296264,True,,9.569443821871213,0.4873318785136545,0.720546764436645,0.7569962177895061,0.10746436024170405,16.943638477345655,16.943638477345655,88.52880106038393,True
jitter,j=0.1,pos,False,18,10568,36.72397131445215,RHYTHMIC,2.661408458442613,True,,4.583231087404227,0.8143845813891618,0.7723015009386133,0.7737259051474279,0.6645633833770452,37.159870206829055,37.159870206829055,40.366125921622235,True
jitter,j=0.1,pos,False,19,10569,58.81733015142737,WEAKLY_RHYTHMIC,1.5255342522247488,True,,1.9746909819407215,0.6451792072158475,0.46897293478540253,0.5269084252598609,0.3878161227965545,57.34860998259984,57.34860998259984,26.15582139576034,True
jitter,j=0.1,pos,False,20,10570,32.08328041127856,WEAKLY_RHYTHMIC,1.1532658497588937,True,,4.409088495844703,0.628127066483836,0.6134621759547557,0.626760357445739,0.11810082299329153,32.22899510518913,32.22899510518913,46.54194135139162,True
jitter,j=0.1,pos,False,21,10571,21.65717362685282,RHYTHMIC,2.13573915660675,True,,6.896759556861858,0.5259076709580245,0.3990941176968221,0.39750870481236245,0.9118137447945747,21.669020085567862,21.669020085567862,69.22325024743687,True
jitter,j=0.1,pos,False,22,10572,58.76815842953472,RHYTHMIC,2.3100383990815043,True,,1.9358741065398493,0.6546340720874996,0.9767573055907239,0.9789742443783931,0.5240153596326017,57.62082311722675,57.62082311722675,26.032255682087765,True
jitter,j=0.1,pos,False,23,10573,35.52814099025138,RHYTHMIC,2.697189311544836,True,,3.4557178297538065,0.6315210827138132,0.6688652631596913,0.7344498201223952,0.6788757246179346,34.562609241579395,34.562609241579395,43.39950116368746,True
jitter,j=0.1,pos,False,24,10574,20.171405971367378,WEAKLY_RHYTHMIC,1.51115045557251,True,,5.5968590128367435,0.605761844761012,0.6987715256740104,0.6133291732673394,0.20456191713774374,20.24636932591427,20.24636932591427,74.08735738511301,True
jitter,j=0.1,pos,False,25,10575,74.36671308430635,WEAKLY_RHYTHMIC,1.3935766362775124,True,,1.9351048930915073,0.7979396588040077,0.9338821979167309,0.926517206075704,0.16490129830446662,73.78719844284178,73.78719844284178,20.328729531071083,True
jitter,j=0.1,pos,False,26,10576,55.10222707152171,WEAKLY_RHYTHMIC,1.717674634569319,True,,2.6478994689200266,0.7810039367074371,0.8216773085320667,0.8855031485344245,0.37137472165349905,56.07196101056922,56.07196101056922,26.751338333204707,True
jitter,j=0.1,pos,False,27,10577,35.713017695553866,RHYTHMIC,2.4988957394738716,True,,4.466513535412998,0.6939077430158744,0.6096540149138099,0.7420536767914488,0.5995582957895488,35.75159125098909,35.75159125098909,41.956174467017654,True
jitter,j=0.1,pos,False,28,10578,37.18226947732452,RHYTHMIC,2.311360593730046,True,,3.666711256222675,0.6045264265444876,0.4107942286990299,0.4589762078055162,0.6776493135510518,37.14475654586093,37.14475654586093,40.3825503109172,True
jitter,j=0.1,pos,False,29,10579,17.60160553858301,RHYTHMIC,2.459159144962867,True,,6.804551362293973,0.5111985861956441,0.4959947379907477,0.6070947876888557,0.5836636579851469,17.579167814338216,17.579167814338216,85.32827127212158,True
jitter,j=0.1,pos,False,30,10580,21.825698479748283,RHYTHMIC,2.707214419725115,True,,7.186957854065455,0.4751483886424126,0.6706699209754537,0.5975250469037903,0.870710542962313,21.257458662213637,21.257458662213637,70.56346780842325,True
jitter,j=0.1,pos,False,31,10581,18.069906678516492,RHYTHMIC,2.210835841671808,True,,8.703901705043206,0.5547241839609193,0.4474871377129159,0.6137849540041024,0.48433433666872316,18.208190735954783,18.208190735954783,82.38050785781954,True
jitter,j=0.1,pos,False,32,10582,35.44632231178848,WEAKLY_RHYTHMIC,1.5956023647243422,True,,4.058920824351815,0.5898746208361221,0.773329684401263,0.7830698961478628,0.24728136684536992,35.26126216768194,35.26126216768194,42.5396003372448,True
jitter,j=0.1,pos,False,33,10583,87.1978540250736,WEAKLY_RHYTHMIC,1.6182171581795455,True,,2.0378291899112146,0.791793881647652,0.9492922008308909,0.9182158533281684,0.26192900530356517,89.5532542660587,89.5532542660587,16.74981006880629,True
jitter,j=0.1,pos,False,34,10584,49.426477382514314,WEAKLY_RHYTHMIC,1.6681314584646159,True,,3.301368573833741,0.6671789170816788,0.7242101753993195,0.7533103283709244,0.307541878019864,51.3412121330962,51.3412121330962,29.21629501289183,True
jitter,j=0.1,pos,False,35,10585,45.26787270934498,RHYTHMIC,2.2021014601785347,True,,3.3091544066321936,0.6408803363608017,0.8129258754358439,0.8937871172418077,0.4808405840714139,45.08413381515098,45.08413381515098,33.271128289835524,True
jitter,j=0.1,pos,False,36,10586,26.720602121530725,WEAKLY_RHYTHMIC,1.170917298588403,True,,4.92062654661526,0.6822222963351063,0.6162681709398699,0.6224894686968605,0.12061522913183441,26.64441763265277,26.64441763265277,56.29697074563746,True
jitter,j=0.1,pos,False,37,10587,37.44460632655368,RHYTHMIC,2.078691971272253,True,,3.757439022530638,0.6353035745752199,0.4463450667137949,0.5098260392159577,0.43147678850890125,35.9496566651916,35.9496566651916,41.72501601252791,True
jitter,j=0.1,pos,False,38,10588,22.85329955778942,RHYTHMIC,2.5917590038042766,True,,5.27177563751793,0.5902942237885298,0.5456397108017667,0.5571156513314968,0.9098124756912839,22.355670424119836,22.355670424119836,67.09707074504148,True
jitter,j=0.1,pos,False,39,10589,86.96779462327024,WEAKLY_RHYTHMIC,1.6790109879860269,True,,2.076341534651124,0.6499424483707499,0.6999150988975641,0.7788428595465976,0.3922162533170977,85.13512919730434,85.13512919730434,17.619048847904903,True
jitter,j=0.1,pos,False,40,10590,97.31719322319515,WEAKLY_RHYTHMIC,1.667608225942935,True,,1.4987173859612852,0.7839809906185997,0.8050755134479309,0.8604491694870612,0.30084980377051096,100.5588345241323,100.5588345241323,14.91664066213921,True
jitter,j=0.1,pos,False,41,10591,18.460209846236108,RHYTHMIC,2.364168202128927,True,,6.404347506199605,0.49894866445086367,0.3837094837561256,0.47745887074512455,0.8593223238948292,17.56451537896461,17.56451537896461,85.39945268267468,True
jitter,j=0.1,pos,False,42,10592,89.1350341450989,WEAKLY_RHYTHMIC,1.6862647959822907,True,,2.079285423341371,0.6310738401706985,0.9274055699916943,0.9515902310551404,0.31874013091101944,85.56477342256777,85.56477342256777,17.530578765073596,True
jitter,j=0.1,pos,False,43,10593,97.73012945967969,WEAKLY_RHYTHMIC,1.5594332402518196,True,,1.6316875468838008,0.7328825697357128,0.8781512876623999,0.8879626876826047,0.22698035606943676,94.37806578903295,94.37806578903295,15.89352343110114,True
jitter,j=0.1,pos,False,44,10594,28.344830422409515,RHYTHMIC,2.101605150187006,True,,4.85860373216531,0.5124195415045932,0.6064101873844632,0.6552467614821714,0.4406420600748024,29.055530477736152,29.055530477736152,51.625283563464016,True
jitter,j=0.1,pos,False,45,10595,18.268491196693084,RHYTHMIC,2.3544018414092682,True,,8.081770537525092,0.5415652856297882,0.25277689611118187,0.47404064449324385,0.9234041211462918,18.129827481920753,18.129827481920753,82.73658431089954,True
jitter,j=0.1,pos,False,46,10596,18.18483426105976,RHYTHMIC,2.5400287625160267,True,,7.176144162496787,0.6490192377704532,0.308099937499147,0.5390100668806094,0.9083360827325145,18.434097356969676,18.434097356969676,81.37094922268439,True
jitter,j=0.1,pos,False,47,10597,35.12600808794376,RHYTHMIC,2.167891278104945,True,,4.517585883606935,0.5723086968497219,0.8426085259339925,0.8950264937895323,0.467156511241978,35.774296962535914,35.774296962535914,41.92954515838151,True
jitter,j=0.1,pos,False,48,10598,38.625111512103324,RHYTHMIC,3.081499991322618,True,,3.5934938926068543,0.7646191315621299,0.6308410345543257,0.7459337457449383,0.8325999965290473,39.228700784603454,39.228700784603454,38.23731018358687,True
jitter,j=0.1,pos,False,49,10599,59.842311324299864,RHYTHMIC,2.395152715999628,True,,2.3758673849469534,0.7901807328125597,0.6165598215141652,0.7173406690346716,0.5580610863998512,59.828715356430735,59.828715356430735,25.071572923866423,True
burst,duty=0.3,pos,False,0,10600,59.48703281117875,WEAKLY_RHYTHMIC,1.2801977545529455,True,,2.1455841897549766,0.6384435207170901,0.1389576175327988,0.34731761616654877,0.267226225648463,59.54014864947172,59.54014864947172,25.193084566027686,True
burst,duty=0.3,pos,False,1,10601,78.59198733983874,ARRHYTHMIC,0.2995111306120063,True,,1.8227167658001435,0.563806215479853,0.7557480204305912,0.8083958103220593,0.059902226122401266,78.58580167460931,78.58580167460931,19.087417421926517,True
burst,duty=0.3,pos,False,2,10602,23.71124764686201,WEAKLY_RHYTHMIC,1.5027277284297318,True,,5.962663955746608,0.5283073902788298,0.3421994272270246,0.2997188919079462,0.4021941528500017,23.71053343427421,23.71053343427421,63.26302207236341,True
burst,duty=0.3,pos,False,3,10603,17.599829185466604,WEAKLY_RHYTHMIC,1.4492517294508858,True,,7.106999889737315,0.6124154687155501,0.3544975740611591,0.39721132952243865,0.3631423114603582,17.598925353041192,17.598925353041192,85.23247697853276,True
burst,duty=0.3,pos,False,4,10604,23.53203095617933,WEAKLY_RHYTHMIC,1.5941125519260906,True,,5.890406834220457,0.5960407230584541,0.4484955265403638,0.615934297023338,0.3378995004139312,23.524905099367224,23.524905099367224,63.76221258551845,True
burst,duty=0.3,pos,False,5,10605,80.1250347611829,ARRHYTHMIC,0.2128690019947351,True,,1.9817407229921695,0.7261219896272375,0.8394646068128456,0.8327339302413308,0.04257380039894702,78.31999547791288,78.31999547791288,19.1521972243093,True
burst,duty=0.3,pos,False,6,10606,87.78822911188212,ARRHYTHMIC,0.0,True,,2.1322398840796497,0.7396671051783525,0.5486584426911151,0.6659900850449764,-0.14685793540822406,87.50040112441289,87.50040112441289,17.142778555577333,True
burst,duty=0.3,pos,False,7,10607,94.49874747442101,ARRHYTHMIC,0.28653868924525344,True,,1.7549498997440707,0.6027003911416184,0.2753996293284174,0.40762912092787273,0.05730773784905069,94.34225185879156,94.34225185879156,15.899556884068781,True
burst,duty=0.3,pos,False,8,10608,66.60457792070329,WEAKLY_RHYTHMIC,1.4413607689611996,True,,2.7156310089956586,0.6933930587533603,0.7139864600144076,0.9064011940041133,0.17900640421197783,66.61152809757307,66.61152809757307,22.51862467113483,True
burst,duty=0.3,pos,False,9,10609,26.700994448284202,WEAKLY_RHYTHMIC,1.6024771231535218,True,,5.1259162108100815,0.6306770777558396,0.5698901306730735,0.6288946235830071,0.26410312613275044,26.93479793215605,26.93479793215605,55.690040956617985,True
burst,duty=0.3,pos,False,10,10610,92.48547632109197,WEAKLY_RHYTHMIC,1.350684123712584,True,,1.8374785815133732,0.6567059597301953,0.5235284279106035,0.8248888692297516,0.1540082472213194,94.25377141176978,94.25377141176978,15.914482545710527,True
burst,duty=0.3,pos,False,11,10611,42.64656823222992,WEAKLY_RHYTHMIC,1.2748735015137171,True,,4.356346530989305,0.6590815141785029,0.5320856152291744,0.6295453068948796,0.13790697238171845,42.663654612472406,42.663654612472406,35.158732031397186,True
burst,duty=0.3,pos,False,12,10612,44.51607259164687,WEAKLY_RHYTHMIC,1.3696090406943506,True,,3.6888972361681525,0.6828270756631062,0.19074805711935675,0.2901690584661773,0.3172634331880205,44.498254795544476,44.498254795544476,33.70918717805967,True
burst,duty=0.3,pos,False,13,10613,85.19150807456617,ARRHYTHMIC,0.0,True,,2.2657001208198815,0.7078260388531148,0.9993273173621869,0.9989554280749355,-0.3827076509548315,85.20186553672096,85.20186553672096,17.605248318811967,True
burst,duty=0.3,pos,False,14,10614,78.25887479067086,ARRHYTHMIC,0.0,True,,1.3358671389588854,0.5798737316181997,0.6015943480574234,0.8002092289134416,-0.05538718065829564,77.12142709919729,77.12142709919729,19.449847551065513,True
burst,duty=0.3,pos,False,15,10615,44.00236493420024,WEAKLY_RHYTHMIC,1.7256969295536546,True,,4.054315234887581,0.7057064568131328,0.8147541339793611,0.9114006620239445,0.37927676575722075,43.999032252428265,43.999032252428265,34.0916589118211,True
burst,duty=0.3,pos,False,16,10616,67.0796736831632,ARRHYTHMIC,0.0,True,,2.6213630012796054,0.7160754372993123,0.7276256987827769,0.8551503253910455,-0.05371241768826231,67.11846813422251,67.11846813422251,22.348543429214182,True
burst,duty=0.3,pos,False,17,10617,21.34198845511271,WEAKLY_RHYTHMIC,1.3874349965414927,True,,6.68769634026682,0.5991107797602807,0.28897523711672746,0.24626650470922198,0.3264959618502712,21.33992149168093,21.33992149168093,70.29079280281111,True
burst,duty=0.3,pos,False,18,10618,43.06993361705249,WEAKLY_RHYTHMIC,1.4420492648126921,True,,3.6211239548418415,0.6578719694915856,0.32755278272508903,0.4480682329705566,0.3274040794782994,43.064189543344305,43.064189543344305,34.83172482533877,True
burst,duty=0.3,pos,False,19,10619,16.848152352513505,WEAKLY_RHYTHMIC,1.1323376357933101,True,,7.328320573826623,0.6229723759711989,0.22671142446372144,0.41162263198667287,0.11525220422742523,16.84624171719257,16.84624171719257,89.04063144654768,True
burst,duty=0.3,pos,False,20,10620,32.858693015727276,WEAKLY_RHYTHMIC,1.5380048026647781,True,,4.313320562918255,0.592727889405799,0.4527048316837811,0.5411311663887297,0.2287586230404885,33.693635021094764,33.693635021094764,44.518794100455075,True
burst,duty=0.3,pos,False,21,10621,54.20892738444174,RHYTHMIC,2.007229808805442,True,,2.925610770610016,0.5457848881677527,0.7513841299369641,0.762641467593545,0.4028919235221769,54.23766055425901,54.23766055425901,27.656060100516495,True
burst,duty=0.3,pos,False,22,10622,16.503155361764204,WEAKLY_RHYTHMIC,1.3307387040585867,True,,6.963109560623414,0.5222190340080508,0.23524880399951648,0.3309827638691932,0.2988369433775054,16.510378944181483,16.510378944181483,90.85194259145842,True
burst,duty=0.3,pos,False,23,10623,72.02975931521958,WEAKLY_RHYTHMIC,1.4988717833090517,True,,1.9630291264204076,0.7913434613259134,0.6126418684791503,0.8169581947331166,0.19954972932939277,71.97471605327992,71.97471605327992,20.840651860156164,True
burst,duty=0.3,pos,False,24,10624,27.284137175872623,WEAKLY_RHYTHMIC,1.3323167593627296,True,,4.386546411929555,0.7681921009736006,0.5734113088700891,0.5481606435439227,0.14977161910572298,27.284313782760112,27.284313782760112,54.97664379405397,True
burst,duty=0.3,pos,False,25,10625,57.53308350981736,WEAKLY_RHYTHMIC,1.4413734973253147,True,,1.9706074832340696,0.5090135676920389,0.505430379833087,0.6146548189400608,0.17901048289188448,57.9848054286842,57.9848054286842,25.868845965946328,True
burst,duty=0.3,pos,False,26,10626,21.119770570167812,RHYTHMIC,2.1987142764884027,True,,7.177788997831787,0.5719084057447209,0.5746918281512291,0.8082983049333855,0.47948571059536105,21.12186755634127,21.12186755634127,71.0164475749525,True
burst,duty=0.3,pos,False,27,10627,58.72250779294443,WEAKLY_RHYTHMIC,1.5786435013367341,True,,2.0517074833249653,0.6306852968250216,0.6896585364910112,0.6580980856759592,0.237328723580259,58.505896582611214,58.505896582611214,25.638441381408065,True
burst,duty=0.3,pos,False,28,10628,49.13065788824068,WEAKLY_RHYTHMIC,1.481589541683594,False,samples/cycle 7.12 < 8,9.573273685023727,0.056517614784187,0.08949385015439236,0.19289734301418376,0.42910589468409616,7.123340319274556,7.123340319274556,210.5753667196348,True
burst,duty=0.3,pos,False,29,10629,28.960871014140196,WEAKLY_RHYTHMIC,1.5231595896994612,True,,5.23524163951111,0.5190202490882978,0.5001457643570745,0.5242844243054656,0.24153043770097812,28.895744620073827,28.895744620073827,51.9107577853506,True
burst,duty=0.3,pos,False,30,10630,16.247703279169993,WEAKLY_RHYTHMIC,1.4238299025542283,True,,7.577464981134785,0.47988318487224163,0.25128547466668427,0.41608983189740617,0.347119714970671,16.250815457114847,16.250815457114847,92.30306035770518,True
burst,duty=0.3,pos,False,31,10631,23.303240283165394,WEAKLY_RHYTHMIC,1.3108931726452857,True,,7.266542892980193,0.6280750734805073,0.24876282708647632,0.26756962036674314,0.29023076257674485,23.34177312771164,23.34177312771164,64.2624701985121,True
burst,duty=0.3,pos,False,32,10632,64.76224793974247,WEAKLY_RHYTHMIC,1.6144960634325531,True,,2.8167504979029396,0.5856331247248623,0.5077850321087846,0.6485018083758545,0.2972429928972569,65.79414901844989,65.79414901844989,22.798379831303425,True
burst,duty=0.3,pos,False,33,10633,46.36722081935101,WEAKLY_RHYTHMIC,1.5637930422478274,True,,2.8955347934434226,0.5894575720509507,0.6076117594644623,0.8142118734802954,0.22924897969374936,46.225093543473996,46.225093543473996,32.44990729092355,True
burst,duty=0.3,pos,False,34,10634,68.84485917260277,WEAKLY_RHYTHMIC,1.47678721492698,True,,2.2565990904155,0.6156644076657114,0.5228134495364921,0.7269473324845397,0.19112682803812592,70.58242812683476,70.58242812683476,21.251748343150503,True
burst,duty=0.3,pos,False,35,10635,30.884220800842364,WEAKLY_RHYTHMIC,1.3884751884434279,True,,4.598549458176725,0.6811423333324083,0.23354035655797434,0.4082877622242055,0.3270513251799564,30.99865608391768,30.99865608391768,48.3891945489279,True
burst,duty=0.3,pos,False,36,10636,31.508544356536117,WEAKLY_RHYTHMIC,1.428277009287521,True,,4.917805834755438,0.6448706919165332,0.18392041451501337,0.4372747013172427,0.26918836730249246,31.575360333601594,31.575360333601594,47.505396111148826,True
burst,duty=0.3,pos,False,37,10637,56.38381895919472,WEAKLY_RHYTHMIC,1.654519727034928,True,,2.4722031353850604,0.6883297056380843,0.48535602121154525,0.7514044093673615,0.28945212744494375,56.6153823855817,56.6153823855817,26.494566260882603,True
burst,duty=0.3,pos,False,38,10638,30.10302441693501,WEAKLY_RHYTHMIC,1.4447025509503113,True,,3.8533351973680205,0.602999396237456,0.7268719325343652,0.6533432303393096,0.18008366537814202,30.116203403141935,30.116203403141935,49.807074946356266,True
burst,duty=0.3,pos,False,39,10639,46.87636220726689,WEAKLY_RHYTHMIC,1.5029484835838087,True,,2.4246029485093965,0.5770354193596723,0.6346593307526418,0.7781210420168796,0.20118638953365145,46.757288207758755,46.757288207758755,32.08056021844087,True
burst,duty=0.3,pos,False,40,10640,45.55565735720651,WEAKLY_RHYTHMIC,1.5852361054713229,True,,2.828822764736688,0.66167742053826,0.6506238329610041,0.6824045155726749,0.24110102474960227,46.149009715960496,46.149009715960496,32.50340601525908,True
burst,duty=0.3,pos,False,41,10641,25.37632840633549,WEAKLY_RHYTHMIC,1.37662671975542,True,,6.638539345981799,0.5736948147343456,0.5346284269539757,0.647855582037968,0.16041752697639705,25.37293479765351,25.37293479765351,59.118111955213,True
burst,duty=0.3,pos,False,42,10642,18.237519455985005,WEAKLY_RHYTHMIC,1.3713953606531506,True,,8.528651086228125,0.5837248984634522,0.1884144523140971,0.397706259787968,0.2047521197918737,17.80866864578002,17.80866864578002,84.22864335540564,True
burst,duty=0.3,pos,False,43,10643,27.516679021054344,WEAKLY_RHYTHMIC,1.5899818910822676,True,,4.6631257404431254,0.7089302522861117,0.5043980291436544,0.6097291669870145,0.27260704178448997,27.151039239920657,27.151039239920657,55.246504074677304,True
burst,duty=0.3,pos,False,44,10644,28.24898236054669,RHYTHMIC,2.0884642833882685,True,,6.491588061429184,0.7374365867783474,0.49964805302260695,0.6167226745141876,0.43538571335530746,28.246820812615415,28.246820812615415,53.103321253416226,True
burst,duty=0.3,pos,False,45,10645,98.83040514336948,ARRHYTHMIC,0.0,True,,1.5376693295517831,0.7331518581971674,0.7427283501019268,0.8464906774085487,-0.0036889429340237296,98.84983985079268,98.84983985079268,15.174531413142917,True
burst,duty=0.3,pos,False,46,10646,28.06409500894139,WEAKLY_RHYTHMIC,1.54707646859386,True,,5.896013904694705,0.5486374287160168,0.4406407913525328,0.5519695548249691,0.38210449795529533,28.06037614068077,28.06037614068077,53.456161545367245,True
burst,duty=0.3,pos,False,47,10647,99.98071403444374,ARRHYTHMIC,0.3912178560200623,True,,1.5260080296827812,0.5873237299273656,0.4398026501847705,0.7077420022791053,0.07824357120401247,97.64988781664046,97.64988781664046,15.361000750114389,True
burst,duty=0.3,pos,False,48,10648,71.67759928692081,ARRHYTHMIC,0.48420010490083715,True,,2.00304240755688,0.5581531713622527,0.5963143604052006,0.8312860834871166,0.09684002098016743,68.80111637513136,68.80111637513136,21.80197181425657,True
burst,duty=0.3,pos,False,49,10649,74.93949140252609,ARRHYTHMIC,0.16444122875018458,True,,1.504534150836092,0.6455332657849886,0.3364015494574489,0.5007718181805593,0.03288824575003692,75.00792430153179,75.00792430153179,19.997887076170798,True
burst,duty=0.3,pos,False,50,10650,42.092329719793845,WEAKLY_RHYTHMIC,1.4750208902559852,True,,4.267362100634151,0.7241580451170153,0.6387679164703636,0.6435819879368341,0.1904837700089838,42.068219129209936,42.068219129209936,35.65637032061763,True
burst,duty=0.3,pos,False,51,10651,28.110782247585718,WEAKLY_RHYTHMIC,1.5702906137464314,True,,5.606887490295826,0.5205072277415571,0.5141875818042511,0.5970554900390844,0.23271541930199002,28.112781691177588,28.112781691177588,53.356512936986704,True
burst,duty=0.3,pos,False,52,10652,46.93176302141933,WEAKLY_RHYTHMIC,1.5829073538999252,True,,2.485954856852293,0.5723639678442082,0.5691150089647445,0.5993872160959088,0.27988298166543246,47.31710598066449,47.31710598066449,31.701008946171708,True
burst,duty=0.3,pos,False,53,10653,54.08145932381789,WEAKLY_RHYTHMIC,1.4936313739645277,True,,2.7886228284710532,0.6608306820891868,0.6476323704233857,0.7619327792985057,0.19748458900965712,54.25808162301402,54.25808162301402,27.64565121233041,True
burst,duty=0.3,pos,False,54,10654,37.13148516256827,WEAKLY_RHYTHMIC,1.4894522828939665,True,,4.339544204272618,0.6070089388337466,0.3893414731282165,0.5376070144007642,0.19586807784948218,37.36429449805304,37.36429449805304,40.145278270359455,True
burst,duty=0.3,pos,False,55,10655,78.95439338766015,WEAKLY_RHYTHMIC,1.506722673533147,True,,1.6597576803557164,0.6363020473554748,0.8494102450349973,0.8146604348502641,0.20272571763283703,80.06617007512844,80.06617007512844,18.734504205615256,True
burst,duty=0.3,pos,False,56,10656,54.89763119761303,WEAKLY_RHYTHMIC,1.041672734909068,True,,2.7996959457950936,0.5769714832303242,0.37953932129487666,0.34027072866305913,0.10434848682982154,54.7722710621106,54.7722710621106,27.386120219463454,True
burst,duty=0.3,pos,False,57,10657,91.53657327261683,WEAKLY_RHYTHMIC,1.4236979307430802,True,,1.9771809928844428,0.5226315147698001,0.615247390475624,0.6942440542888326,0.1735201126883673,90.2206250706426,90.2206250706426,16.6259100823731,True
burst,duty=0.3,pos,False,58,10658,19.707750305146707,WEAKLY_RHYTHMIC,1.4225640316570483,True,,7.86915130695922,0.5933978424559223,0.2011128284113265,0.25650430576531924,0.3463587496531142,19.7091577340891,19.7091577340891,76.10675302504629,True
burst,duty=0.3,pos,False,59,10659,95.66985202335104,ARRHYTHMIC,0.37226818532021533,True,,1.6328122108119731,0.5750011291363598,0.5533149580884987,0.547892577298238,0.07445363706404307,95.52846326886566,95.52846326886566,15.702126347183428,True
burst,duty=0.3,pos,False,60,10660,16.37781370843861,WEAKLY_RHYTHMIC,1.3286330262121937,True,,6.682363539553699,0.5970304248247945,0.4068483609525744,0.3723745876111796,0.23949876483711,16.282960831840086,16.282960831840086,92.12083818729482,True
burst,duty=0.3,pos,False,61,10661,53.645391012528535,WEAKLY_RHYTHMIC,1.6440017081183917,True,,3.1224269932121076,0.5274328327265223,0.6063217605431345,0.7116823011887058,0.2809002241877506,53.51053511111237,53.51053511111237,28.031863200121496,True
burst,duty=0.3,pos,False,62,10662,48.539985282702524,WEAKLY_RHYTHMIC,1.2401090670487136,True,,2.820567816748341,0.7807698122671519,0.5861581139414875,0.7353397289131398,0.13159783287795937,50.17555570849892,50.17555570849892,29.89503511858314,True
burst,duty=0.3,pos,False,63,10663,33.770907378632806,WEAKLY_RHYTHMIC,1.490592756119943,True,,4.067091725148721,0.5439150122607314,0.35396037140148384,0.4907664800676922,0.3399817476316319,33.64218878067874,33.64218878067874,44.58687304143168,True
burst,duty=0.3,pos,False,64,10664,57.06495041141272,ARRHYTHMIC,0.30202663978291977,True,,1.9584169776886489,0.6747307141896176,0.5933414295706622,0.7454678586553736,0.06040532795658395,57.49838931343692,57.49838931343692,26.08768728847613,True
burst,duty=0.3,pos,False,65,10665,33.35390489294274,WEAKLY_RHYTHMIC,1.5448667404359986,True,,4.0466525190450895,0.7349439033386685,0.4340301049028337,0.5492896744999246,0.3334755867321427,33.3489575986067,33.3489575986067,44.978917124014366,True
burst,duty=0.5,pos,False,0,10666,65.0653306151068,WEAKLY_RHYTHMIC,1.5195541129452839,True,,2.720571776358357,0.5913652104300533,0.5714350330891744,0.8057363907238624,0.20813998557263408,66.5578321652525,66.5578321652525,22.53679170733414,True
burst,duty=0.5,pos,False,1,10667,17.353852862839524,RHYTHMIC,2.025245030707662,True,,8.236552262875463,0.6601134660642451,0.6675791519820045,0.6260314816283807,0.4100980122830649,17.353905241706688,17.353905241706688,86.43587590849845,True
burst,duty=0.5,pos,False,2,10668,42.131612644611685,RHYTHMIC,2.020501628638162,True,,4.03606253064725,0.5674033740238849,0.6804960463728303,0.7544848614135063,0.40820065145526474,42.12963846489548,42.12963846489548,35.60438813757861,True
burst,duty=0.5,pos,False,3,10669,35.02870341767916,RHYTHMIC,2.0090804575253918,True,,3.9820086126642167,0.5704923136132305,0.8698956293583762,0.9326527712044834,0.40363218301015685,35.03297378197685,35.03297378197685,42.81680480038762,True
burst,duty=0.5,pos,False,4,10670,36.45964335888806,WEAKLY_RHYTHMIC,1.671001619858669,True,,4.753862307545443,0.6143355157502096,0.5732930078667636,0.7598821607954576,0.38761970962770986,36.458582137456524,36.458582137456524,41.142576371859015,True
burst,duty=0.5,pos,False,5,10671,41.254265652480804,WEAKLY_RHYTHMIC,1.5765295596863904,True,,3.6247250180021484,0.6522313045063061,0.4845967315980553,0.5903599784080737,0.24143310808159454,41.203365644969644,41.203365644969644,36.40479306775099,True
burst,duty=0.5,pos,False,6,10672,57.75681207344169,WEAKLY_RHYTHMIC,1.0733926643942988,True,,1.9990323542555932,0.42728600776355824,0.6205913359761748,0.7619969728980189,0.10792057882277867,58.30230578004398,58.30230578004398,25.72797044526887,True
burst,duty=0.5,pos,False,7,10673,36.88561989448925,WEAKLY_RHYTHMIC,1.579002921683713,True,,4.489641138005076,0.5750863645499094,0.5904580901216165,0.6745125185024844,0.237531339647141,36.89881725496235,36.89881725496235,40.651709501563275,True
burst,duty=0.5,pos,False,8,10674,54.549165875265395,RHYTHMIC,2.054665236499259,True,,2.86586095748233,0.5416145024431213,0.7794433017695069,0.8873780177770891,0.4218660945997036,54.55159432370795,54.55159432370795,27.49690487685902,True
burst,duty=0.5,pos,False,9,10675,20.951412655901198,WEAKLY_RHYTHMIC,1.4940779742728991,True,,6.666483836774767,0.7150210332875299,0.44604012538062277,0.4941472940236296,0.39463722719233035,20.954928680058096,20.954928680058096,71.58220497440708,True
burst,duty=0.5,pos,False,10,10676,74.68303124668432,WEAKLY_RHYTHMIC,1.1562375588594167,True,,1.5381380147550061,0.5719448647362123,0.7775641099213773,0.8689591815063193,0.11851677098215199,74.64150673049288,74.64150673049288,20.096057350718155,True
burst,duty=0.5,pos,False,11,10677,85.26078205474387,WEAKLY_RHYTHMIC,1.062172410436362,True,,1.110379344714378,0.4859246166596247,0.4421161296388791,0.7340329679621789,0.10662940727360026,92.76536658134405,92.76536658134405,16.16982776308743,True
burst,duty=0.5,pos,False,12,10678,38.41199469923457,WEAKLY_RHYTHMIC,1.6015770201797572,True,,3.87677835893571,0.5897978996263262,0.8457252064116058,0.8596660107885462,0.25098953891945985,38.4246990579362,38.4246990579362,39.03739096923887,True
burst,duty=0.5,pos,False,13,10679,63.00518182618092,ARRHYTHMIC,0.0,True,,2.903974088730864,0.7816312989625774,0.9022409451420151,0.88660074872585,-0.06828174730699844,63.00578972327171,63.00578972327171,23.80733590655975,True
burst,duty=0.5,pos,False,14,10680,38.68246357351984,WEAKLY_RHYTHMIC,1.2108431826005255,True,,3.724735720311167,0.6347373427217562,0.613581778190499,0.7005546263805528,0.12671752659950675,38.6920616944033,38.6920616944033,38.76764210310796,True
burst,duty=0.5,pos,False,15,10681,33.68459717498187,WEAKLY_RHYTHMIC,1.6971931689807542,True,,4.150631900820931,0.6960471019539034,0.7601860424268025,0.8256088515523299,0.3858316592066981,33.68005952220121,33.68005952220121,44.53673839297197,True
burst,duty=0.5,pos,False,16,10682,26.553243036845355,RHYTHMIC,2.46318228124188,True,,5.160296489937471,0.581820495837782,0.6847665824586234,0.7688009876979855,0.5852729124967521,26.558835313779994,26.558835313779994,56.478380255693224,True
burst,duty=0.5,pos,False,17,10683,17.738933518069224,RHYTHMIC,2.0874577094318854,True,,6.274006229222546,0.5236963874057857,0.4072968207977181,0.4528042810693466,0.4349830837727541,17.73865723427072,17.73865723427072,84.56107924009214,True
burst,duty=0.5,pos,False,18,10684,35.22196990732185,WEAKLY_RHYTHMIC,1.5148700851803725,True,,4.06672426803249,0.7730182928618952,0.4943062440681945,0.5153258794460256,0.31544195456426294,35.26705982473462,35.26705982473462,42.53260712558669,True
burst,duty=0.5,pos,False,19,10685,27.001424744037603,WEAKLY_RHYTHMIC,1.1323823057889495,True,,4.191265599595283,0.5157307422317523,0.5287764591120863,0.7339495797962846,0.1152581380799672,27.00941635920388,27.00941635920388,55.53618708568842,True
burst,duty=0.5,pos,False,20,10686,90.5822762182279,ARRHYTHMIC,0.32055336551933256,True,,2.098080597100738,0.6334265119737515,0.9999475734348617,0.9986999512435268,0.06411067310386652,90.63698085813373,90.63698085813373,16.549536246665376,True
burst,duty=0.5,pos,False,21,10687,39.93243320606938,RHYTHMIC,2.1004171250087786,True,,2.9113304096968253,0.5915809062272012,0.6923672348308922,0.8035956089708675,0.44016685000351136,39.93680402719302,39.93680402719302,37.5593399756938,True
burst,duty=0.5,pos,False,22,10688,17.505589719491,RHYTHMIC,2.1366735140628643,True,,7.883056371359882,0.4890570619415787,0.19204504300232347,0.5281961994754718,0.45466940562514563,17.500659169041832,17.500659169041832,85.7110572528295,True
burst,duty=0.5,pos,False,23,10689,26.543134532082753,RHYTHMIC,2.0298178163756804,True,,5.314093514605363,0.6115388682529099,0.505163625637658,0.5277774375413291,0.4119271265502723,26.526165723579116,26.526165723579116,56.54793895322194,True
burst,duty=0.5,pos,False,24,10690,18.902026700531206,WEAKLY_RHYTHMIC,1.1336440494583573,True,,6.682247037200121,0.4916876054692206,0.3000718622572638,0.28856499438100575,0.21340193313270034,18.85524973197356,18.85524973197356,79.55344115418387,True
burst,duty=0.5,pos,False,25,10691,39.42688869615187,WEAKLY_RHYTHMIC,1.2642041891646714,True,,2.881398580914751,0.5649028073071463,0.5921334932150385,0.5057622891178467,0.13590727009776365,39.3644244714515,39.3644244714515,38.10547264797061,True
burst,duty=0.5,pos,False,26,10692,16.803062867833503,WEAKLY_RHYTHMIC,1.2139734879837163,True,,7.315790115741054,0.5910350536162903,0.30902692900278644,0.521460383633644,0.12722217186222387,16.804052334622753,16.804052334622753,89.26418283698321,True
burst,duty=0.5,pos,False,27,10693,23.97179265684933,WEAKLY_RHYTHMIC,1.341379448741315,True,,4.994807547130743,0.6071978014990821,0.383488215553163,0.6033982132726521,0.1518324926376663,23.976573517629234,23.976573517629234,62.56106607130899,True
burst,duty=0.5,pos,False,28,10694,35.12869085678628,WEAKLY_RHYTHMIC,1.4763129629043779,True,,4.085580739775135,0.5685470736856427,0.4645136691798596,0.4773843580060804,0.28018539611702153,35.07180296566125,35.07180296566125,42.76940086224389,True
burst,duty=0.5,pos,False,29,10695,80.47916753002926,ARRHYTHMIC,0.0,True,,2.0209445197714935,0.8318752556176907,0.546472991302651,0.6802127480493934,-0.03492791241895793,80.46608777482953,80.46608777482953,18.641393430204925,True
burst,duty=0.5,pos,False,30,10696,70.34291508795077,WEAKLY_RHYTHMIC,1.6214883363078942,True,,2.1844095503072274,0.6364816131301128,0.8789403466787193,0.9695787672580168,0.26419265135603165,70.29255484807676,70.29255484807676,21.339386557252737,True
burst,duty=0.5,pos,False,31,10697,25.778334922012462,WEAKLY_RHYTHMIC,1.2692838108653262,True,,6.303496892280641,0.504663318981216,0.5583715007852936,0.689812156864524,0.1368520384342677,25.788294512441613,25.788294512441613,58.16592482594466,True
burst,duty=0.5,pos,False,32,10698,25.265803435955153,WEAKLY_RHYTHMIC,1.4426787083813737,True,,6.8440671833577795,0.6936050771429376,0.42806971210961775,0.44857428517386416,0.18055626919604587,25.297575702325208,25.297575702325208,59.29421924260231,True
burst,duty=0.5,pos,False,33,10699,27.374182027448906,RHYTHMIC,2.1862426242559057,True,,4.856751302278174,0.7028186277383739,0.8307232575233292,0.8721552069902101,0.4744970497023624,27.364963581713013,27.364963581713013,54.81461707489332,True
burst,duty=0.5,pos,False,34,10700,36.252093673693544,ARRHYTHMIC,0.376846060652952,True,,5.146402218010606,0.7677031027710894,0.8273068034645817,0.8811103348140804,0.0753692121305904,36.24612357612576,36.24612357612576,41.38373574900035,True
burst,duty=0.5,pos,False,35,10701,39.865615496654584,RHYTHMIC,2.5039614478999956,True,,3.082840678990272,0.6804499805830503,0.7968721315241875,0.8880281388699889,0.6015845791599982,39.84998761906749,39.84998761906749,37.64116602340618,True
burst,duty=0.5,pos,False,36,10702,57.22893386657496,WEAKLY_RHYTHMIC,1.625850123096834,True,,1.9389434063473592,0.6353433276336151,0.6700025075967602,0.7891442649625449,0.267272572231478,57.24996832622141,57.24996832622141,26.200887858185517,True
burst,duty=0.5,pos,False,37,10703,58.84276425300559,WEAKLY_RHYTHMIC,1.652336070250899,True,,2.209890097426022,0.7577049622166409,0.992377716030127,0.9971599412001766,0.2876340955823835,58.83101984198173,58.83101984198173,25.49675331192546,True
burst,duty=0.5,pos,False,38,10704,39.62594783297487,WEAKLY_RHYTHMIC,1.6235187127501356,True,,2.903664022828737,0.664690508876999,0.6191007058080019,0.6640436283731658,0.34112395000969936,39.815917918632465,39.815917918632465,37.673374831277016,True
burst,duty=0.5,pos,False,39,10705,59.01960497294842,WEAKLY_RHYTHMIC,1.1612098999006852,True,,2.2412159678555086,0.5643043126972399,0.7124598922287484,0.8969124473142014,0.11921933745779757,59.06760354119334,59.06760354119334,25.394631068008543,True
burst,duty=0.5,pos,False,40,10706,23.14874273396951,WEAKLY_RHYTHMIC,1.59581824647694,True,,7.301207045770083,0.5825133269168711,0.42728675791576015,0.6185336122199208,0.3448982761527831,23.160926083686615,23.160926083686615,64.76424969278426,True
burst,duty=0.5,pos,False,41,10707,63.705974117410044,WEAKLY_RHYTHMIC,1.4706004155505061,True,,2.7817797584155963,0.5952932921374561,0.3913522026770921,0.6342237948931169,0.18889323478405612,63.45115940744507,63.45115940744507,23.640229965979106,True
burst,duty=0.5,pos,False,42,10708,33.64987352901721,RHYTHMIC,2.1179896365420134,True,,4.116888740287333,0.5320967872578233,0.7942897158625268,0.8475076459097325,0.4471958546168055,33.63682495172279,33.63682495172279,44.593982997886194,True
burst,duty=0.5,pos,False,43,10709,82.53226738826598,WEAKLY_RHYTHMIC,1.203936336636715,True,,2.140135631418403,0.755959380993301,0.14016292415696444,0.4607231013202835,0.12561809388147493,82.44733221793707,82.44733221793707,18.193432821270388,True
burst,duty=0.5,pos,False,44,10710,17.20618333034655,RHYTHMIC,2.231638989751438,True,,9.271514234325794,0.5405629825011117,0.2871170579019597,0.5465890676528657,0.49265559590057517,17.20897636667866,17.20897636667866,87.16381311932156,True
burst,duty=0.5,pos,False,45,10711,51.85960870771847,RHYTHMIC,2.047883701817212,True,,3.6015495933174626,0.745140584584736,0.35411838308721016,0.6988142180819354,0.41915348072688496,51.86538247845004,51.86538247845004,28.921024550879327,True
burst,duty=0.5,pos,False,46,10712,44.7038808998399,WEAKLY_RHYTHMIC,1.2879368994666125,True,,3.3564564388894613,0.6086613957827166,0.6950565418783408,0.8336734839154483,0.14043699206586138,44.673767665520984,44.673767665520984,33.576751601313745,True
burst,duty=0.5,pos,False,47,10713,87.371510451022,WEAKLY_RHYTHMIC,1.4297284510713653,True,,2.127284816142983,0.6237810070272103,0.774227027896558,0.8406175387425763,0.1753550570563608,87.52287029905776,87.52287029905776,17.1383776020443,True
burst,duty=0.5,pos,False,48,10714,71.81182725414959,ARRHYTHMIC,0.0,True,,2.0607024719439435,0.777639015500054,0.9971316324454021,0.9986107974657148,-0.009489831168423628,71.83313964099814,71.83313964099814,20.8817268394028,True
burst,duty=0.5,pos,False,49,10715,24.54222918782135,WEAKLY_RHYTHMIC,1.688005049290875,True,,5.0124945280035025,0.543265333157964,0.6019677561333436,0.8012950191398339,0.34625516610223805,24.54243207659164,24.54243207659164,61.11863711464387,True
burst,duty=0.5,pos,False,50,10716,59.02090076302424,WEAKLY_RHYTHMIC,1.6368563656591468,True,,2.1577261073386684,0.582832912152663,0.9210030517880559,0.9504136177783147,0.2753731321258359,59.022875359207035,59.022875359207035,25.41387539782088,True
burst,duty=0.5,pos,False,51,10717,92.07155631927533,ARRHYTHMIC,0.2988846219395137,True,,0.9182004925865526,0.5809404198217435,0.2659087535460826,0.5626106043747723,0.05977692438790274,83.77670557542824,83.77670557542824,17.90473843172882,True
burst,duty=0.5,pos,False,52,10718,57.45059555863787,WEAKLY_RHYTHMIC,1.5591897814055669,True,,1.9840489067503242,0.5836496875793717,0.737345669178577,0.8138277317498954,0.2268549951470269,57.416106893616615,57.416106893616615,26.125073279163175,True
burst,duty=0.5,pos,False,53,10719,37.76670725739631,WEAKLY_RHYTHMIC,1.602647761256018,True,,4.458384641768341,0.7600099824767513,0.6335428958270097,0.6291646947560736,0.3011942159837711,38.2444819494367,38.2444819494367,39.22134445390477,True
burst,duty=0.5,pos,False,54,10720,73.54530786198897,ARRHYTHMIC,0.3954534911750438,True,,1.4689721684167687,0.6754642441253317,0.9204730436517389,0.8915488567809191,0.07909069823500876,73.35192898771265,73.35192898771265,20.449359965042888,True
burst,duty=0.5,pos,False,55,10721,95.23357117509087,ARRHYTHMIC,0.0,True,,1.7025129295170789,0.7158094052415667,0.7098877154281489,0.8196637305895675,-0.027317641279843093,92.3372813049762,92.3372813049762,16.244792772766665,True
burst,duty=0.5,pos,False,56,10722,99.24104439295525,WEAKLY_RHYTHMIC,1.18073547095897,False,samples/cycle 7.08 < 8,6.4915911021146,0.07223694569099838,0.10324396979308428,0.12206069768094627,0.409092860163266,7.083752737421778,7.083752737421778,211.75216803882176,True
burst,duty=0.5,pos,False,57,10723,40.39838493903501,RHYTHMIC,2.041562288572928,True,,3.28431510571073,0.5972289885855843,0.8220776916678102,0.9146469096818727,0.41662491542917124,40.38659279506759,40.38659279506759,37.14103855235827,True
burst,duty=0.5,pos,False,58,10724,22.854177601951015,RHYTHMIC,2.4846882259906558,True,,7.112120796570702,0.6733840694667332,0.5274044802284635,0.7226174632075516,0.5938752903962623,22.84490951016406,22.84490951016406,65.66014189430807,True
burst,duty=0.5,pos,False,59,10725,33.255444913719785,WEAKLY_RHYTHMIC,1.4528634982046131,True,,4.495109776952548,0.7588661516032741,0.660281596845025,0.838540661855777,0.18276974698609505,33.25282942192401,33.25282942192401,45.108943391476664,True
burst,duty=0.5,pos,False,60,10726,77.14775746625445,WEAKLY_RHYTHMIC,1.4623295847950093,False,samples/cycle 3.00 < 8,33.29627660149011,0.0397839494901876,0.11396782481281699,0.18598754398988887,0.5729111773576964,2.997733517618411,2.997733517618411,500.3780326650565,True
burst,duty=0.5,pos,False,61,10727,26.015362157938736,RHYTHMIC,2.1738137495899665,True,,6.502127295855176,0.5767874034686657,0.8223130538242273,0.8942702722069049,0.4695254998359866,26.006449349465097,26.006449349465097,57.678000554537526,True
burst,duty=0.5,pos,False,62,10728,37.574412200038694,RHYTHMIC,2.212619868864654,True,,4.462610266232438,0.5999019595007091,0.6569129399944035,0.7684538870388706,0.48504794754586167,37.572421031150455,37.572421031150455,39.92289979813607,True
burst,duty=0.5,pos,False,63,10729,37.45428340360435,WEAKLY_RHYTHMIC,1.333529019140528,True,,4.6113137847007835,0.7831685516190456,0.3890077458643519,0.37511010558569763,0.2623007535085714,37.10916483991455,37.10916483991455,40.42128154785642,True
burst,duty=0.5,pos,False,64,10730,46.6743165394545,WEAKLY_RHYTHMIC,1.5167542409166974,True,,2.4171112350875577,0.521653996735013,0.9508923845337915,0.9400742675944054,0.20693404571143248,46.650251188715416,46.650251188715416,32.15416770066281,True
burst,duty=0.5,pos,False,65,10731,16.874928058972724,WEAKLY_RHYTHMIC,1.3254974367700834,True,,8.625181708013736,0.5308320836816964,0.19364307402794534,0.37064351364782416,0.28218425311662315,16.876683605669808,16.876683605669808,88.8800213980469,True
burst,duty=0.7,pos,False,0,10732,64.78917589499491,WEAKLY_RHYTHMIC,1.3466371252813514,True,,2.916986114072857,0.5505982864387767,0.7443145358761732,0.9197512225744451,0.1530543039242351,64.83313395603658,64.83313395603658,23.13631793609039,True
burst,duty=0.7,pos,False,1,10733,16.794571989029166,RHYTHMIC,2.117966932271648,True,,8.799373865994626,0.6558558392068029,0.12105664277215908,0.567317514540623,0.4471867729086592,16.791878587109668,16.791878587109668,89.32889743208834,True
burst,duty=0.7,pos,False,2,10734,23.628631328373263,WEAKLY_RHYTHMIC,1.6682678073325847,True,,6.576444846939463,0.5843902369570926,0.6424598181469319,0.7599391809942795,0.30144798186727995,23.634043014168977,23.634043014168977,63.46776973794651,True
burst,duty=0.7,pos,False,3,10735,23.671270879616884,WEAKLY_RHYTHMIC,1.6799953984028246,True,,7.583728724420652,0.6139217331273622,0.9992383273664831,0.8697824034977778,0.31249550631737755,23.67096398078068,23.67096398078068,63.36877540001771,True
burst,duty=0.7,pos,False,4,10736,33.279705372640485,WEAKLY_RHYTHMIC,1.4171455169714227,True,,4.296239480586654,0.48789590459161847,0.7005454054297693,0.8220840644635297,0.17156941039620865,33.275033950269794,33.275033950269794,45.07884206044027,True
burst,duty=0.7,pos,False,5,10737,59.357026500712315,WEAKLY_RHYTHMIC,1.5767022943198783,True,,2.301004407185029,0.6079167038234801,0.852458872712166,0.8918896172057723,0.23624035438445806,59.3928906554253,59.3928906554253,25.255547986415124,True
burst,duty=0.7,pos,False,6,10738,57.58871387895633,ARRHYTHMIC,0.0,True,,2.045445201428882,0.6578636018528428,0.9984273215289747,0.9936296944790481,-0.04812359132234589,57.60555286913835,57.60555286913835,26.03915638840455,True
burst,duty=0.7,pos,False,7,10739,78.5438067581529,ARRHYTHMIC,0.4904949500297107,True,,1.7778355484204647,0.73776051942547,0.5487305950716114,0.7914205430361378,0.09809899000594215,78.68347162125652,78.68347162125652,19.063724173486666,True
burst,duty=0.7,pos,False,8,10740,19.84914365997984,RHYTHMIC,2.5438941327040174,True,,8.913488979628337,0.5731575768019643,0.3060065894123161,0.5809475919062808,0.6175576530816069,19.847585793606473,19.847585793606473,75.57594236389177,True
burst,duty=0.7,pos,False,9,10741,88.95684201144093,WEAKLY_RHYTHMIC,1.5664655720796135,True,,2.1666341548659744,0.780979509664005,0.9993280462171599,0.9994312704000897,0.23066218865174842,88.86110389588978,88.86110389588978,16.880276456585655,True
burst,duty=0.7,pos,False,10,10742,27.080461952564317,WEAKLY_RHYTHMIC,1.5718737294905167,True,,4.392125266139694,0.5015061728472641,0.43802783961247393,0.5839398729316293,0.3769118815047071,27.08717123069339,27.08717123069339,55.3767681100749,True
burst,duty=0.7,pos,False,11,10743,73.57091393806644,WEAKLY_RHYTHMIC,1.4310234755980358,True,,1.4765970819634187,0.5279516722381712,0.9962302729404601,0.9434675696536207,0.17575417563159976,73.6199737714845,73.6199737714845,20.374905384454248,True
burst,duty=0.7,pos,False,12,10744,77.9157100672188,WEAKLY_RHYTHMIC,1.3990034808458833,True,,1.7214593223509775,0.6579346328175256,0.6695311126135325,0.7285262792199848,0.16639031477378072,77.82301500572697,77.82301500572697,19.27450381984835,True
burst,duty=0.7,pos,False,13,10745,35.590030863253205,RHYTHMIC,2.1187760081910945,True,,4.2830568714375445,0.5905954449510072,0.9412817179662422,0.9000483087132995,0.4475104032764378,35.584343913317674,35.584343913317674,42.153369573258175,True
burst,duty=0.7,pos,False,14,10746,22.77510561864526,RHYTHMIC,2.187575656420888,True,,6.391731878691275,0.5448444593902394,0.5426932134832534,0.7584569824441213,0.4750302625683553,22.77665724219186,22.77665724219186,65.85689831699162,True
burst,duty=0.7,pos,False,15,10747,21.781126983367805,RHYTHMIC,2.5505091263603097,True,,7.152910224721693,0.6197755196871128,0.6170522106986505,0.78288712537605,0.620203650544124,21.777895246036213,21.777895246036213,68.87717950030155,True
burst,duty=0.7,pos,False,16,10748,78.34745988787819,WEAKLY_RHYTHMIC,1.6503274009529074,True,,1.766085416696038,0.5988625742468213,0.6662543800565601,0.7149545051035895,0.2993915462197611,78.34194817151608,78.34194817151608,19.146830465793506,True
burst,duty=0.7,pos,False,17,10749,95.48962457681516,ARRHYTHMIC,0.038178225563154075,True,,1.694384111494426,0.8052352440373883,0.38592526046021824,0.5324721708374264,0.007635645112630815,94.09039928355172,94.09039928355172,15.94211536375338,True
burst,duty=0.7,pos,False,18,10750,53.63950959994002,RHYTHMIC,2.0179771948621346,True,,3.3040832512705833,0.753272713663532,0.9990144615865761,0.9929336507803959,0.40719087794485376,53.66031553357513,53.66031553357513,27.953618704710255,True
burst,duty=0.7,pos,False,19,10751,29.753936686517196,RHYTHMIC,2.440233784437715,True,,4.701409209634482,0.5560084841124541,0.806896013318839,0.8310227381546872,0.576093513775086,29.75980787348326,29.75980787348326,50.40355120493025,True
burst,duty=0.7,pos,False,20,10752,45.68249519578755,RHYTHMIC,2.157011188695287,True,,3.0801460871420434,0.5720425071223647,0.6234864974721024,0.6729319952609576,0.46280447547811493,45.67975933456151,45.67975933456151,32.83730084946164,True
burst,duty=0.7,pos,False,21,10753,22.931921240018013,WEAKLY_RHYTHMIC,1.534230154644526,True,,6.079371714164944,0.6117242552258928,0.7289328000545565,0.794438367733154,0.21469831290533709,22.93382067632066,22.93382067632066,65.40558684793245,True
burst,duty=0.7,pos,False,22,10754,71.51477110447448,WEAKLY_RHYTHMIC,1.3306275931490381,True,,2.0503296494904104,0.7686770245207324,0.3908829147894545,0.6058887495283776,0.1493936693184686,71.54900962722836,71.54900962722836,20.964650773155732,True
burst,duty=0.7,pos,False,23,10755,66.25041237815586,WEAKLY_RHYTHMIC,1.1196759007594461,True,,2.662148893578264,0.6992531331211486,0.6419643891222265,0.6542002014197343,0.1135945273862989,66.92112327990338,66.92112327990338,22.414447434274532,True
burst,duty=0.7,pos,False,24,10756,54.05600088390324,WEAKLY_RHYTHMIC,1.7047993435153002,True,,2.980242145471812,0.7843680914194094,0.8283072992118904,0.8476137181316739,0.3387526341940333,54.07150396070331,54.07150396070331,27.741044545203167,True
burst,duty=0.7,pos,False,25,10757,70.58955577391202,WEAKLY_RHYTHMIC,1.6710450752461417,True,,2.1363783935821137,0.6445765210636659,0.5737092264343051,0.817662477572109,0.30399301689988484,70.56849611979409,70.56849611979409,21.255943976100376,True
burst,duty=0.7,pos,False,26,10758,26.248764982777928,WEAKLY_RHYTHMIC,1.6726305407269115,True,,5.976527355816418,0.5387201803697153,0.7627262359900844,0.7636631729640133,0.3602988018856134,26.23906616933981,26.23906616933981,57.16666859709896,True
burst,duty=0.7,pos,False,27,10759,29.94943064284102,RHYTHMIC,2.373750893554994,True,,4.458117589087619,0.6804741408223643,0.7650143429362076,0.876684424668942,0.5495003574219975,29.954129994195558,29.954129994195558,50.07656708075536,True
burst,duty=0.7,pos,False,28,10760,37.842432227149374,WEAKLY_RHYTHMIC,1.5357592200376686,True,,4.345766548397005,0.6952283506680104,0.3776292089867334,0.5385136566854059,0.31800942607822946,37.83024437587122,37.83024437587122,39.65081444085849,True
burst,duty=0.7,pos,False,29,10761,35.99152690234776,RHYTHMIC,2.3700998148021872,True,,4.969657737674729,0.6512283291761785,0.666666609091498,0.8161515368113823,0.548039925920875,35.984219024408524,35.984219024408524,41.68493969488492,True
burst,duty=0.7,pos,False,30,10762,48.96799409270991,WEAKLY_RHYTHMIC,1.2466342205410608,False,samples/cycle 2.55 < 8,25.230103963898706,0.06147359362983818,0.1327376458110682,0.08865413123257512,0.5773728164652938,2.552768510321574,2.552768510321574,587.5973453664407,True
burst,duty=0.7,pos,False,31,10763,21.765381232881857,WEAKLY_RHYTHMIC,1.2426820989991758,True,,7.4579177540939705,0.5687002873412891,0.7140444439789967,0.7982327179197798,0.13204494422731355,21.769387055696896,21.769387055696896,68.90409896072202,True
burst,duty=0.7,pos,False,32,10764,31.347597162604856,WEAKLY_RHYTHMIC,1.6887726857825172,True,,5.484475141126673,0.516016545708469,0.7638803426672206,0.8738097785684845,0.3213085594734172,31.349964010241138,31.349964010241138,47.84694488038305,True
burst,duty=0.7,pos,False,33,10765,20.917242157559013,RHYTHMIC,2.4602585368031455,True,,7.327771712633243,0.7336300443687908,0.8074069232594409,0.8882986552131898,0.5841034147212584,20.917156865228915,20.917156865228915,71.71146679563729,True
burst,duty=0.7,pos,False,34,10766,35.70536986757079,WEAKLY_RHYTHMIC,1.7345859380744155,True,,4.6632264043612865,0.5845596514314649,0.9327691375860837,0.9419244714701434,0.3922666841635056,35.70790219344065,35.70790219344065,42.00750836254788,True
burst,duty=0.7,pos,False,35,10767,22.539113681270642,RHYTHMIC,2.4213096355424484,True,,5.90066706628959,0.6033159522796578,0.6947476030781038,0.7718743148405213,0.5685238542169794,22.53748016351377,22.53748016351377,66.55579901201068,True
burst,duty=0.7,pos,False,36,10768,50.666043030579814,RHYTHMIC,2.0238093536188604,True,,3.666490555537866,0.5836631793755643,0.792736592647892,0.8773203569611996,0.4095237414475441,50.697347099831894,50.697347099831894,29.587346987727763,True
burst,duty=0.7,pos,False,37,10769,68.55808240271794,WEAKLY_RHYTHMIC,1.461029267285487,True,,2.407038003623195,0.49408602506631355,0.5247642592925179,0.6208358865091916,0.18553883157319584,68.58884004958388,68.58884004958388,21.86944696711051,True
burst,duty=0.7,pos,False,38,10770,48.170258889435175,WEAKLY_RHYTHMIC,1.4549245938690496,True,,2.7682798426315496,0.6492268190419931,0.7075187694820402,0.850110685006683,0.1834608549114684,48.16138307872223,48.16138307872223,31.145284958867848,True
burst,duty=0.7,pos,False,39,10771,17.56862489092784,RHYTHMIC,2.1465844222830546,True,,7.684206162779151,0.6044066882130144,0.6863243915835499,0.792282753299857,0.45863376891322183,17.57209759106891,17.57209759106891,85.36260353814453,True
burst,duty=0.7,pos,False,40,10772,88.10369499942921,WEAKLY_RHYTHMIC,1.5619702885602884,True,,2.176041063977324,0.5831183868070898,0.9992281286303338,0.9931180534298263,0.2282950160419964,88.09555006441082,88.09555006441082,17.026966729911774,True
burst,duty=0.7,pos,False,41,10773,59.248869459532486,WEAKLY_RHYTHMIC,1.0869634834632667,True,,2.257564488311249,0.5717995064429606,0.5033777431078894,0.7638381777232451,0.10952464462134882,59.29314490809449,59.29314490809449,25.29803406995916,True
burst,duty=0.7,pos,False,42,10774,17.55272615611328,RHYTHMIC,2.7725493286671528,True,,7.4625169199426455,0.5815641443104077,0.5997075173297652,0.761509927843825,0.7090197314668613,17.55083736792519,17.55083736792519,85.46600760721,True
burst,duty=0.7,pos,False,43,10775,30.706891483441602,WEAKLY_RHYTHMIC,1.6795385761920207,True,,4.327076994328995,0.6595367602448928,0.742109445355082,0.7801250990815051,0.39770448469225617,30.72070141888396,30.72070141888396,48.82701015016385,True
burst,duty=0.7,pos,False,44,10776,45.569008569340575,WEAKLY_RHYTHMIC,1.4714605164483727,True,,3.177067698017257,0.5194022088596367,0.4876508277252568,0.47300155954305395,0.24444389198224953,45.5316644803121,45.5316644803121,32.94410641738345,True
burst,duty=0.7,pos,False,45,10777,19.345461538883523,WEAKLY_RHYTHMIC,1.6580660502138376,True,,8.094171855759948,0.5419674329920449,0.774393394791876,0.7311353556917768,0.3078751317450943,19.35052964649693,19.35052964649693,77.51725804939652,True
burst,duty=0.7,pos,False,46,10778,18.972349178161885,WEAKLY_RHYTHMIC,1.487097099922579,True,,5.760676176891571,0.6568299925744161,0.4176213614819278,0.48742169319429324,0.3693118531821534,18.969881649021673,18.969881649021673,79.07271261638888,True
burst,duty=0.7,pos,False,47,10779,86.54726567413385,ARRHYTHMIC,0.061501919244003216,True,,1.833153035242101,0.5388038771882124,0.4613837152983614,0.6626797928688397,0.012300383848800644,85.84165510137784,85.84165510137784,17.474034001657124,True
burst,duty=0.7,pos,False,48,10780,68.93900447125118,WEAKLY_RHYTHMIC,1.2735416705266598,True,,2.419755686901154,0.7391110354346243,0.9986829353650354,0.9990301903347204,0.13765414469470932,68.8965524771384,68.8965524771384,21.771771533818583,True
burst,duty=0.7,pos,False,49,10781,19.788128196076826,WEAKLY_RHYTHMIC,1.4945100235833384,True,,8.55912076530156,0.764084479782295,0.22185435217029367,0.4945696485857353,0.37145497664926763,19.7961431370578,19.7961431370578,75.77233553095724,True
burst,duty=0.7,pos,False,50,10782,23.66337688557889,RHYTHMIC,2.3018321521609657,True,,7.136221972083569,0.6701778184101427,0.688680080706044,0.7704600639774365,0.5207328608643862,23.664400570418596,23.664400570418596,63.38635096783551,True
burst,duty=0.7,pos,False,51,10783,36.2385460707447,RHYTHMIC,2.353423077854597,True,,4.9738873500549365,0.5624098607090368,0.8127796857371777,0.8870157667928925,0.5413692311418389,36.237052843686165,36.237052843686165,41.394094781120025,True
burst,duty=0.7,pos,False,52,10784,70.25955842606012,ARRHYTHMIC,0.34396374955446285,True,,2.166174883991092,0.8102109664196436,0.9882312470064106,0.9854671014827552,0.06879274991089257,70.30059598295948,70.30059598295948,21.336945711862707,True
burst,duty=0.7,pos,False,53,10785,21.471568631192884,RHYTHMIC,2.03778252682598,True,,7.145982337877868,0.5720194301896481,0.4812707146099576,0.5922775631644674,0.415113010730392,21.471038694845415,21.471038694845415,69.86154798184529,True
burst,duty=0.7,pos,False,54,10786,92.58304886748735,WEAKLY_RHYTHMIC,1.6907805227973587,True,,1.9396326523990466,0.7302924535148281,0.9996008644025851,0.9985337330081488,0.32339489382962394,92.57864229935159,92.57864229935159,16.202441111090973,True
burst,duty=0.7,pos,False,55,10787,23.0182058836254,WEAKLY_RHYTHMIC,1.4708867469738576,True,,6.61565127499171,0.4980704960274646,0.6809206058471556,0.7885330909194385,0.18899545499583098,23.019528357532923,23.019528357532923,65.1620648652056,True
burst,duty=0.7,pos,False,56,10788,16.465238908642075,WEAKLY_RHYTHMIC,1.0296928480159364,True,,7.40009568669598,0.7873662409977529,0.2256273410494497,0.6118178474634004,0.10306014935118442,16.466773657219694,16.466773657219694,91.09252554414871,True
burst,duty=0.7,pos,False,57,10789,71.31185309525928,WEAKLY_RHYTHMIC,1.571786619969426,True,,2.1036778268039833,0.6350272833785883,0.6798806778726346,0.5838210846708018,0.3638381214518984,71.22000498031275,71.22000498031275,21.061498105969566,True
burst,duty=0.7,pos,False,58,10790,16.065325387084503,WEAKLY_RHYTHMIC,1.607301127037739,True,,10.86106884904196,0.7338740628157321,0.641743045910429,0.7186875669550264,0.2546480443034279,16.06474187318088,16.06474187318088,93.372181877641,True
burst,duty=0.7,pos,False,59,10791,35.82965538201758,RHYTHMIC,2.0484695589102335,True,,4.810151850964638,0.6878615834739704,0.7211961485686073,0.6538629167080992,0.4193878235640933,35.80468945808793,35.80468945808793,41.89395363296929,True
burst,duty=0.7,pos,False,60,10792,74.39393593116002,WEAKLY_RHYTHMIC,1.2225895601556516,True,,1.5322912285567494,0.6730180823344527,0.9990961650056572,0.9975219294153547,0.12863218047344696,74.41601857287803,74.41601857287803,20.156950462634615,True
burst,duty=0.7,pos,False,61,10793,53.554160062562296,WEAKLY_RHYTHMIC,1.7175550839231462,True,,3.1788477960199257,0.7333230773989854,0.7624116421705055,0.8851283410319004,0.35555763614828323,53.52299924850445,53.52299924850445,28.025335296244883,True
burst,duty=0.7,pos,False,62,10794,34.70533054049622,ARRHYTHMIC,0.24557137563675702,True,,3.777834168404331,0.5342895917223849,0.9956611787594689,0.9662432557177582,0.049114275127351406,34.705956309064334,34.705956309064334,43.220246883335044,True
burst,duty=0.7,pos,False,63,10795,32.406687908286116,WEAKLY_RHYTHMIC,1.644687886201486,True,,5.250235324126458,0.6001670953092346,0.6879421781842046,0.7495250701137229,0.2814426981701692,32.42101279767355,32.42101279767355,46.26629061099647,True
burst,duty=0.7,pos,False,64,10796,20.68721053883791,RHYTHMIC,2.0779121914062912,True,,6.2757289333315205,0.7015838831774713,0.8785421910127132,0.8101254919831534,0.4311648765625166,20.689887444042235,20.689887444042235,72.49918609063933,True
burst,duty=0.7,pos,False,65,10797,18.605904334520886,ARRHYTHMIC,0.44967446562625774,True,,8.577061783672756,0.6121408769122114,0.7035618603415815,0.7340210749831115,0.08993489312525155,18.609911975592425,18.609911975592425,80.60220821932444,True
damped,tau=5,pos,False,0,10798,52.15774702046724,WEAKLY_RHYTHMIC,1.7152093217163333,True,,3.603289354398503,0.6738949706884805,0.922360748506034,0.9398923158628497,0.35113508841885144,52.14596707931326,52.14596707931326,28.765407643481264,True
damped,tau=5,pos,False,1,10799,21.25813452752515,WEAKLY_RHYTHMIC,1.5455145703884505,True,,8.360123823020768,0.7939661361584356,0.4553953121734939,0.5500726397624585,0.2949233049743242,21.08407125768387,21.08407125768387,71.14375500193496,True
damped,tau=5,pos,False,2,10800,67.64656458144587,WEAKLY_RHYTHMIC,1.1912006709434935,True,,2.5362984305017418,0.8336792235042642,0.9987900881138092,0.9942831847097692,0.12364006300135486,67.6527857609395,67.6527857609395,22.17203597942675,True
damped,tau=5,pos,False,3,10801,20.839199715182474,WEAKLY_RHYTHMIC,1.517692305657894,True,,6.68113906202223,0.59408449245786,0.5130451389757857,0.5183413056285856,0.2993202411359618,20.63011515397016,20.63011515397016,72.70924029288963,True
damped,tau=5,pos,False,4,10802,42.453785679901266,WEAKLY_RHYTHMIC,1.6374512860983437,True,,3.7726177423711302,0.6195378684427472,0.8566630058308845,0.8987303237037972,0.2758250027253596,42.44348067215499,42.44348067215499,35.34111661544463,True
damped,tau=5,pos,False,5,10803,46.61982519939723,WEAKLY_RHYTHMIC,1.5267382563652283,True,,2.7859047676806283,0.6474568272640915,0.9574872585255916,0.9458314882205794,0.21129956381425286,46.59910742158377,46.59910742158377,32.189457759983405,True
damped,tau=5,pos,False,6,10804,17.95828563721527,WEAKLY_RHYTHMIC,1.4254147666553194,True,,8.392485781473148,0.5331285466981306,0.3772343907372749,0.4350964582656281,0.3451510437793046,17.803922524310416,17.803922524310416,84.2510967991363,True
damped,tau=5,pos,False,7,10805,71.3667807841659,WEAKLY_RHYTHMIC,1.6048393385048743,True,,2.078084750673221,0.5789678669764211,0.9948775334804191,0.9901214447848918,0.2530616271914341,71.369641232378,71.369641232378,21.017339783396594,True
damped,tau=5,pos,False,8,10806,46.972606289745706,WEAKLY_RHYTHMIC,1.3551012354450274,True,,2.5272956596345897,0.7905317433429259,0.9533586459973914,0.9732574176928905,0.1550630974909796,46.963121009615314,46.963121009615314,31.939955602458518,True
damped,tau=5,pos,False,9,10807,23.855845917699458,WEAKLY_RHYTHMIC,1.5141961288184567,True,,6.305578542793484,0.7877123732508445,0.545331774811862,0.5146109671624576,0.3045364850885062,24.017903686245578,24.017903686245578,62.4534105721729,True
damped,tau=5,pos,False,10,10808,27.501498824345372,WEAKLY_RHYTHMIC,1.6043195659627996,True,,4.843546357203186,0.6417239258033507,0.518547566104026,0.6318230028439967,0.33771035223135376,27.515706247063406,27.515706247063406,54.51431944110416,True
damped,tau=5,pos,False,11,10809,37.795899914826485,WEAKLY_RHYTHMIC,1.6801874842842603,True,,4.439309271941271,0.5822249110701302,0.8705933982329502,0.8766387068429349,0.31268319745460954,37.807940283703935,37.807940283703935,39.674205702407264,True
damped,tau=5,pos,False,12,10810,56.85329020438677,WEAKLY_RHYTHMIC,1.5793265348196746,True,,2.458613907506901,0.6837843456244194,0.8854459326624778,0.9572838266754008,0.23771406631776526,56.78855238755565,56.78855238755565,26.41377420158895,True
damped,tau=5,pos,False,13,10811,38.94612824732256,ARRHYTHMIC,0.4369628466728138,True,,3.5796985036401865,0.7413585685749944,0.779852509392977,0.7913436016572749,0.08739256933456277,38.98594808429945,38.98594808429945,38.4754013614481,True
damped,tau=5,pos,False,14,10812,23.31584965025141,WEAKLY_RHYTHMIC,1.3491302240058516,True,,7.9018169989328655,0.7353285721147041,0.28727672577416286,0.27375842353109076,0.30728112961539344,23.650237198188265,23.650237198188265,63.42431103037343,True
damped,tau=5,pos,False,15,10813,22.618033831055623,WEAKLY_RHYTHMIC,1.4281772202011869,True,,5.896691759769615,0.6561450818007082,0.3744874901234561,0.4371983922850339,0.30679896975216153,22.5384052882633,22.5384052882633,66.5530671232145,True
damped,tau=5,pos,False,16,10814,42.95556415121593,WEAKLY_RHYTHMIC,1.6112701020841267,True,,4.362588711711781,0.6632528339769237,0.8538523553261228,0.9466640169601754,0.2572480288656403,42.874011007996735,42.874011007996735,34.98622976329936,True
damped,tau=5,pos,False,17,10815,24.2708921565461,WEAKLY_RHYTHMIC,1.549808015547852,True,,5.5100394731938644,0.6140084552669447,0.4764400955127771,0.5553186387896986,0.2300815382053911,24.106620866092637,24.106620866092637,62.2235695468143,True
damped,tau=5,pos,False,18,10816,17.710265694768,WEAKLY_RHYTHMIC,1.4064630868843597,True,,6.843646552009838,0.7590975592059521,0.18179605362683296,0.362661990436422,0.3369630356267893,17.744242663253715,17.744242663253715,84.53446159786394,True
damped,tau=5,pos,False,19,10817,19.08939885573344,WEAKLY_RHYTHMIC,1.547102878798683,True,,6.663972215706476,0.5834115827263017,0.45094407754551186,0.5520017423313949,0.2219947243477661,19.082562923253626,19.082562923253626,78.60579346876568,True
damped,tau=5,pos,False,20,10818,55.113683008769875,WEAKLY_RHYTHMIC,1.7295613295390087,True,,2.6892756004527167,0.6400038982482816,0.9839471603976969,0.9757424913963432,0.36976960369439554,55.1468625797135,55.1468625797135,27.20009679302762,True
damped,tau=5,pos,False,21,10819,43.463331401532294,WEAKLY_RHYTHMIC,1.4809858925637203,True,,4.34290841978411,0.7671049523422904,0.803633175033744,0.8888059876449657,0.1926729901311539,43.44118484912992,43.44118484912992,34.529444931335554,True
damped,tau=5,pos,False,22,10820,52.61537509501024,WEAKLY_RHYTHMIC,1.4430608432077632,True,,3.441576862495127,0.6840184922662712,0.8796499164614516,0.9303897563012148,0.1795528268760325,52.587159664062234,52.587159664062234,28.524073359016032,True
damped,tau=5,pos,False,23,10821,16.466143111352974,WEAKLY_RHYTHMIC,1.3784946414953931,True,,7.92074915743189,0.6579466110929673,0.20770836403858622,0.35857655331082783,0.32179931719529575,16.453682302586795,16.453682302586795,91.16500321415437,True
damped,tau=5,pos,False,24,10822,77.17813341246317,WEAKLY_RHYTHMIC,1.6294376312573224,True,,1.5462596214854818,0.6377349211485955,0.9984846054523883,0.9907244329944717,0.26986010570717467,77.24073475642963,77.24073475642963,19.41980490903005,True
damped,tau=5,pos,False,25,10823,32.02610458631537,WEAKLY_RHYTHMIC,1.6193321841224684,True,,5.851104989513517,0.8211185991111903,0.6116126172336189,0.6567405742555078,0.3061189721513905,31.96801835173398,31.96801835173398,46.92189498566896,True
damped,tau=5,pos,False,26,10824,17.448121376088043,WEAKLY_RHYTHMIC,1.385390677024533,True,,8.161393233271633,0.5871644007178112,0.28414957693924386,0.4067624597519798,0.25455588760282055,17.465032624939347,17.465032624939347,85.88589739351885,True
damped,tau=5,pos,False,27,10825,25.69898743505489,WEAKLY_RHYTHMIC,1.65686001323086,True,,7.202121290853468,0.822623818315031,0.5037553171478256,0.7285656281388058,0.3029097480285103,25.78165675885771,25.78165675885771,58.18090024352878,True
damped,tau=5,pos,False,28,10826,54.01802247803664,WEAKLY_RHYTHMIC,1.718027098720211,True,,3.052567119587379,0.7338355051203511,0.9782745447987949,0.9814153659175613,0.3546440085062449,53.99378523273329,53.99378523273329,27.78097504248762,True
damped,tau=5,pos,False,29,10827,27.339984899147257,WEAKLY_RHYTHMIC,1.6428923141905114,True,,4.714213558745911,0.7141402678136926,0.6056501105261972,0.7000689426028515,0.33008574676266944,27.332990504094866,27.332990504094866,54.87873709886516,True
damped,tau=5,pos,False,30,10828,32.505601545249974,WEAKLY_RHYTHMIC,1.576929602622534,True,,5.681805456504486,0.6415093804547084,0.6528460324694593,0.6895751532563699,0.23636728218254274,32.450776106338395,32.450776106338395,46.22385594368003,True
damped,tau=5,pos,False,31,10829,86.08207724639746,WEAKLY_RHYTHMIC,1.3966890988371703,True,,2.103964828907358,0.6610870009411002,0.9989131881721064,0.9977003953348689,0.1657520190788176,86.12919949224575,86.12919949224575,17.415696521538504,True
damped,tau=5,pos,False,32,10830,45.99552620545119,WEAKLY_RHYTHMIC,1.5902242997736,True,,3.0580464995171135,0.711789245316737,0.9185156811179682,0.9167538998919819,0.24403594440751436,45.94289198381931,45.94289198381931,32.64922897166088,True
damped,tau=5,pos,False,33,10831,50.666304679021046,WEAKLY_RHYTHMIC,1.7189138031438396,True,,3.345080330648773,0.6909096033789346,0.9579364732679871,0.9553174932719865,0.3557627557612611,50.616269169537425,50.616269169537425,29.634740462119055,True
damped,tau=5,pos,False,34,10832,22.59090507174803,WEAKLY_RHYTHMIC,1.306980876432514,True,,5.98819198262548,0.5741044387362259,0.3912154948407407,0.36074040599783685,0.28436033869746347,22.6235190779845,22.6235190779845,66.30268239125039,True
damped,tau=5,pos,False,35,10833,18.98219490933164,WEAKLY_RHYTHMIC,1.5200486214902162,True,,6.32003419288965,0.7458038675919246,0.41135082437345294,0.5208860963713303,0.31587332209573066,18.866111623594467,18.866111623594467,79.50763940800921,True
damped,tau=5,pos,False,36,10834,34.28117407905776,WEAKLY_RHYTHMIC,1.5693628370338875,True,,3.468354458982775,0.698642793116677,0.5929653067531443,0.5805351267829917,0.2901750122904313,34.187178543921,34.187178543921,43.876098113008005,True
damped,tau=5,pos,False,37,10835,34.1588523824212,WEAKLY_RHYTHMIC,1.5888659827286373,True,,3.8949258658701216,0.7180652045643362,0.5704045350555796,0.6080742276185612,0.2856212789940851,33.97567668702748,33.97567668702748,44.14923104600671,True
damped,tau=5,pos,False,38,10836,24.27131175097874,WEAKLY_RHYTHMIC,1.5562799557577511,True,,5.448933806148673,0.7240979363476879,0.4998341675177679,0.5634183157691937,0.2621548138724807,24.37672786917001,24.37672786917001,61.53409957441809,True
damped,tau=5,pos,False,39,10837,47.59151659999497,WEAKLY_RHYTHMIC,1.2933806401875487,True,,2.703196850060122,0.6696513093374596,0.9372636611833498,0.9349359158712728,0.1415189077561386,47.66561951799138,47.66561951799138,31.469222789264812,True
damped,tau=5,pos,False,40,10838,83.03052563502813,WEAKLY_RHYTHMIC,1.7035052981891763,True,,2.0468578033024905,0.5107221940099049,0.9996054698294188,0.9974435795199419,0.33727415494865837,83.07103286569676,83.07103286569676,18.056835797685235,True
damped,tau=5,pos,False,41,10839,89.2026214497257,WEAKLY_RHYTHMIC,1.4660780335653747,True,,1.9632859769843631,0.5425572009701845,0.9995602855598331,0.9831550805650651,0.18729328682198776,89.22036319128667,89.22036319128667,16.812305468696984,True
damped,tau=5,pos,False,42,10840,28.934154033691257,WEAKLY_RHYTHMIC,1.5870574356318499,True,,5.941767434267223,0.48873597421530995,0.6166250382440287,0.6054110706231725,0.26876788568599275,29.01364093344075,29.01364093344075,51.69981952424038,True
damped,tau=5,pos,False,43,10841,16.51018569076525,WEAKLY_RHYTHMIC,1.5212408815694358,True,,7.657112946819122,0.6070393967465497,0.5398527660124116,0.5221832658133658,0.2139916105871849,16.627414296325313,16.627414296325313,90.21246318085083,True
damped,tau=5,pos,False,44,10842,68.57542805285979,ARRHYTHMIC,0.41823022052212505,True,,2.243883845697995,0.7416155440414932,0.9957798631762611,0.9869081319172262,0.08364604410442501,68.6377236682572,68.6377236682572,21.853871600548185,True
damped,tau=5,pos,False,45,10843,44.942794633880666,WEAKLY_RHYTHMIC,1.3935873180809324,True,,3.455152119104095,0.7243143347356223,0.6317434074366154,0.7465268624538621,0.1649042029984229,44.85343527948343,44.85343527948343,33.4422545486972,True
damped,tau=5,pos,False,46,10844,27.057725111019124,WEAKLY_RHYTHMIC,1.5950250675349014,True,,4.449478010035339,0.49786082201637666,0.5735167594406931,0.6173221598636733,0.3092249181390547,27.031585487751784,27.031585487751784,55.49064077945636,True
damped,tau=5,pos,False,47,10845,68.63641340984447,WEAKLY_RHYTHMIC,1.662770703953453,True,,2.165808998561388,0.6570403196826795,0.999576628273912,0.9925145376487909,0.29653414211734813,68.67919151593453,68.67919151593453,21.840676439121726,True
damped,tau=5,pos,False,48,10846,63.34169714623632,WEAKLY_RHYTHMIC,1.4223422484262174,True,,2.9669479841415973,0.76855676034156,0.9994394567843288,0.9937477929763665,0.17311288514273024,63.28876669431041,63.28876669431041,23.700888456953425,True
damped,tau=5,pos,False,49,10847,19.218568205942894,WEAKLY_RHYTHMIC,1.5030454069828498,True,,6.965335436269142,0.663570706730147,0.4573869373102963,0.5030640696611338,0.3064251395349714,19.013814627843967,19.013814627843967,78.89000862580143,True
damped,tau=5,pos,False,50,10848,60.43703595642723,WEAKLY_RHYTHMIC,1.7237126989974167,True,,2.443468364942426,0.6220994672475397,0.9826306932052986,0.98494941883427,0.3619420785433242,60.43296088732448,60.43296088732448,24.82089207571191,True
damped,tau=5,pos,False,51,10849,62.71222706451727,WEAKLY_RHYTHMIC,1.5650623612224075,True,,2.81988686828558,0.6308368303982909,0.9878756745070697,0.9753389391696434,0.22991801831879516,62.646272597196244,62.646272597196244,23.943962470755732,True
damped,tau=5,pos,False,52,10850,31.637483436235154,WEAKLY_RHYTHMIC,1.6597676988785008,True,,5.696650816311529,0.6666896579498657,0.752619157910368,0.8455659131642801,0.2939168317363534,31.67845646385802,31.67845646385802,47.350791908417364,True
damped,tau=5,pos,False,53,10851,42.68094137498585,WEAKLY_RHYTHMIC,1.6975118997685146,True,,4.029743885529687,0.7167423651778124,0.9731163029026136,0.8940839486184169,0.33059151723149727,42.69436363152144,42.69436363152144,35.133443209176754,True
damped,tau=5,pos,False,54,10852,36.059754387439924,WEAKLY_RHYTHMIC,1.5867640671877403,True,,4.809392075302483,0.8000414900216,0.8668840854080169,0.9163360996175103,0.2419925085397445,36.0281551078071,36.0281551078071,41.63410520221054,True
damped,tau=5,pos,False,55,10853,32.82134116547671,WEAKLY_RHYTHMIC,1.6952599105632637,True,,5.282909297609759,0.7758410005336065,0.6712507849659987,0.8203712234320248,0.33626172619044686,32.826595917783685,32.826595917783685,45.69465575281842,True
damped,tau=5,pos,False,56,10854,18.981631318854426,WEAKLY_RHYTHMIC,1.5023260269313115,True,,6.241579743058336,0.6038596139619317,0.5341898788526074,0.5023368983081123,0.2460563566293891,18.979812085577027,18.979812085577027,79.03134094461699,True
damped,tau=5,pos,False,57,10855,20.323055144077927,WEAKLY_RHYTHMIC,1.4345840657230453,True,,6.641920669140516,0.758546999737256,0.44273946377766343,0.4421523781774848,0.2980378799621988,20.26889254426798,20.26889254426798,74.00502996026778,True
damped,tau=5,pos,False,58,10856,43.149994481118576,WEAKLY_RHYTHMIC,1.6911202648712265,True,,3.723796576020491,0.6755691722098868,0.8421062950771487,0.885394183995885,0.32375060137341005,43.1819165457813,43.1819165457813,34.73676297831074,True
damped,tau=5,pos,False,59,10857,99.0953511335718,WEAKLY_RHYTHMIC,1.6081476903862355,True,,1.5374240154184442,0.6588792690116622,0.9971938077903006,0.9987268207556477,0.25519818958976304,99.20100277929015,99.20100277929015,15.120814890725578,True
damped,tau=5,pos,False,60,10858,45.41738075916951,WEAKLY_RHYTHMIC,1.5277520993950522,True,,3.292449909353002,0.8255577706339772,0.8561006459106606,0.9274136617486322,0.21175319121990877,45.440092073878176,45.440092073878176,33.010496491979914,True
damped,tau=5,pos,False,61,10859,18.36906178097449,WEAKLY_RHYTHMIC,1.4135929193703372,True,,9.619341847981103,0.5200245130786191,0.38856363499149765,0.4263250023031083,0.2005032549575751,18.403642775741062,18.403642775741062,81.5056029003801,True
damped,tau=5,pos,False,62,10860,18.307616154099374,WEAKLY_RHYTHMIC,1.3879713673385736,True,,9.533914218039849,0.6009253099048713,0.23685995871271454,0.4084776212394948,0.3176654463166574,18.45269260490614,18.45269260490614,81.28894964636137,True
damped,tau=5,pos,False,63,10861,30.89858567309846,WEAKLY_RHYTHMIC,1.491071039823722,True,,4.540198309075741,0.5879078109687617,0.49906878230606855,0.7254941151429632,0.19649107797945506,30.791220216498882,30.791220216498882,48.715185350019155,True
damped,tau=5,pos,False,64,10862,35.70819960421356,WEAKLY_RHYTHMIC,1.585328134171339,True,,4.592629653782331,0.7884150328376047,0.7186490509284517,0.7524620654775614,0.2411545326330848,35.688848145918975,35.688848145918975,42.02993590230301,True
damped,tau=5,pos,False,65,10863,41.2763939269755,WEAKLY_RHYTHMIC,1.638711004326101,True,,4.027085713979347,0.5548735060561819,0.7660193115330964,0.8957001846858083,0.27678673083710653,41.13097865256726,41.13097865256726,36.46886237914436,True
damped,tau=10,pos,False,0,10864,28.469440930622692,WEAKLY_RHYTHMIC,1.7197775681389065,True,,6.678055950343604,0.5597529301078343,0.8326086117466244,0.8921484205944127,0.3928951767036779,28.462895485089934,28.462895485089934,52.70018999949472,True
damped,tau=10,pos,False,1,10865,66.79193837798843,RHYTHMIC,2.337176513765435,True,,2.6045227999970217,0.757141184141816,0.9977883207038271,0.9943757505506514,0.534870605506174,66.78777065552542,66.78777065552542,22.459201516646274,True
damped,tau=10,pos,False,2,10866,36.948816255369195,WEAKLY_RHYTHMIC,1.3784336817527028,True,,5.1710685400092755,0.6877503132410255,0.9967039693938652,0.9944550751735399,0.16088387846043786,36.95235529754394,36.95235529754394,40.59281168742439,True
damped,tau=10,pos,False,3,10867,72.2280462709379,WEAKLY_RHYTHMIC,1.672006979243254,True,,2.0213042756561825,0.7386256646349204,0.9994290211600776,0.9979472441373222,0.30488453616872646,72.25898679599435,72.25898679599435,20.75866361418663,True
damped,tau=10,pos,False,4,10868,43.86113664872955,WEAKLY_RHYTHMIC,1.741188560539352,True,,3.8966999307681034,0.6992271207036985,0.9908640815951288,0.9915866174506396,0.38638168470603834,43.882416570177426,43.882416570177426,34.18225606607552,True
damped,tau=10,pos,False,5,10869,54.107882711036915,WEAKLY_RHYTHMIC,1.5034351237983574,True,,2.960461458900365,0.6322038801225163,0.9958782106747692,0.9969540478317338,0.20138355488395948,54.10126642080987,54.10126642080987,27.72578350260263,True
damped,tau=10,pos,False,6,10870,71.89602716250207,WEAKLY_RHYTHMIC,1.731836857613117,True,,2.0065543730791084,0.8000872453276363,0.9992925229530283,0.9932689959673289,0.3729073246603312,71.92261771637173,71.92261771637173,20.855748130793568,True
damped,tau=10,pos,False,7,10871,29.219315232283638,WEAKLY_RHYTHMIC,1.129985781538846,True,,5.401456193380285,0.6319520287479372,0.9174042837065424,0.9212198355697941,0.11494065025382685,29.219257170732757,29.219257170732757,51.33600731994184,True
damped,tau=10,pos,False,8,10872,26.30014218251025,WEAKLY_RHYTHMIC,1.6876376430533007,True,,6.129128192310394,0.6381685748481909,0.9561632405767663,0.8816395366084582,0.32014100859491124,26.293862751847005,26.293862751847005,57.04753288463229,True
damped,tau=10,pos,False,9,10873,32.18473174112126,RHYTHMIC,2.2024257216431913,True,,5.954832979408534,0.59133946827086,0.911820596225278,0.9445313181258065,0.4809702886572765,32.192608805942704,32.192608805942704,46.59454625258896,True
damped,tau=10,pos,False,10,10874,91.60843319694276,RHYTHMIC,2.1869145664738823,True,,1.9666990641942366,0.5517299963566695,0.9996662407156699,0.9530557227984626,0.4747658265895529,91.57174181832987,91.57174181832987,16.3805991915701,True
damped,tau=10,pos,False,11,10875,59.65249818043623,RHYTHMIC,2.5774235494331337,True,,2.2513560608233654,0.6255491853358693,0.9999522266960148,0.9891272045661964,0.6309694197732535,59.66177641855763,59.66177641855763,25.141725406845733,True
damped,tau=10,pos,False,12,10876,42.77845418055127,WEAKLY_RHYTHMIC,1.170105699935068,True,,4.510341405555557,0.5950960695224193,0.9751847350530805,0.9864002518878061,0.12049727295653902,42.791174016462264,42.791174016462264,35.05395760870998,True
damped,tau=10,pos,False,13,10877,84.80469050586974,WEAKLY_RHYTHMIC,1.15017550123508,True,,2.176250757521277,0.6799222817612802,0.999347250384296,0.9974933950579563,0.11767135466832687,84.81860365027035,84.81860365027035,17.684799506779182,True
damped,tau=10,pos,False,14,10878,39.854972682138154,WEAKLY_RHYTHMIC,1.6310717521070284,True,,3.050452803198006,0.659381916753777,0.9771460870601049,0.9854430589774683,0.27105541679478723,39.8673294267911,39.8673294267911,37.624792569927955,True
damped,tau=10,pos,False,15,10879,26.916933306729625,WEAKLY_RHYTHMIC,1.673782476226226,True,,4.367622347016654,0.6782520666265798,0.8110515556020697,0.8784843865104465,0.3065439245665667,26.93219922794804,26.93219922794804,55.695414522384134,True
damped,tau=10,pos,False,16,10880,16.73864688054479,WEAKLY_RHYTHMIC,1.5348303270171637,True,,8.690468705645372,0.6375809880695691,0.5535912900210006,0.5374383037417497,0.335295437492464,16.7511545627478,16.7511545627478,89.54606647447382,True
damped,tau=10,pos,False,17,10881,18.42029742372425,WEAKLY_RHYTHMIC,1.608727466019438,True,,9.978924220598,0.806337096395655,0.47197099668255976,0.6389408360884837,0.35727635560875654,18.439094562021342,18.439094562021342,81.34889676684678,True
damped,tau=10,pos,False,18,10882,65.32327257890795,WEAKLY_RHYTHMIC,1.683950147067415,True,,2.8426606264919716,0.7561036691973945,0.9992730656164306,0.9968501168701926,0.31640577925321955,65.34467408091759,65.34467408091759,22.95519904411063,True
damped,tau=10,pos,False,19,10883,52.689673076441466,RHYTHMIC,2.437285182904553,True,,3.3144562890286555,0.7195603796456537,0.9987499073061407,0.9874375217285831,0.5749140731618212,52.66506890299318,52.66506890299318,28.48187672103755,True
damped,tau=10,pos,False,20,10884,26.01009243602983,RHYTHMIC,2.092051378654167,True,,6.799662447425956,0.5354414132390678,0.8866731099990192,0.9311309547194491,0.43682055146166676,26.01425249135212,26.01425249135212,57.66069966833153,True
damped,tau=10,pos,False,21,10885,75.60031534506572,WEAKLY_RHYTHMIC,1.5943239656131918,True,,1.5165806826880561,0.6317450510925998,0.9971099919336163,0.9711849682900504,0.24650211381392814,75.60380368129462,75.60380368129462,19.840271612830502,True
damped,tau=10,pos,False,22,10886,20.954763895147416,WEAKLY_RHYTHMIC,1.3913474047892516,True,,7.864837424215524,0.8322858401808222,0.6652308815698502,0.7226892640661536,0.16429733609428643,20.936301799928327,20.936301799928327,71.64589115758424,True
damped,tau=10,pos,False,23,10887,19.614354092818896,RHYTHMIC,2.0232270775007644,True,,9.431506537867541,0.7775189110847193,0.6501464109457862,0.5307399443337664,0.4092908310003057,19.621404343939698,19.621404343939698,76.44712751986545,True
damped,tau=10,pos,False,24,10888,19.15958111834265,WEAKLY_RHYTHMIC,1.3599989728222397,True,,7.06914289892406,0.7230146963991634,0.33608694336973494,0.642335055078194,0.15624974922458212,19.165859917137986,19.165859917137986,78.26416380403103,True
damped,tau=10,pos,False,25,10889,57.85919456886322,WEAKLY_RHYTHMIC,1.7413569432398963,True,,2.0192323654226287,0.7093621043960957,0.9934861339899426,0.9908027068546265,0.3866332282515199,57.853061455281846,57.853061455281846,25.92775494101451,True
damped,tau=10,pos,False,26,10890,69.86499472594662,WEAKLY_RHYTHMIC,1.6972699529501314,True,,2.215508197278403,0.7660815842001737,0.9978755657707677,0.9989520632451978,0.3303273030692161,69.85252977652479,69.85252977652479,21.47381068085672,True
damped,tau=10,pos,False,27,10891,21.049046528134816,RHYTHMIC,2.044302641972455,True,,8.42914977001568,0.5923184401088102,0.8267200543051089,0.8457761795074609,0.41772105678898186,21.052147334963166,21.052147334963166,71.25163890093135,True
damped,tau=10,pos,False,28,10892,79.71288472223127,RHYTHMIC,2.4264879056379387,True,,1.8252950484585255,0.6242569005680684,0.9997335051927315,0.9978616875422056,0.5705951622551756,79.70190276025802,79.70190276025802,18.820127852053602,True
damped,tau=10,pos,False,29,10893,20.953837827139594,WEAKLY_RHYTHMIC,1.6813643385553332,True,,7.857305379817868,0.6625078140931471,0.7400831089543656,0.7845951669895372,0.3334775645773991,20.957564560514047,20.957564560514047,71.57320191803852,True
damped,tau=10,pos,False,30,10894,77.41964811251849,RHYTHMIC,2.3737681767873737,True,,1.6811964356303062,0.7507805129095915,0.9988971178669357,0.9863011603714636,0.5495072707149495,77.4572787370543,77.4572787370543,19.365513796218927,True
damped,tau=10,pos,False,31,10895,43.53548371110772,WEAKLY_RHYTHMIC,1.7239024077650982,True,,4.132996148750456,0.7234551063754596,0.9744210438583373,0.96911731370534,0.3621907717142303,43.528318313807375,43.528318313807375,34.46032509655199,True
damped,tau=10,pos,False,32,10896,43.26522592275316,WEAKLY_RHYTHMIC,1.375253835438349,True,,4.357932775913208,0.4969080982068575,0.9963191592787038,0.9845735441654749,0.16006500827446354,43.26907226869367,43.26907226869367,34.66679365541401,True
damped,tau=10,pos,False,33,10897,78.75400813369211,WEAKLY_RHYTHMIC,1.626932651655256,True,,1.7849563106535538,0.6593708118088254,0.999114514157134,0.9885307182634921,0.2680481163620678,78.7346939629536,78.7346939629536,19.0513219077956,True
damped,tau=10,pos,False,34,10898,96.9848338380268,ARRHYTHMIC,0.0,True,,1.6101152737406386,0.6303912359638836,0.9998213352123628,0.9997507167350347,-0.052419758357723965,97.03600110284752,97.03600110284752,15.458180293416714,True
damped,tau=10,pos,False,35,10899,98.12854011731343,RHYTHMIC,2.4130054886529377,True,,1.549874907029964,0.6939472661099274,0.998688484397862,0.9911837293476792,0.5652021954611751,98.10639156968504,98.10639156968504,15.289523709926167,True
damped,tau=10,pos,False,36,10900,90.17493875141552,RHYTHMIC,2.7091241479389963,True,,1.9698219872227736,0.5566109909163465,0.9986690293109969,0.9974937571321754,0.6836496591755985,90.13587394915228,90.13587394915228,16.641542754066872,True
damped,tau=10,pos,False,37,10901,28.70153770053827,RHYTHMIC,2.0366960642110157,True,,6.622484633790051,0.7004371707948901,0.8348409633164444,0.905442763678008,0.4146784256844063,28.724068324037095,28.724068324037095,52.22101490215293,True
damped,tau=10,pos,False,38,10902,24.08710646159511,RHYTHMIC,2.0637052899424857,True,,5.828355337139176,0.6144160054366887,0.8294346882725226,0.8395246092897402,0.4254821159769944,24.06633388867524,24.06633388867524,62.32773163285359,True
damped,tau=10,pos,False,39,10903,49.01927336516506,RHYTHMIC,2.4372849475636826,True,,3.2631749292739403,0.7528000881077577,0.9985058778103675,0.9978798138928362,0.5749139790254731,49.04235206405996,49.04235206405996,30.585808732025622,True
damped,tau=10,pos,False,40,10904,27.280789017018904,WEAKLY_RHYTHMIC,1.5634103035999107,True,,4.7812490306569355,0.8000119656603535,0.9773818323193371,0.8966137973085413,0.2290480073729462,27.295570570348687,27.295570570348687,54.953971236250965,True
damped,tau=10,pos,False,41,10905,23.541590885919653,RHYTHMIC,2.109793896829062,True,,7.559710893617842,0.5296442427471953,0.8884482474129888,0.8583815280502712,0.4439175587316248,23.5438399942215,23.5438399942215,63.71093247185479,True
damped,tau=10,pos,False,42,10906,40.11371590695929,WEAKLY_RHYTHMIC,1.4430797577031163,True,,3.188356588713765,0.85631681307398,0.9881439351051285,0.99005969227928,0.17955892496845513,40.11617308396389,40.11617308396389,37.391403134602896,True
damped,tau=10,pos,False,43,10907,29.676716114740117,WEAKLY_RHYTHMIC,1.6236230966609235,True,,4.84789072542747,0.7146307485945748,0.9917095042155654,0.9365643749792266,0.2656911173688849,29.676822214161295,29.676822214161295,50.54449526891139,True
damped,tau=10,pos,False,44,10908,85.96899512522272,WEAKLY_RHYTHMIC,1.6404708907697902,True,,2.1979759899627145,0.7719301592630088,0.9993337170207985,0.9995441410718867,0.2781415953053445,85.89737137078362,85.89737137078362,17.462699685245514,True
damped,tau=10,pos,False,45,10909,22.170135778109007,WEAKLY_RHYTHMIC,1.6541249906275266,True,,6.005967002591046,0.6210624724162485,0.6253029643728228,0.7228044618013282,0.35620065947035673,22.172499792736467,22.172499792736467,67.65137057263105,True
damped,tau=10,pos,False,46,10910,80.12666281275501,RHYTHMIC,2.2548555003771784,True,,1.8679325178019932,0.6451985941023304,0.9995260808361094,0.9979563429676693,0.5019422001508714,80.07355717269941,80.07355717269941,18.732775874623137,True
damped,tau=10,pos,False,47,10911,99.28056284483773,WEAKLY_RHYTHMIC,1.6013663448409834,True,,1.5048229171994199,0.7753368365942974,0.9990055357867987,0.999328843353432,0.25085689255241034,99.2398446416189,99.2398446416189,15.114896697157208,True
damped,tau=10,pos,False,48,10912,85.04541123737603,ARRHYTHMIC,0.05219937079590454,True,,2.2153614764113296,0.6812558038280524,0.9998927768539916,0.9997706603416169,0.010439874159180908,85.02991677038494,85.02991677038494,17.64084991463187,True
damped,tau=10,pos,False,49,10913,16.056909398885228,RHYTHMIC,2.139525899609522,True,,11.736544521481305,0.6774760228218883,0.5810935588114549,0.6297297307905729,0.4558103598438088,16.068096686075243,16.068096686075243,93.352686961357,True
damped,tau=10,pos,False,50,10914,19.749151755718223,WEAKLY_RHYTHMIC,1.646156849557178,True,,9.584685550623172,0.5134716527364017,0.6380212181520238,0.7065277360523552,0.3751867865789736,19.744100750203433,19.744100750203433,75.97205965354208,True
damped,tau=10,pos,False,51,10915,89.93214412416405,RHYTHMIC,3.0060240591366485,True,,2.015688323915978,0.7157150968225243,0.9984905013101097,0.9917273725847304,0.8024096236546594,89.91050552291698,89.91050552291698,16.68325621434383,True
damped,tau=10,pos,False,52,10916,77.49135679643837,ARRHYTHMIC,0.0,True,,1.7482744131406844,0.6447330380173716,0.9979984830863228,0.9971882146337067,-0.05617719332789615,77.46249793551932,77.46249793551932,19.364209004060484,True
damped,tau=10,pos,False,53,10917,41.051974903466196,WEAKLY_RHYTHMIC,1.5919981835483714,True,,3.8612547094186964,0.7179853790055728,0.9939715030966044,0.9930137537209764,0.2450969480226706,41.05088378606082,41.05088378606082,36.54001720930885,True
damped,tau=10,pos,False,54,10918,66.45393731743097,RHYTHMIC,2.7971958299364745,True,,2.8666556035897126,0.6061997966413908,0.9977408106116437,0.9954738710783287,0.7188783319745897,66.44840007682751,66.44840007682751,22.573906945324538,True
damped,tau=10,pos,False,55,10919,27.88397937987886,RHYTHMIC,2.0559410914536453,True,,6.007504584854257,0.5906063398289667,0.8802182363320068,0.9276274857778735,0.42237643658145824,27.890795846712773,27.890795846712773,53.781183163218735,True
damped,tau=10,pos,False,56,10920,54.78295085880688,RHYTHMIC,2.0961342463993655,True,,2.8230260037502735,0.6524528072171013,0.9877473053432074,0.9953792937558787,0.43845369855974625,54.82555707461588,54.82555707461588,27.35950312294222,True
damped,tau=10,pos,False,57,10921,56.798354541328735,RHYTHMIC,2.046321411108158,True,,2.450360330827032,0.6600729441618804,0.9880249784652483,0.9949969882782188,0.41852856444326336,56.82987997152833,56.82987997152833,26.394565688885802,True
damped,tau=10,pos,False,58,10922,51.497368166781015,RHYTHMIC,2.419430305558069,True,,3.7335768486433527,0.6106038850845317,0.9870212473004806,0.9843542903909543,0.5677721222232276,51.49855947473019,51.49855947473019,29.12702831495771,True
damped,tau=10,pos,False,59,10923,55.46082925365049,WEAKLY_RHYTHMIC,1.4163503444103513,True,,2.5356227183495457,0.7296571700954012,0.9908721696277165,0.9876079853403328,0.1713356618003521,55.46395204684589,55.46395204684589,27.044592832711814,True
damped,tau=10,pos,False,60,10924,20.245588920251798,WEAKLY_RHYTHMIC,1.5334611332043393,True,,7.089465436634241,0.6687815517130643,0.5980434658726611,0.535861034938162,0.34958486122011145,20.26772992330691,20.26772992330691,74.00927512237433,True
damped,tau=10,pos,False,61,10925,29.426330382748787,WEAKLY_RHYTHMIC,1.7081683280396973,True,,5.02656297798362,0.5842072521325918,0.8758307133040484,0.8892665500069237,0.34266328712122374,29.41454651671698,29.41454651671698,50.99517679619893,True
damped,tau=10,pos,False,62,10926,63.474278154290346,ARRHYTHMIC,0.2925471179475365,True,,2.999875059981219,0.5587351287105689,0.9976335734739649,0.9950538176005189,0.0585094235895073,63.42612476576796,63.42612476576796,23.64956089528542,True
damped,tau=10,pos,False,63,10927,25.594310110674613,RHYTHMIC,2.068186250009829,True,,7.419087013969616,0.6369241966349044,0.8263266569245352,0.8602803593128445,0.4272745000039317,25.58984260596811,25.58984260596811,58.61700765795907,True
damped,tau=10,pos,False,64,10928,36.09644630055435,WEAKLY_RHYTHMIC,1.7239766422467884,True,,5.093127341327587,0.5684042439458217,0.9564265412400983,0.9689339298404891,0.36228818029743876,36.08881073777926,36.08881073777926,41.56412941670416,True
damped,tau=10,pos,False,65,10929,70.0409518544139,WEAKLY_RHYTHMIC,1.6019639841413933,True,,2.225353573104459,0.627561908606107,0.999770276872868,0.9995592646304772,0.2512335467540272,70.04026096217493,70.04026096217493,21.416253728838495,True
damped,tau=20,pos,False,0,10930,17.2769171289651,WEAKLY_RHYTHMIC,1.661244793217012,True,,10.340399058586417,0.6814953151382975,0.839692947405327,0.7379960366488301,0.35123907971993523,17.273640441069563,17.273640441069563,86.83751436863426,True
damped,tau=20,pos,False,1,10931,41.98863259288251,RHYTHMIC,2.9335634125263983,True,,4.326798180481906,0.7585260834394348,0.9995627097374814,0.9976244804098867,0.7734253650105593,41.98975482059642,41.98975482059642,35.7229997271676,True
damped,tau=20,pos,False,2,10932,74.67458862723811,WEAKLY_RHYTHMIC,1.5909968179348166,True,,1.5446188484536367,0.8324092772002368,0.9997845631626014,0.9982409908013414,0.2444968752934125,74.70391711843553,74.70391711843553,20.079268368510064,True
damped,tau=20,pos,False,3,10933,88.2815439798749,RHYTHMIC,2.1592261084051527,True,,2.130598244408385,0.8269367751846577,0.9998678750812217,0.9855832836780978,0.46369044336206106,88.31281890894782,88.31281890894782,16.985076668728333,True
damped,tau=20,pos,False,4,10934,81.52782666584353,RHYTHMIC,2.1654134456882073,True,,2.106678801025622,0.5460687698906619,0.9986048139075213,0.9857496639495543,0.4661653782752828,81.53115352938369,81.53115352938369,18.397875352755836,True
damped,tau=20,pos,False,5,10935,33.17666461316753,WEAKLY_RHYTHMIC,1.6415685092162469,True,,4.802103559667969,0.6237521362241119,0.9337186734710127,0.9706374343060287,0.27899334341784005,33.17059005062192,33.17059005062192,45.220781352120575,True
damped,tau=20,pos,False,6,10936,21.279006346156844,WEAKLY_RHYTHMIC,1.6697699684304514,True,,8.939415219718532,0.8636020528624079,0.921088876465566,0.8134375764004964,0.3028192182422372,21.27339051357635,21.27339051357635,70.51062213344521,True
damped,tau=20,pos,False,7,10937,18.01279809089168,RHYTHMIC,2.1931749416462116,True,,9.3262290454961,0.8125041961137648,0.9819921371218349,0.9838089300481666,0.47726997665848464,18.01622889859956,18.01622889859956,83.25826722353634,True
damped,tau=20,pos,False,8,10938,43.81312862545162,WEAKLY_RHYTHMIC,1.6566758772322523,True,,4.129384314642135,0.5864863048624589,0.9783423496471604,0.988167176275329,0.2912699497892495,43.816612494622476,43.816612494622476,34.23359120206045,True
damped,tau=20,pos,False,9,10939,35.83122378309394,RHYTHMIC,2.8301983717635384,True,,4.869818148285791,0.860978035071917,0.9452732807322437,0.975225476169339,0.7320793487054155,35.83336858638518,35.83336858638518,41.86042393373874,True
damped,tau=20,pos,False,10,10940,38.01255898828551,RHYTHMIC,2.1871005302360498,True,,4.213666746805818,0.6414765384816374,0.9980892661592516,0.9981174510958299,0.47484021209442007,38.01802611814269,38.01802611814269,39.4549678970361,True
damped,tau=20,pos,False,11,10941,21.38664155135679,WEAKLY_RHYTHMIC,1.6755070750426069,True,,8.977920649612972,0.7719647533374181,0.9460378126521222,0.8474482646324191,0.30817312893071647,21.387049224321217,21.387049224321217,70.13590253929044,True
damped,tau=20,pos,False,12,10942,16.865143839454127,RHYTHMIC,2.2681992351170184,True,,10.314087389762314,0.7679967957086763,0.36134174364766486,0.7260308226650852,0.5072796940468074,16.870555508207666,16.870555508207666,88.91230637131288,True
damped,tau=20,pos,False,13,10943,73.21470922341608,WEAKLY_RHYTHMIC,1.3192133026739579,True,,1.4644696066127623,0.746271321121627,0.9987614182298122,0.9981116992412886,0.14688888662597951,73.21236519074557,73.21236519074557,20.488342318841077,True
damped,tau=20,pos,False,14,10944,34.17937425960006,RHYTHMIC,2.4513399453386437,True,,3.4582992796099554,0.6079126729084426,0.9349670035627092,0.9735200654571848,0.5805359781354574,34.173897745110615,34.173897745110615,43.893149420294336,True
damped,tau=20,pos,False,15,10945,66.50444775210026,WEAKLY_RHYTHMIC,1.6165469767942267,True,,2.8366288184629744,0.6692453336156962,0.9959620899290267,0.9949126597441296,0.26078813817654206,66.49871309258754,66.49871309258754,22.556827496970037,True
damped,tau=20,pos,False,16,10946,18.47416890337045,ARRHYTHMIC,0.4770920080103804,True,,9.87545657516961,0.6198052208977197,0.39835268089547826,0.7976101401339857,0.09541840160207608,18.481636594844574,18.481636594844574,81.16164346713877,True
damped,tau=20,pos,False,17,10947,40.29361835625031,WEAKLY_RHYTHMIC,1.6886213655592883,True,,3.298708737099324,0.7870992420295202,0.9982424025093356,0.9803925614607861,0.3211524136189267,40.293830313274974,40.293830313274974,37.22654283144233,True
damped,tau=20,pos,False,18,10948,20.22385816144657,RHYTHMIC,2.5645614613371643,True,,7.253303810720961,0.6468838263989247,0.7626811107394744,0.7955738083263842,0.6258245845348658,20.222949100381253,20.222949100381253,74.17315805693845,True
damped,tau=20,pos,False,19,10949,89.72256843781264,RHYTHMIC,2.114152498609534,True,,2.103407380517291,0.745068594060074,0.9997354957272583,0.9990451053466615,0.4456609994438137,89.74265536332521,89.74265536332521,16.714459739654632,True
damped,tau=20,pos,False,20,10950,89.78019280144082,RHYTHMIC,2.7963912685052295,True,,2.0526395194962723,0.6585078751832045,0.998174607668809,0.9969073189190201,0.7185565074020918,89.78879074396446,89.78879074396446,16.705871496557926,True
damped,tau=20,pos,False,21,10951,27.47610839136832,RHYTHMIC,2.6809348478039365,True,,5.097782798518796,0.6559213196984502,0.8690817507190585,0.8844021552561834,0.6723739391215746,27.4801521992832,27.4801521992832,54.584850517644746,True
damped,tau=20,pos,False,22,10952,34.31439383308532,WEAKLY_RHYTHMIC,1.5784377549897892,True,,3.4520525425083264,0.7365104161314464,0.9980853150569771,0.9590305945444173,0.2372128936678803,34.307601849892706,34.307601849892706,43.72208837455338,True
damped,tau=20,pos,False,23,10953,60.17277661159748,RHYTHMIC,2.814079761614412,True,,2.467203852214275,0.6156203852620271,0.9949020232546795,0.9966033909055305,0.7256319046457649,60.180055488096585,60.180055488096585,24.925201345098376,True
damped,tau=20,pos,False,24,10954,19.100660423451966,RHYTHMIC,2.2275730836582177,True,,6.793592082664173,0.8200811671968667,0.7278277892995144,0.8450965270710574,0.4910292334632871,19.101991098735994,19.101991098735994,78.52584540777308,True
damped,tau=20,pos,False,25,10955,54.75389264961571,RHYTHMIC,3.052540280289626,True,,2.8023925918784065,0.6652421930030175,0.9963593981108078,0.993243237690165,0.8210161121158505,54.75637098118457,54.75637098118457,27.394072564002304,True
damped,tau=20,pos,False,26,10956,24.1392831517012,WEAKLY_RHYTHMIC,1.6866639990246453,True,,5.849321127043806,0.5641193996446336,0.8131557193291443,0.9218078810635978,0.31914621903872914,24.14437225287085,24.14437225287085,62.12627871580487,True
damped,tau=20,pos,False,27,10957,97.39366873940493,WEAKLY_RHYTHMIC,1.7156167958579684,True,,1.5871430870555043,0.6436917580892595,0.9998949493172483,0.9990100118877525,0.3516382069809449,97.3991221363297,97.3991221363297,15.400549482370568,True
damped,tau=20,pos,False,28,10958,95.25208163491874,WEAKLY_RHYTHMIC,1.7087515862740406,True,,1.7102975027646974,0.7630897915820808,0.9990946071942766,0.9994023944272626,0.3433495095155839,95.17580178353147,95.17580178353147,15.760308522660107,True
damped,tau=20,pos,False,29,10959,49.22274568555235,WEAKLY_RHYTHMIC,1.7163574931681844,True,,3.249511257371981,0.6483382453731674,0.9906421653901375,0.9921238050676905,0.3525564666486837,49.23464627178683,49.23464627178683,30.466350701894903,True
damped,tau=20,pos,False,30,10960,57.557171798730195,RHYTHMIC,3.0265792085356886,True,,2.041782151885772,0.6246364096936885,0.9963396371695021,0.9931041448873641,0.8106316834142755,57.547862369422695,57.547862369422695,26.065260085090586,True
damped,tau=20,pos,False,31,10961,78.90437216979522,RHYTHMIC,2.3662112955977705,True,,1.8980971174291978,0.7140358854948767,0.9987718517836945,0.9993751412388422,0.5464845182391083,78.89866578648251,78.89866578648251,19.011728335930755,True
damped,tau=20,pos,False,32,10962,27.685909723788573,RHYTHMIC,2.243432390500195,True,,5.70699008275973,0.6040538843469244,0.9959210822306316,0.9199516230440168,0.497372956200078,27.68716179778277,27.68716179778277,54.17673400240404,True
damped,tau=20,pos,False,33,10963,50.56972955840708,RHYTHMIC,2.93076600904977,True,,3.6929310814128717,0.5715758296381482,0.9960052671691493,0.989146606839053,0.7723064036199081,50.573701730263885,50.573701730263885,29.659683762131706,True
damped,tau=20,pos,False,34,10964,28.08065533360545,RHYTHMIC,2.433383434613022,True,,6.48148480387,0.6941651304425073,0.9593313341897026,0.9703373068230535,0.5733533738452089,28.085280756201314,28.085280756201314,53.40875930780202,True
damped,tau=20,pos,False,35,10965,97.10100395236005,WEAKLY_RHYTHMIC,1.7093053216841545,True,,1.6092389680245571,0.6843503899269874,0.9993380481602708,0.9991003194515089,0.3440035455047032,97.05833840554924,97.05833840554924,15.45462270054933,True
damped,tau=20,pos,False,36,10966,24.193672694937202,WEAKLY_RHYTHMIC,1.1482803072327705,True,,5.687017236742162,0.7216883431079837,0.809989574748798,0.8991175079212013,0.11740951964501478,24.185364704058703,24.185364704058703,62.02097914811577,True
damped,tau=20,pos,False,37,10967,50.08378399589362,RHYTHMIC,2.893876590073052,True,,3.4959539808285465,0.6878508968902689,0.9941837609846238,0.9960694918625919,0.7575506360292208,50.098456048059205,50.098456048059205,29.941042465681125,True
damped,tau=20,pos,False,38,10968,96.20690865273517,ARRHYTHMIC,0.11059187187534168,True,,1.6515027826524653,0.7730853366563791,0.9991313126896194,0.9895657942610561,0.022118374375068337,96.24722479036254,96.24722479036254,15.584864948232758,True
damped,tau=20,pos,False,39,10969,68.13415533848874,RHYTHMIC,2.78211321563737,True,,2.544086522752988,0.6460463922198566,0.9969075534933499,0.9986058332767941,0.7128452862549479,68.12709005606823,68.12709005606823,22.01767312776031,True
damped,tau=20,pos,False,40,10970,16.2551290405456,RHYTHMIC,2.2929629613794464,True,,10.035844178389434,0.5865367678294268,0.6952849373076638,0.7011478114516495,0.5171851845517785,16.25488957702314,16.25488957702314,92.27992555054345,True
damped,tau=20,pos,False,41,10971,35.56236525351961,WEAKLY_RHYTHMIC,1.6286618385607983,True,,4.754060478638691,0.8496836685689725,0.9730605418942588,0.9555107775737828,0.2692963190543851,35.546435953286654,35.546435953286654,42.19832339791322,True
damped,tau=20,pos,False,42,10972,59.4262157295025,WEAKLY_RHYTHMIC,1.000534320623225,True,,2.312182029447867,0.6857752204513196,0.9936937271815639,0.9866286003612151,0.10005346062743825,59.43654231502189,59.43654231502189,25.23699969035535,True
damped,tau=20,pos,False,43,10973,33.261821814177075,RHYTHMIC,2.483570706676043,True,,4.668056198152627,0.7759075739125989,0.985540092515434,0.9590278137933822,0.5934282826704171,33.26581020775131,33.26581020775131,45.09134124893441,True
damped,tau=20,pos,False,44,10974,54.858621240401455,RHYTHMIC,2.151888660947654,True,,2.735364179453944,0.7552061549687502,0.9905906571227057,0.9926933532477855,0.4607554643790616,54.85403760160669,54.85403760160669,27.345297913969137,True
damped,tau=20,pos,False,45,10975,58.98496600251348,WEAKLY_RHYTHMIC,1.58430178044517,True,,2.238362068045517,0.7297164075936067,0.9997600461033808,0.9998322367893497,0.24055912509582,58.98941690455106,58.98941690455106,25.428290000341985,True
damped,tau=20,pos,False,46,10976,81.84027814446307,WEAKLY_RHYTHMIC,1.2902462618039379,True,,2.1672773838274306,0.6518364640435442,0.9980122799666667,0.9991856824150561,0.14089393914875872,81.84640176635511,81.84640176635511,18.327012154816686,True
damped,tau=20,pos,False,47,10977,71.60103268924526,RHYTHMIC,2.0614042056920896,True,,2.0336592202395702,0.776769176760389,0.9991972791118608,0.9949806461017185,0.4245616822768359,71.60035382443704,71.60035382443704,20.949617144043405,True
damped,tau=20,pos,False,48,10978,30.449928056281607,RHYTHMIC,2.625174400200366,True,,4.186804877455075,0.684901164536211,0.9511682330428403,0.9240826280295347,0.6500697600801465,30.436819278529512,30.436819278529512,49.28241634821933,True
damped,tau=20,pos,False,49,10979,29.45445175365972,RHYTHMIC,2.199435977419122,True,,5.112084400866536,0.6407484509280411,0.9325612097154814,0.911978213569738,0.4797743909676489,29.457442483685266,29.457442483685266,50.92091755184657,True
damped,tau=20,pos,False,50,10980,45.176114488781046,RHYTHMIC,2.0309018334588576,True,,3.4162642471521028,0.5943601836166225,0.9815041785328356,0.9908985341205394,0.41236073338354307,45.19083095303403,45.19083095303403,33.192573988270354,True
damped,tau=20,pos,False,51,10981,98.51271995375005,WEAKLY_RHYTHMIC,1.72367271028801,True,,1.5460768463847594,0.6694149097032961,0.999364272976282,0.9986187364350696,0.36188970008799304,98.54622139891573,98.54622139891573,15.221283766203378,True
damped,tau=20,pos,False,52,10982,22.117961438915728,WEAKLY_RHYTHMIC,1.7249895912004023,True,,6.207443817756978,0.7871365410834912,0.8280796627702447,0.9090565011383875,0.375383624300932,22.115870666718592,22.115870666718592,67.82459630935074,True
damped,tau=20,pos,False,53,10983,18.6292442355843,RHYTHMIC,2.381449148075431,True,,8.66360358626197,0.6451235600310918,0.944350001844126,0.8073913038742709,0.5525796592301725,18.627420245054672,18.627420245054672,80.52644865830145,True
damped,tau=20,pos,False,54,10984,44.25413517874555,WEAKLY_RHYTHMIC,1.63834406986882,True,,3.9300456068710514,0.6497114419644819,0.9957083737689482,0.9829561484606378,0.27650590428236016,44.256613713903036,44.256613713903036,33.89323931778316,True
damped,tau=20,pos,False,55,10985,17.334426947905346,ARRHYTHMIC,0.4342367704738752,True,,9.739685815104345,0.5192740727481153,0.980884883078873,0.7782595028052871,0.08684735409477505,17.336012374212697,17.336012374212697,86.52508821643717,True
damped,tau=20,pos,False,56,10986,29.514499809693113,RHYTHMIC,2.515638951962152,True,,5.116009113005538,0.5320570949319994,0.8995776687844866,0.9026636981941445,0.6062555807848606,29.510681411075446,29.510681411075446,50.82905335547574,True
damped,tau=20,pos,False,57,10987,69.1907367020338,WEAKLY_RHYTHMIC,1.7281919770239575,True,,2.3398097220814127,0.5570707377240419,0.9977286551666946,0.99800204425936,0.36790672661201823,69.18590912866112,69.18590912866112,21.680715320377374,True
damped,tau=20,pos,False,58,10988,22.077877376748265,RHYTHMIC,2.401629813110816,True,,6.320341270099433,0.6478444060542355,0.9188361710330739,0.9362263899521169,0.5606519252443264,22.07775217071989,22.07775217071989,67.94169933610091,True
damped,tau=20,pos,False,59,10989,30.153853135122326,WEAKLY_RHYTHMIC,1.575166036204207,True,,3.91280059378405,0.7387852236470751,0.9110424389673825,0.9640447399960361,0.23538607673106737,30.16380168064002,30.16380168064002,49.72847971490087,True
damped,tau=20,pos,False,60,10990,17.565448653788344,WEAKLY_RHYTHMIC,1.6847466038745413,True,,7.7479461194275565,0.6056857132933267,0.6042385643620203,0.7930128686084311,0.3186772837806731,17.567085357174747,17.567085357174747,85.38695916265758,True
damped,tau=20,pos,False,61,10991,17.46933152776935,WEAKLY_RHYTHMIC,1.2613399025716587,True,,8.32580046178992,0.6014747513624122,0.3983277143708385,0.7929413462537266,0.13538026535906278,17.46304788841271,17.46304788841271,85.89565862642442,True
damped,tau=20,pos,False,62,10992,49.09375763624076,RHYTHMIC,2.9431190432588576,True,,3.2872016269597015,0.6340323909852762,0.9951465761997522,0.994388468690822,0.7772476173035431,49.08612997725428,49.08612997725428,30.55853049924848,True
damped,tau=20,pos,False,63,10993,38.91077129509522,RHYTHMIC,2.6396619867088957,True,,3.5844237898799736,0.6752245525800603,0.9904447957805236,0.9880348356262632,0.6558647946835583,38.91436537318965,38.91436537318965,38.54617660123622,True
damped,tau=20,pos,False,64,10994,98.01769398150141,RHYTHMIC,2.3800756107268333,True,,1.583867991194189,0.8533289639993594,0.9998091666342328,0.9955307309395234,0.5520302442907333,97.99188333790457,97.99188333790457,15.307390254227107,True
damped,tau=20,pos,False,65,10995,78.99470840823186,RHYTHMIC,2.030460721365653,True,,1.8820797290082065,0.7836312952399923,0.999979324988489,0.9887937838613357,0.4121842885462613,78.98924555856809,78.98924555856809,18.989926912111045,True
chirp,sweep=0.05,pos,False,0,10996,34.61755430849218,RHYTHMIC,2.968615013884186,True,,3.7576368749887794,0.6056098754406621,0.8935299185510824,0.8735039106148376,0.7874460055536745,34.61403745055937,34.61403745055937,43.335019849750566,True
chirp,sweep=0.05,pos,False,1,10997,43.73622506154737,RHYTHMIC,2.9809105430966305,True,,4.1849808221175,0.6809183060099117,0.9215341047171122,0.9294972339535384,0.7923642172386524,43.73686834570722,43.73686834570722,34.29600830456406,True
chirp,sweep=0.05,pos,False,2,10998,23.18032146053793,ARRHYTHMIC,0.0,True,,8.016171460906898,0.6333590013054957,0.6370602595949485,0.7128756758849664,-0.012332568433191141,23.184269901780368,23.184269901780368,64.69903975215591,True
chirp,sweep=0.05,pos,False,3,10999,44.669082025813005,RHYTHMIC,2.1827472477411476,True,,3.6294274457384295,0.8304842314645227,0.9338765090245332,0.9358783330845923,0.47309889909645897,44.66276796951352,44.66276796951352,33.58502099609879,True
chirp,sweep=0.05,pos,False,4,11000,51.317553351071595,WEAKLY_RHYTHMIC,1.230163530970596,True,,3.7391892423016473,0.6368222387730477,0.9542958224081027,0.9547465103995515,0.12989771727244645,51.3201511391491,51.3201511391491,29.22828492716069,True
chirp,sweep=0.05,pos,False,5,11001,86.39453643450025,RHYTHMIC,2.10455558339475,True,,2.2349561184990945,0.6247764349544442,0.9837063843380429,0.9877109812994149,0.4418222333579,86.43228631599766,86.43228631599766,17.35462596136794,True
chirp,sweep=0.05,pos,False,6,11002,44.27288011254267,RHYTHMIC,2.668021011919997,True,,3.9298277724293507,0.718157263661671,0.9343620998177792,0.9383613874138126,0.6672084047679989,44.26652311058237,44.26652311058237,33.88565205929646,True
chirp,sweep=0.05,pos,False,7,11003,65.4152247662132,RHYTHMIC,2.2472475525302302,True,,2.935915735527282,0.6444445335853757,0.9693417680600984,0.976047470694762,0.49889902101209205,65.42990542859685,65.42990542859685,22.925296776363805,True
chirp,sweep=0.05,pos,False,8,11004,87.447612464892,RHYTHMIC,2.4295822884542426,True,,2.2037225690501727,0.626331317378761,0.9865752595162772,0.9892159546170363,0.5718329153816971,87.43967989607829,87.43967989607829,17.154683111634718,True
chirp,sweep=0.05,pos,False,9,11005,72.53534607268492,RHYTHMIC,2.888983370191899,True,,1.9863950628337743,0.7961766515182761,0.982366917754996,0.9807377786284845,0.7555933480767597,72.53883854726229,72.53883854726229,20.678577573621933,True
chirp,sweep=0.05,pos,False,10,11006,16.056751723882094,RHYTHMIC,2.4917238940692403,True,,11.25660068172275,0.7014903863128159,0.5030264894983842,0.522103362924234,0.7010231978247559,16.056620460008233,16.056620460008233,93.41940937920326,True
chirp,sweep=0.05,pos,False,11,11007,16.36384301816851,RHYTHMIC,2.4642934842542585,True,,8.448829626183556,0.7113593614468383,0.5526211683952209,0.5125027194889904,0.891688457215308,16.36162209963149,16.36162209963149,91.677951664327,True
chirp,sweep=0.05,pos,False,12,11008,92.08514391215165,WEAKLY_RHYTHMIC,1.5962650228253128,True,,1.9533834568778492,0.7028707165430154,0.9837658658213151,0.9884351082132841,0.24768723458094688,92.09646877771884,92.09646877771884,16.287269424198588,True
chirp,sweep=0.05,pos,False,13,11009,22.836055177734163,RHYTHMIC,2.077222929031313,True,,7.314636618055891,0.7308963153241165,0.6235649315601399,0.7110421008163391,0.4308891716125254,22.83430302663242,22.83430302663242,65.69064088579798,True
chirp,sweep=0.05,pos,False,14,11010,53.74317983062408,RHYTHMIC,2.6814898990324316,True,,3.154998661221069,0.7545575799122347,0.9487156199917237,0.9569887734948936,0.6725959596129726,53.72665829716361,53.72665829716361,27.919101011335176,True
chirp,sweep=0.05,pos,False,15,11011,16.70600778577533,RHYTHMIC,2.564717226108577,True,,8.595783872938489,0.6298936367002402,0.537599640116684,0.547651029138002,0.8253229030923975,16.706424270018044,16.706424270018044,89.78581985924747,True
chirp,sweep=0.05,pos,False,16,11012,81.27927831803005,WEAKLY_RHYTHMIC,1.658929252724428,True,,2.1242084579797362,0.8007570397200996,0.9824208233807525,0.9863254138421484,0.293194302937988,81.23019308718105,81.23019308718105,18.466040064562094,True
chirp,sweep=0.05,pos,False,17,11013,51.49773241056755,WEAKLY_RHYTHMIC,1.7326683441486852,True,,3.7076198780848135,0.7784624533610348,0.9573608860230719,0.9554300665579738,0.37406718512834214,51.51285866267368,51.51285866267368,29.118943093851303,True
chirp,sweep=0.05,pos,False,18,11014,23.00901530051497,RHYTHMIC,2.155282755682657,True,,7.851210720049375,0.6493156237132989,0.7633328621521731,0.765425665721294,0.46211310227306285,23.008303514479195,23.008303514479195,65.19385486444254,True
chirp,sweep=0.05,pos,False,19,11015,30.61270947306089,RHYTHMIC,2.9885346342071033,True,,4.394395330961752,0.6316623666508936,0.8542415245931124,0.822653104693129,0.7954138536828412,30.61381792337753,30.61381792337753,48.99748224002339,True
chirp,sweep=0.05,pos,False,20,11016,66.61214555316882,RHYTHMIC,2.071141416045032,True,,2.787956847817273,0.7745864600891565,0.9757348950025876,0.9776089719382363,0.4284565664180128,66.62065235648936,66.62065235648936,22.515540556004307,True
chirp,sweep=0.05,pos,False,21,11017,27.689355769903504,RHYTHMIC,3.1901645710938844,True,,5.747981420492263,0.5868224531444737,0.8187137766298298,0.7963128030100011,0.8760658284375539,27.69008364314263,27.69008364314263,54.17101729743134,True
chirp,sweep=0.05,pos,False,22,11018,54.047852292307674,WEAKLY_RHYTHMIC,1.7176214920969413,True,,3.0340232500540587,0.6197741879816393,0.9515670152765116,0.9601932701717051,0.3541346001953176,54.045342791849365,54.045342791849365,27.75447286507389,True
chirp,sweep=0.05,pos,False,23,11019,76.73664483484768,WEAKLY_RHYTHMIC,1.6877258270181277,True,,1.7021657522982174,0.6458139635084411,0.9799529665019351,0.9846266095121243,0.32023141409714034,76.72053336415082,76.72053336415082,19.551480343343187,True
chirp,sweep=0.05,pos,False,24,11020,36.83988922906837,ARRHYTHMIC,0.0738779088942125,True,,5.14080255382989,0.6919639804939789,0.8806778387065414,0.9000249432166785,0.014775581778842502,36.83695823188374,36.83695823188374,40.71997450380403,True
chirp,sweep=0.05,pos,False,25,11021,30.26013874627963,WEAKLY_RHYTHMIC,1.6987712795011345,True,,4.065143018279185,0.7218160614852991,0.8531256761288224,0.8299341430192128,0.37649591595196,30.261303065391775,30.261303065391775,49.568255430331064,True
chirp,sweep=0.05,pos,False,26,11022,26.89459658292355,RHYTHMIC,2.9586752479235656,True,,4.8859009140515095,0.64031094800485,0.7950462727276281,0.8137873314247752,0.7834700991694263,26.899269621167505,26.899269621167505,55.76359585687872,True
chirp,sweep=0.05,pos,False,27,11023,32.756721296790985,RHYTHMIC,3.1841146504390174,True,,5.343823555549759,0.6477552216906819,0.8394444260779258,0.8621163756946627,0.873645860175607,32.75795069429647,32.75795069429647,45.79041021211278,True
chirp,sweep=0.05,pos,False,28,11024,41.67593344985694,RHYTHMIC,2.1895227753245963,True,,4.290225627698814,0.6925342208944266,0.9140138310090489,0.9166586024895107,0.47580911012983856,41.661498673849614,41.661498673849614,36.004465699682825,True
chirp,sweep=0.05,pos,False,29,11025,81.53322515749713,RHYTHMIC,2.3201598739045233,True,,2.1501753599068008,0.7160342373373401,0.9779447160436019,0.9851433172063909,0.5280639495618095,81.54885602996289,81.54885602996289,18.393881570194758,True
chirp,sweep=0.05,pos,False,30,11026,16.00014565329924,RHYTHMIC,2.290897668926574,True,,11.392273318524056,0.588270618452176,0.5337145735826216,0.5652928578984906,0.5163590675706297,15.999430941900153,15.999430941900153,93.75333444339704,True
chirp,sweep=0.05,pos,False,31,11027,49.86929097355528,RHYTHMIC,2.638996324327897,True,,3.5892288134371593,0.7304010094430747,0.9258801950127422,0.9494181125701544,0.6555985297311588,49.86654821911876,49.86654821911876,30.08028535299546,True
chirp,sweep=0.05,pos,False,32,11028,28.398396822689712,RHYTHMIC,3.2933692788536693,True,,6.6908863118513455,0.5058171965764415,0.8208528329119582,0.8026792475987842,0.9267334085322048,28.403162791745718,28.403162791745718,52.8110200613263,True
chirp,sweep=0.05,pos,False,33,11029,33.319163231742486,RHYTHMIC,2.9366599555112285,True,,4.5289163449856495,0.5649541509986228,0.8667582378018559,0.866579232671677,0.7746639822044914,33.32319051275542,33.32319051275542,45.01369697555916,True
chirp,sweep=0.05,pos,False,34,11030,21.814123373544255,RHYTHMIC,2.4154532766129226,True,,7.062224680008121,0.494775390528899,0.5615272322011541,0.6805834243114496,0.5661813106451691,21.812117116823092,21.812117116823092,68.7691154401097,True
chirp,sweep=0.05,pos,False,35,11031,42.23191850012033,RHYTHMIC,2.863944686004669,True,,4.421939540233258,0.6163108528884874,0.9392560946869579,0.9285589085462588,0.7455778744018676,42.22117844168697,42.22117844168697,35.527194061428155,True
chirp,sweep=0.05,pos,False,36,11032,93.48365354706695,ARRHYTHMIC,0.22462464644244248,True,,1.845168649317348,0.7362634193706643,0.9837285188136148,0.9878020660800282,0.0449249292884885,93.46594835759238,93.46594835759238,16.04862547653327,True
chirp,sweep=0.05,pos,False,37,11033,45.615486551320785,RHYTHMIC,2.634580624559897,True,,3.1808627351496868,0.6499137316701207,0.9489736648355254,0.9368998751179005,0.6538322498239588,45.62416137133043,45.62416137133043,32.87731664351377,True
chirp,sweep=0.05,pos,False,38,11034,71.67631351473467,RHYTHMIC,2.361670056299621,True,,2.0514491469152003,0.7324760823754163,0.98151148829293,0.9841364162887924,0.5446680225198486,71.66996439373607,71.66996439373607,20.92926950206633,True
chirp,sweep=0.05,pos,False,39,11035,17.206331583212563,ARRHYTHMIC,0.0,True,,10.175192173025083,0.7027881054178805,0.49924729702878257,0.5900169163620559,-0.19034888128625985,17.205879728917147,17.205879728917147,87.17950047500435,True
chirp,sweep=0.05,pos,False,40,11036,69.4058151097882,RHYTHMIC,2.4887710871020765,True,,2.3042538190078354,0.7112584507641935,0.9724443180874621,0.9809908049054255,0.5955084348408306,69.41965422646952,69.41965422646952,21.607713502958564,True
chirp,sweep=0.05,pos,False,41,11037,57.768927448769965,RHYTHMIC,2.71361967958945,True,,2.06418348035999,0.6545764089232783,0.9622169644115931,0.9713155633277794,0.6854478718357799,57.76009592911601,57.76009592911601,25.969485955162206,True
chirp,sweep=0.05,pos,False,42,11038,86.48815959555736,RHYTHMIC,2.8322044269907805,True,,2.2379828557413,0.6360737340143583,0.9822114883709535,0.9865704799115443,0.7328817707963121,86.49646521451335,86.49646521451335,17.341749125585228,True
chirp,sweep=0.05,pos,False,43,11039,20.460345150142878,RHYTHMIC,2.82559878985462,True,,5.854761573200846,0.6414439409258529,0.5445245622152645,0.6389595764491169,0.868434068552582,20.460548952682174,20.460548952682174,73.31181599618641,True
chirp,sweep=0.05,pos,False,44,11040,93.11954168476352,RHYTHMIC,2.137964341594672,True,,1.8406954097774586,0.531669393735502,0.9860422204810274,0.9904434239444143,0.4551857366378687,93.14031412275695,93.14031412275695,16.10473417582672,True
chirp,sweep=0.05,pos,False,45,11041,43.744297990085585,RHYTHMIC,3.3497840533840764,True,,4.210350188806215,0.8532954238355853,0.9251394549529754,0.9321770768918002,0.9399136213536307,43.74530481220645,43.74530481220645,34.28939417474234,True
chirp,sweep=0.05,pos,False,46,11042,16.19496895842238,RHYTHMIC,2.5400551552655877,True,,10.090416433673923,0.6809978271111434,0.4956628982577587,0.5390193043429556,0.6332905968851813,16.196616197782316,16.196616197782316,92.61193706654505,True
chirp,sweep=0.05,pos,False,47,11043,20.547311321998013,RHYTHMIC,2.8400209004916874,True,,6.0921420154290535,0.6804925961166715,0.5825559131405955,0.6440073151720906,0.8909565362601248,20.548249635225417,20.548249635225417,72.99891847861254,True
chirp,sweep=0.05,pos,False,48,11044,22.067671212227975,RHYTHMIC,2.363830914851364,True,,6.186390802935728,0.6173023083148566,0.6815556419257006,0.7147360706898984,0.5455323659405457,22.067589276754084,22.067589276754084,67.97298885656234,True
chirp,sweep=0.05,pos,False,49,11045,58.45804681393161,RHYTHMIC,2.0329539002504067,True,,2.1684074133322087,0.7477347828023286,0.9493301206295446,0.9587320194817328,0.4131815601001626,58.44916205171883,58.44916205171883,25.663327708149566,True
chirp,sweep=0.1,pos,False,0,11046,50.51374869285494,WEAKLY_RHYTHMIC,1.4735209765903654,True,,3.650787918614332,0.6556165397781284,0.8466669129660357,0.8500112922981742,0.18994109081947896,50.51815748909634,50.51815748909634,29.692294306730304,True
chirp,sweep=0.1,pos,False,1,11047,66.48543563861557,WEAKLY_RHYTHMIC,1.4781696762928367,True,,2.7906519709253867,0.8172153379294511,0.894072960225675,0.9210295734756209,0.19163317165929447,66.48127023110042,66.48127023110042,22.562745789689938,True
chirp,sweep=0.1,pos,False,2,11048,61.44551170126693,RHYTHMIC,2.477573673045795,True,,2.811088028145265,0.7186016793565447,0.8605719107963368,0.8945431015632987,0.5910294692183181,61.45424502231687,61.45424502231687,24.408403348788696,True
chirp,sweep=0.1,pos,False,3,11049,28.104604150843592,RHYTHMIC,2.4901346287821706,True,,6.216908254332709,0.8737252776140629,0.48063772476515126,0.5215471200737596,0.8898743181935324,28.11145610547291,28.11145610547291,53.35902894435877,True
chirp,sweep=0.1,pos,False,4,11050,53.22518316111704,RHYTHMIC,2.4469626807064015,True,,3.287614885538789,0.7047582612291331,0.8334853291619078,0.8451702943766669,0.5787850722825607,53.229855164116074,53.229855164116074,28.179674646404024,True
chirp,sweep=0.1,pos,False,5,11051,16.721774107132838,WEAKLY_RHYTHMIC,1.6962074339037023,True,,8.041799249959523,0.616313933234499,0.32917197838310996,0.3272472486149656,0.7048196683591543,16.730959185220517,16.730959185220517,89.65415451643932,True
chirp,sweep=0.1,pos,False,6,11052,46.624716076807125,RHYTHMIC,3.3061781474026013,True,,2.4733227780411404,0.64754389437056,0.8036831126568195,0.8071623515909104,0.9274298374917348,46.6290193374336,46.6290193374336,32.168808637067045,True
chirp,sweep=0.1,pos,False,7,11053,34.93002495867168,RHYTHMIC,2.356823843989601,True,,3.971581230910376,0.7187376517335072,0.6134126888952729,0.6537501271830621,0.5427295375958406,34.930567887616746,34.930567887616746,42.942330763874175,True
chirp,sweep=0.1,pos,False,8,11054,17.589571206737915,WEAKLY_RHYTHMIC,1.698570750436262,True,,7.101810541857666,0.6887486096065067,0.33175280814563,0.3311285010613476,0.9465619107321831,17.595175527098036,17.595175527098036,85.25064144372274,True
chirp,sweep=0.1,pos,False,9,11055,58.871130095402236,RHYTHMIC,2.9834278723116188,True,,2.2463850802760663,0.688231735045699,0.8734648589595329,0.890747771185907,0.7933711489246476,58.86768338178831,58.86768338178831,25.480873610597182,True
chirp,sweep=0.1,pos,False,10,11056,22.679104659994106,WEAKLY_RHYTHMIC,1.3181703417344701,True,,6.313041941074995,0.5045035966008723,0.3046306953643524,0.36666049499219744,0.15825874000602644,22.678969166821663,22.678969166821663,66.14057230583629,True
chirp,sweep=0.1,pos,False,11,11057,48.41532968797489,WEAKLY_RHYTHMIC,1.6930227057935499,True,,3.0022836144200404,0.627838886025057,0.7786510037671575,0.8143924802199495,0.3625915824868918,48.416560459672,48.416560459672,30.98113508598793,True
chirp,sweep=0.1,pos,False,12,11058,94.7794649324579,WEAKLY_RHYTHMIC,1.2464134179336388,True,,1.7453427435386577,0.8244707304047368,0.9535831115561966,0.9660209759069589,0.13269875337455778,94.81376045562773,94.81376045562773,15.820488426909204,True
chirp,sweep=0.1,pos,False,13,11059,22.907812794485256,RHYTHMIC,2.007995178032787,True,,7.085165336405926,0.5320741709841963,0.3398060522182872,0.3527983123114753,0.5966982767061245,22.908266355453925,22.908266355453925,65.47854720760591,True
chirp,sweep=0.1,pos,False,14,11060,20.522428058391625,WEAKLY_RHYTHMIC,1.3998012040333043,True,,5.92254757691262,0.6347818515817435,0.36137679733032413,0.29599545140059813,0.33322292770993456,20.517755861881046,20.517755861881046,73.1074104837546,True
chirp,sweep=0.1,pos,False,15,11061,29.79694502464734,RHYTHMIC,2.487586733047594,True,,4.553035453777308,0.7764146499549761,0.5098148085624663,0.5206553565666578,0.9491876515298552,29.80369149690614,29.80369149690614,50.329335886318376,True
chirp,sweep=0.1,pos,False,16,11062,82.87558884241038,ARRHYTHMIC,0.0,True,,2.20358358588874,0.751855085285446,0.9254770593933789,0.952276422678307,-0.17855158375421112,82.87585353079818,82.87585353079818,18.099361105735973,True
chirp,sweep=0.1,pos,False,17,11063,49.6732513089962,RHYTHMIC,3.0699113808697276,True,,3.4938717081340265,0.5969779856220444,0.7830109975825235,0.8194316151735235,0.827964552347891,49.66489698960115,49.66489698960115,30.20241842672241,True
chirp,sweep=0.1,pos,False,18,11064,18.440437093184467,WEAKLY_RHYTHMIC,1.49766850165393,True,,8.41542090245619,0.772152789969901,0.3521879766452822,0.32317684459179163,0.39814345837062065,18.4398804759636,18.4398804759636,81.34542964935436,True
chirp,sweep=0.1,pos,False,19,11065,16.756943484240573,WEAKLY_RHYTHMIC,1.6959493499558103,True,,8.223369327698515,0.8554232012969346,0.32889257097613933,0.3186702894968721,0.9052818714075268,16.756622854844252,16.756622854844252,89.51684435425231,True
chirp,sweep=0.1,pos,False,20,11066,36.353575671817424,RHYTHMIC,2.0531712171391465,True,,5.050268161962746,0.6437123763212584,0.6669753476220058,0.6700621595441278,0.4212684868556586,36.34308817662187,36.34308817662187,41.27332252862576,True
chirp,sweep=0.1,pos,False,21,11067,50.404809306619256,WEAKLY_RHYTHMIC,1.272231956985551,True,,3.6542571937135038,0.6746594792183415,0.8122312881048518,0.8326454494955879,0.13740641810238788,50.39594884163175,50.39594884163175,29.764297219876138,True
chirp,sweep=0.1,pos,False,22,11068,27.810737678190584,RHYTHMIC,2.4266403958208875,True,,5.760384611091342,0.7971983886816504,0.43100590808874384,0.4993241385373106,0.6607568840224771,27.80595823698189,27.80595823698189,53.945272707955155,True
chirp,sweep=0.1,pos,False,23,11069,38.74271154230464,WEAKLY_RHYTHMIC,1.6518189177893383,True,,3.6090732140118282,0.7019984724230134,0.6971099143930206,0.7180171835089574,0.2976300375418691,38.74303042952054,38.74303042952054,38.716640989886635,True
chirp,sweep=0.1,pos,False,24,11070,68.93352556119885,RHYTHMIC,2.1682428163903316,True,,2.344680756966234,0.8486339124805847,0.9001628711701259,0.9338858630478398,0.4672971265561326,68.9243808950153,68.9243808950153,21.76298111817326,True
chirp,sweep=0.1,pos,False,25,11071,48.11638015068818,WEAKLY_RHYTHMIC,1.5890988458196733,True,,2.8771282518005727,0.7098368636434931,0.7855689431452669,0.825731092152094,0.2433675325139494,48.112203570159615,48.112203570159615,31.17712116038554,True
chirp,sweep=0.1,pos,False,26,11072,36.75258528083526,WEAKLY_RHYTHMIC,1.6281688304611084,True,,4.991104564010898,0.6739929591675721,0.6397342909627626,0.6723481528189941,0.39503808057670586,36.763209467780456,36.763209467780456,40.80166072863173,True
chirp,sweep=0.1,pos,False,27,11073,30.01275254998898,RHYTHMIC,2.4791729795930033,True,,4.348502931026699,0.7330675033901735,0.5265984379938079,0.517710542857551,0.8925651351008098,30.01417292752028,30.01417292752028,49.97638960841182,True
chirp,sweep=0.1,pos,False,28,11074,49.491524669707566,RHYTHMIC,2.743067538478229,True,,3.4435900613111623,0.678177501789992,0.7722584985911242,0.8217134059101416,0.6972270153912916,49.50469399429336,49.50469399429336,30.300156994666242,True
chirp,sweep=0.1,pos,False,29,11075,19.769982482940502,WEAKLY_RHYTHMIC,1.6742971939733118,True,,8.287696021212373,0.7550797178327225,0.3592704202785723,0.3323801301167068,0.6140567299368369,19.762420106224013,19.762420106224013,75.90163512046722,True
chirp,sweep=0.1,pos,False,30,11076,36.086960406192055,RHYTHMIC,2.964543912907932,True,,4.974245031933244,0.7333840723410388,0.6464043934896557,0.6875903695177761,0.7889117230670871,36.09885030172549,36.09885030172549,41.55256988692245,True
chirp,sweep=0.1,pos,False,31,11077,20.562896516242823,WEAKLY_RHYTHMIC,1.7010633453346835,True,,6.015363173855453,0.6507619273071251,0.33451903083600787,0.3088343611325197,0.9394904583103187,20.56139854025527,20.56139854025527,72.9522360584222,True
chirp,sweep=0.1,pos,False,32,11078,67.83839119760384,RHYTHMIC,2.306871533275861,True,,2.5774057427716692,0.7203545903251907,0.9029031407515745,0.9245640212845817,0.5227486133103443,67.85399435982164,67.85399435982164,22.106288865555634,True
chirp,sweep=0.1,pos,False,33,11079,76.36677391407552,RHYTHMIC,2.1291939141156178,True,,1.6671849118199757,0.5331948833577255,0.9326498950255744,0.9510114949195907,0.45167756564624706,76.36786032045474,76.36786032045474,19.641770683448527,True
chirp,sweep=0.1,pos,False,34,11080,44.07267858018733,WEAKLY_RHYTHMIC,1.6719278235458446,True,,3.9142664356705525,0.5979592854871929,0.7452888593889355,0.7975846031202416,0.30481097507509575,44.08365133752965,44.08365133752965,34.0262195732187,True
chirp,sweep=0.1,pos,False,35,11081,30.51571049043307,RHYTHMIC,2.5743893309062855,True,,4.262858961611695,0.6143856241477478,0.5062304208047202,0.5510362658172,0.9402708761513683,30.51318830701841,30.51318830701841,49.15907131392695,True
chirp,sweep=0.1,pos,False,36,11082,45.711979205148566,RHYTHMIC,2.4517061365797104,True,,3.109350637200903,0.6865056121420475,0.7837999030108246,0.799989887433566,0.5806824546318842,45.708418395754634,45.708418395754634,32.81671194598409,True
chirp,sweep=0.1,pos,False,37,11083,83.46240509435846,WEAKLY_RHYTHMIC,1.655625275218417,True,,2.2231453649304256,0.6570360163003625,0.9233616677368236,0.9497768841585801,0.2903813572945118,83.4711805833137,83.4711805833137,17.970274165498715,True
chirp,sweep=0.1,pos,False,38,11084,29.04249747672285,RHYTHMIC,2.494825440427512,True,,5.652983223840745,0.68533915607995,0.47499762973739085,0.5231889041496292,0.72876171122648,29.040118694200302,29.040118694200302,51.652681443742516,True
chirp,sweep=0.1,pos,False,39,11085,21.5558245547331,RHYTHMIC,2.082919381295629,True,,7.526352001951543,0.6111241577013683,0.33632284265037826,0.37902178345347004,0.9419236385791048,21.553456086461985,21.553456086461985,69.59440722558504,True
chirp,sweep=0.1,pos,False,40,11086,68.632468460084,RHYTHMIC,2.9580321581022733,True,,2.3869771150973187,0.7522681993734543,0.9057551481686431,0.9354693416950305,0.7832128632409093,68.62470925580527,68.62470925580527,21.85801610333392,True
chirp,sweep=0.1,pos,False,41,11087,62.79958317299689,WEAKLY_RHYTHMIC,1.5782506525352018,True,,2.9413282215645284,0.8329015976213949,0.8746733523723096,0.9111660298062303,0.23710765790419305,62.80357507890102,62.80357507890102,23.88399065046104,True
chirp,sweep=0.1,pos,False,42,11088,51.498467936436036,RHYTHMIC,2.242517326700531,True,,3.6638889930803735,0.721154421353754,0.8131647937614469,0.8453484020702051,0.4970069306802125,51.48530438571442,51.48530438571442,29.13452718007439,True
chirp,sweep=0.1,pos,False,43,11089,28.238818753724267,RHYTHMIC,2.4792673730963193,True,,6.303168503777087,0.8134848503230214,0.4881636540406064,0.5177435805837116,0.7091669723215202,28.24935496613788,28.24935496613788,53.098557535137694,True
chirp,sweep=0.1,pos,False,44,11090,33.919547969212736,RHYTHMIC,2.8183760042225243,True,,3.939782350867857,0.8203974971799157,0.6301787937897829,0.6364316014778834,0.7729797266517969,33.91802292560177,33.91802292560177,44.22427578665796,True
chirp,sweep=0.1,pos,False,45,11091,38.754746379273385,WEAKLY_RHYTHMIC,1.469556497685521,True,,3.621706695772685,0.7844644366990895,0.6956632265387399,0.7174437235008212,0.18852149109880884,38.746219542776295,38.746219542776295,38.71345431117433,True
chirp,sweep=0.1,pos,False,46,11092,86.13533950388982,ARRHYTHMIC,0.0,True,,2.2151780674869723,0.8206489196453984,0.9437643929890223,0.9581562096744493,-0.13428386798354666,86.13981206498279,86.13981206498279,17.413550877826605,True
chirp,sweep=0.1,pos,False,47,11093,51.60146550536011,RHYTHMIC,2.75759715190166,True,,3.6547537314276726,0.6303610670746614,0.8402142399659718,0.8470626653112834,0.7030388607606641,51.603758524280664,51.603758524280664,29.067650165330846,True
chirp,sweep=0.1,pos,False,48,11094,30.11994187911356,RHYTHMIC,2.545610413495525,True,,3.92817847731932,0.6346148330198083,0.5076228838408371,0.5409636447234336,0.8695473760264096,30.119883614929766,30.119883614929766,49.80098924607009,True
chirp,sweep=0.1,pos,False,49,11095,17.435219427820503,WEAKLY_RHYTHMIC,1.5444383209129797,True,,7.590081813191838,0.620501041518717,0.36558687149309,0.3237793597713293,0.4390184890020052,17.43910408716579,17.43910408716579,86.01359292900352,True
chirp,sweep=0.2,pos,False,0,11096,38.03553772213832,WEAKLY_RHYTHMIC,1.6914849700900842,True,,3.7055227286377086,0.6679362211648859,0.27444200182211104,0.3241333170354759,0.9152557642518225,38.03342734341397,38.03342734341397,39.43899103428412,True
chirp,sweep=0.2,pos,False,1,11097,65.53501689597628,RHYTHMIC,2.816551552384601,True,,2.7608366652863734,0.6405036185798849,0.656866675057036,0.7240706762324193,0.7266206209538405,65.53130525097755,65.53130525097755,22.889823333369726,True
chirp,sweep=0.2,pos,False,2,11098,24.49182000215344,WEAKLY_RHYTHMIC,1.7135354006416887,True,,4.600089980633326,0.7939957981489275,0.2919881245303366,0.3490832732002586,0.8886449957307045,24.470685768691823,24.470685768691823,61.29783260586524,True
chirp,sweep=0.2,pos,False,3,11099,28.104205380972708,WEAKLY_RHYTHMIC,1.7062870207808831,True,,5.071813954935849,0.6499167133270287,0.3116189941522175,0.34046844053628844,0.8155947485122688,28.155586505262526,28.155586505262526,53.27539526550572,True
chirp,sweep=0.2,pos,False,4,11100,28.047055254029733,RHYTHMIC,2.0297753433710355,True,,4.956047142837784,0.7031509224792165,0.33295724786181286,0.3604213701798624,0.9361714840866784,28.002064634334523,28.002064634334523,53.567478669440185,True
chirp,sweep=0.2,pos,False,5,11101,32.52106617024656,WEAKLY_RHYTHMIC,1.5535355661672492,True,,4.491999293526063,0.5383396209310524,0.3343858031231118,0.324850470542419,0.44796401425095733,32.511934731661675,32.511934731661675,46.13690364416327,True
chirp,sweep=0.2,pos,False,6,11102,59.21898738460998,RHYTHMIC,2.205695637232107,True,,2.272033337674657,0.7921221422333126,0.5509710170975934,0.6292063872223725,0.4822782548928428,59.2399899087957,59.2399899087957,25.320733550248065,True
chirp,sweep=0.2,pos,False,7,11103,17.17769537683294,WEAKLY_RHYTHMIC,1.340388436387304,True,,5.67447747997351,0.8689432746191313,0.24056806769267441,0.28132175044031626,0.30320875350425786,17.136063980705483,17.136063980705483,87.5346871772269,True
chirp,sweep=0.2,pos,False,8,11104,64.0553954199064,WEAKLY_RHYTHMIC,1.6439592171563888,True,,2.8721405119576042,0.6336282345229413,0.6370064968815066,0.7021667518066632,0.28616954364488423,64.05397952701158,64.05397952701158,23.417748765593082,True
chirp,sweep=0.2,pos,False,9,11105,52.63194756908279,WEAKLY_RHYTHMIC,1.5253393553671923,True,,3.2266504453974614,0.5423624370789766,0.46233547527506474,0.5266920753318348,0.39429645552499126,52.63003289246727,52.63003289246727,28.50083721332215,True
chirp,sweep=0.2,pos,False,10,11106,49.01306228824146,RHYTHMIC,2.153650937749112,True,,3.1083784275752375,0.6910898885084109,0.3656098541085912,0.4619501141844632,0.4614603750996448,49.0297069947124,49.0297069947124,30.5936970041809,True
chirp,sweep=0.2,pos,False,11,11107,67.48358321074713,RHYTHMIC,2.574504567230866,True,,2.4647961926840707,0.5468380981363961,0.6459807999680097,0.7332212084438018,0.6298018268923463,67.4966588945401,67.4966588945401,22.223322229084985,True
chirp,sweep=0.2,pos,False,12,11108,32.92531620321455,WEAKLY_RHYTHMIC,1.6941272512718537,True,,4.237207648901899,0.6275149356431156,0.3269333421032484,0.28542251411974073,0.7008469693581637,32.95821262806111,32.95821262806111,45.51217679574279,True
chirp,sweep=0.2,pos,False,13,11109,63.512280213830294,RHYTHMIC,3.0110187155463,True,,2.8579868738434757,0.5546961932674398,0.6727294432655284,0.7132232534806088,0.80440748621852,63.528800283952464,63.528800283952464,23.611338374020953,True
chirp,sweep=0.2,pos,False,14,11110,76.500405215952,RHYTHMIC,2.5633635337925442,True,,1.664536966932576,0.734026447780056,0.7573391484085438,0.8098909822767619,0.6253454135170178,76.50664470383168,76.50664470383168,19.606140170003762,True
chirp,sweep=0.2,pos,False,15,11111,37.42357672039731,WEAKLY_RHYTHMIC,1.6531926122356182,True,,4.0451442384641645,0.8037381727688986,0.28834449186514804,0.26998194204471926,0.6974226492945013,37.47113987257445,37.47113987257445,40.03080784574336,True
chirp,sweep=0.2,pos,False,16,11112,99.04650202258286,WEAKLY_RHYTHMIC,1.6909911412124021,True,,1.4967715900550103,0.599979460409019,0.8079448179305692,0.861081143040605,0.32361531767196555,99.0208465901417,99.0208465901417,15.148325344143611,True
chirp,sweep=0.2,pos,False,17,11113,21.425437582093554,WEAKLY_RHYTHMIC,1.560384896263077,True,,5.456840225932202,0.6071657555492196,0.2688298575194609,0.294940931715873,0.45494342278031735,21.44759212516357,21.44759212516357,69.93792082795682,True
chirp,sweep=0.2,pos,False,18,11114,26.788504857847037,RHYTHMIC,2.091697399434419,True,,4.51106755681645,0.6423767714401941,0.3113094415362593,0.3820940898020465,0.7585039164060241,26.7526713953802,26.7526713953802,56.069166993881154,True
chirp,sweep=0.2,pos,False,19,11115,35.34591713121971,WEAKLY_RHYTHMIC,1.6728847698793683,True,,4.023836305552433,0.5433834022988824,0.30570267230639964,0.2653091188213731,0.71435221438816,35.390539790473085,35.390539790473085,42.384208008146594,True
chirp,sweep=0.2,pos,False,20,11116,26.06505805971994,RHYTHMIC,2.041900038740473,True,,4.977984502112921,0.6726820476626408,0.34594921448759425,0.3646650135591655,0.8505240181758006,26.00382036074134,26.00382036074134,57.6838318059061,True
chirp,sweep=0.2,pos,False,21,11117,44.51816902199354,RHYTHMIC,2.138565131910643,True,,3.3467013068853717,0.638220923303593,0.296396560916048,0.40797831503833476,0.4554260527642573,44.502712967669176,44.502712967669176,33.70581027475194,True
chirp,sweep=0.2,pos,False,22,11118,24.080197253184096,RHYTHMIC,2.0240826158384744,True,,4.922599848732959,0.5430617304239694,0.3068216484141039,0.3584289155434659,0.9290029357235591,24.104089695591295,24.104089695591295,62.23010364396189,True
chirp,sweep=0.2,pos,False,23,11119,17.624082234555175,WEAKLY_RHYTHMIC,1.5631422240196275,True,,5.454959117993423,0.6354636951721118,0.228907451116294,0.22780893872741653,0.7257786659076301,17.648951363207185,17.648951363207185,84.99088524472076,True
chirp,sweep=0.2,pos,False,24,11120,37.87765795666435,WEAKLY_RHYTHMIC,1.462776538749817,True,,3.7960456476842475,0.5345477881717123,0.2863636159380143,0.32006083262925106,0.37228456019879724,37.93490746044437,37.93490746044437,39.541417138399126,True
chirp,sweep=0.2,pos,False,25,11121,44.918561111923765,WEAKLY_RHYTHMIC,1.380771872079208,True,,3.200163042785389,0.7403015120093743,0.29481784079992457,0.40372843016585075,0.2289481570844544,44.932290410436615,44.932290410436615,33.38356416506176,True
chirp,sweep=0.2,pos,False,26,11122,21.32838711715335,WEAKLY_RHYTHMIC,1.3386401648987798,True,,5.391798143343614,0.6051873314419365,0.2543164966847924,0.28217821814182437,0.3024072364016335,21.388125855155717,21.388125855155717,70.13237205345962,True
chirp,sweep=0.2,pos,False,27,11123,26.931246269655652,RHYTHMIC,2.0543544041995805,True,,4.155095496973575,0.6775749667685353,0.3654987580806826,0.36902404146985324,0.5318802502809631,26.891216769903046,26.891216769903046,55.78029483882696,True
chirp,sweep=0.2,pos,False,28,11124,73.34621625613778,WEAKLY_RHYTHMIC,1.4154897811082212,True,,1.490424212318827,0.6489114203773786,0.7199447764344974,0.7765362774336163,0.17108340755718224,73.33719461279114,73.33719461279114,20.453468501485013,True
chirp,sweep=0.2,pos,False,29,11125,42.44543679771088,RHYTHMIC,2.0676760400162792,True,,3.995097822921283,0.5505622178189518,0.36496084533545226,0.3736866140056977,0.4877336660812982,42.47163230093249,42.47163230093249,35.31769133269376,True
chirp,sweep=0.2,pos,False,30,11126,72.24343641110377,RHYTHMIC,2.4620594164207716,True,,1.9701796463816403,0.6659027588207421,0.7494866184976989,0.7762201694878632,0.5848237665683087,72.21088330351985,72.21088330351985,20.77249205905897,True
chirp,sweep=0.2,pos,False,31,11127,73.12665890019645,WEAKLY_RHYTHMIC,1.553743755598752,True,,1.4794360733236778,0.6343769965665458,0.7373537228457606,0.7919603758733605,0.2240865001993916,73.13381712016788,73.13381712016788,20.51034745711844,True
chirp,sweep=0.2,pos,False,32,11128,61.93444550427749,WEAKLY_RHYTHMIC,1.6040999317775098,True,,2.7582224460406786,0.7547217745214777,0.5149602015922321,0.6494210108297296,0.25258899410899177,61.94828129757253,61.94828129757253,24.21374683172652,True
chirp,sweep=0.2,pos,False,33,11129,75.911067143931,RHYTHMIC,2.1922718856869414,True,,1.6374211533065057,0.5783343582958812,0.7557994537802808,0.806870607402897,0.47690875427477647,75.87535082262126,75.87535082262126,19.76926608888633,True
chirp,sweep=0.2,pos,False,34,11130,19.388881893378443,WEAKLY_RHYTHMIC,1.6018784930486438,True,,5.4388358951463065,0.8167504305186599,0.2511795978211706,0.2330417417979839,0.677301587823046,19.441176847683504,19.441176847683504,77.15582301174999,True
chirp,sweep=0.2,pos,False,35,11131,22.184345248007098,WEAKLY_RHYTHMIC,1.6874439190407007,True,,4.78305107158659,0.775771462464888,0.2812878707715413,0.3199425834016069,0.6863664008888484,22.189781895764416,22.189781895764416,67.59868154838962,True
chirp,sweep=0.2,pos,False,36,11132,97.07510254721821,WEAKLY_RHYTHMIC,1.2986600984675984,True,,1.593781639704326,0.6641525447913328,0.8120522110217029,0.863635452897726,0.14258421598643356,97.05300131692306,97.05300131692306,15.455472573195387,True
chirp,sweep=0.2,pos,False,37,11133,74.01084217837521,RHYTHMIC,2.5491069684055714,True,,1.5258118199620552,0.7447508679393805,0.7331300917337014,0.7807935325057096,0.6196427873622286,74.05707322186224,74.05707322186224,20.25464867489778,True
chirp,sweep=0.2,pos,False,38,11134,49.50267290807819,RHYTHMIC,2.097143285305603,True,,3.270489075896984,0.6021052922493538,0.3595225787105303,0.46234754717625187,0.4388573141222414,49.51720267964305,49.51720267964305,30.29250278341476,True
chirp,sweep=0.2,pos,False,39,11135,20.349522168466816,WEAKLY_RHYTHMIC,1.625889983278589,True,,5.4546406016880224,0.6240395001301926,0.23688961826169344,0.26730104923778913,0.8561687656540202,20.299488488054763,20.299488488054763,73.89348755672712,True
chirp,sweep=0.2,pos,False,40,11136,29.729203861408955,WEAKLY_RHYTHMIC,1.6977579783618957,True,,4.246684502596002,0.8659834639873241,0.32616874105831645,0.3308606773406812,0.7319206174673898,29.771256828249115,29.771256828249115,50.38416781170931,True
chirp,sweep=0.2,pos,False,41,11137,16.867535957132716,WEAKLY_RHYTHMIC,1.6071922407591737,True,,5.573240912477737,0.746104573558668,0.2396794816044819,0.2545774558864838,0.8670643277665621,16.86194010600781,16.86194010600781,88.9577350275108,True
chirp,sweep=0.2,pos,False,42,11138,51.943991537568856,RHYTHMIC,2.4993340575366148,True,,3.4041789124790984,0.5836806942076991,0.4727852728207182,0.5247669201378152,0.7237410167661781,51.93866484587552,51.93866484587552,28.88021870510435,True
chirp,sweep=0.2,pos,False,43,11139,58.13800913006376,RHYTHMIC,2.1300177962863485,True,,2.1064302678805946,0.7390887986604324,0.5358777481580048,0.616052630438183,0.4520071185145393,58.159532952085605,58.159532952085605,25.79112870861199,True
chirp,sweep=0.2,pos,False,44,11140,67.81430157844785,RHYTHMIC,2.25876582942768,True,,2.4332619903301986,0.520248407979148,0.6540749641491179,0.7446878861190387,0.5035063317710718,67.81350779723815,67.81350779723815,22.11948693887047,True
chirp,sweep=0.2,pos,False,45,11141,21.834070990616674,WEAKLY_RHYTHMIC,1.1528912353607539,True,,5.343531574072752,0.8098319208982928,0.2779588988452913,0.28880364053287844,0.23609719123278466,21.829454843249355,21.829454843249355,68.71449657222509,True
chirp,sweep=0.2,pos,False,46,11142,52.38466463764887,RHYTHMIC,2.516153266946981,True,,3.3121798398009674,0.5414687524311494,0.44939368952407005,0.5306536434314433,0.81385676567023,52.38676300731619,52.38676300731619,28.633187352891305,True
chirp,sweep=0.2,pos,False,47,11143,63.424287422391956,RHYTHMIC,2.094651826803741,True,,2.859712954902911,0.7122005024325507,0.6420018154081283,0.7116775296907221,0.43786073072149645,63.438001453515085,63.438001453515085,23.645133289691383,True
chirp,sweep=0.2,pos,False,48,11144,60.57774509922524,WEAKLY_RHYTHMIC,1.61264043415184,True,,2.5515329648283185,0.6605082057850181,0.5319213352633863,0.6453951884539155,0.3435052350178479,60.60046738088505,60.60046738088505,24.752284344149114,True
chirp,sweep=0.2,pos,False,49,11145,35.147495363043404,WEAKLY_RHYTHMIC,1.6201471463004655,True,,3.8677518716210524,0.7794620796125172,0.3113979058592596,0.27251154016741647,0.526519672162845,35.15241484281267,35.15241484281267,42.67132163486893,True
chirp,sweep=0.4,pos,False,0,11146,20.465867267111204,WEAKLY_RHYTHMIC,1.5460102520101977,True,,2.8323722663682966,0.5342410328037788,0.1822314743974087,0.2202692911960784,0.5463823441927639,20.943501916837793,20.943501916837793,71.62126018639013,True
chirp,sweep=0.4,pos,False,1,11147,92.99403066234835,RHYTHMIC,2.642501827191577,True,,1.647107397314294,0.6481553528947088,0.4322775547578261,0.5748756395170518,0.6805331879526626,93.15240819095854,93.15240819095854,16.10264328244808,True
chirp,sweep=0.4,pos,False,2,11148,76.14020490050173,RHYTHMIC,2.120364370215995,True,,1.5569049284169254,0.5868581728265945,0.2971748602062484,0.5542737040928807,0.44814574808639807,76.29794121053231,76.29794121053231,19.65977031884757,True
chirp,sweep=0.4,pos,False,3,11149,61.606951380542775,WEAKLY_RHYTHMIC,1.519493170186402,True,,2.3053221551624894,0.7385071298326369,0.37492666019927956,0.5202839678615641,0.3776422992429003,61.61460019338175,61.61460019338175,24.344879221680326,True
chirp,sweep=0.4,pos,False,4,11150,33.98825943050217,WEAKLY_RHYTHMIC,1.3162461085607193,True,,2.6841137320125634,0.6174266279806939,0.22673220361806853,0.30035438071754006,0.29250290565660436,34.07908231740168,34.07908231740168,44.01526971969138,True
chirp,sweep=0.4,pos,False,5,11151,52.71191959156951,WEAKLY_RHYTHMIC,1.4319709138433652,True,,2.508236119695433,0.7903843621186721,0.36104118139419583,0.4401183074823427,0.2657081329143388,52.600985552676626,52.600985552676626,28.51657595840753,True
chirp,sweep=0.4,pos,False,6,11152,55.729705492773206,RHYTHMIC,2.2573160296076007,True,,2.321497238200014,0.7114183203597322,0.33544448632586343,0.47206105832288525,0.5029264118430403,55.87053425702829,55.87053425702829,26.847783361071155,True
chirp,sweep=0.4,pos,False,7,11153,52.59291257385296,RHYTHMIC,2.0696503841348095,True,,2.5609059102193674,0.5978730674687199,0.3229904449612941,0.4563520524442823,0.42786015365392377,52.480710847914075,52.480710847914075,28.58192992749106,True
chirp,sweep=0.4,pos,False,8,11154,29.15199486817854,ARRHYTHMIC,0.0,True,,2.9583425906336256,0.7546055018627206,0.24630301615793976,0.28878625781987005,-0.11139154889066483,29.18482222466021,29.18482222466021,51.39657827802527,True
chirp,sweep=0.4,pos,False,9,11155,55.517578009019125,WEAKLY_RHYTHMIC,1.4850728566414308,True,,2.338488830203802,0.7825431557677106,0.34715895168776223,0.48550557729273314,0.36071945915670534,55.58547118785783,55.58547118785783,26.985468827466956,True
chirp,sweep=0.4,pos,False,10,11156,26.18041593047802,WEAKLY_RHYTHMIC,1.406127917764256,True,,2.9470572434288487,0.7951606215581136,0.21485671819939456,0.1842598028823097,0.33677286065891854,26.086507220354722,26.086507220354722,57.500990352191856,True
chirp,sweep=0.4,pos,False,11,11157,67.57770707665573,WEAKLY_RHYTHMIC,1.5038699996215128,True,,2.157001851378782,0.5807982018987421,0.3004234633573504,0.5392605412902695,0.20156007482658198,67.46220468054194,67.46220468054194,22.234672096813988,True
chirp,sweep=0.4,pos,False,12,11158,24.032244080321227,WEAKLY_RHYTHMIC,1.2020934633737153,True,,3.004957054586022,0.6993253818547925,0.22641961501439473,0.2589674500370954,0.2506559237447054,24.01208312165122,24.01208312165122,62.46854937160698,True
chirp,sweep=0.4,pos,False,13,11159,35.446096688841514,WEAKLY_RHYTHMIC,1.6197170632762796,True,,2.717968553256998,0.6309294873024578,0.22388752414975888,0.28077199215018067,0.5259242019194308,35.377331265148115,35.377331265148115,42.40003262987,True
chirp,sweep=0.4,pos,False,14,11160,25.118870884409034,WEAKLY_RHYTHMIC,1.170103321446216,True,,2.9111204090264997,0.7203029779899872,0.18507863036079056,0.1918731633156332,0.24099385522126587,25.216042466675642,25.216042466675642,59.48594042789747,True
chirp,sweep=0.4,pos,False,15,11161,20.793092808520214,WEAKLY_RHYTHMIC,1.5558259129348229,True,,2.91114195874573,0.6355744756278384,0.2251369517315544,0.21439177955626915,0.5140908835113761,20.46970033247968,20.46970033247968,73.2790405153084,True
chirp,sweep=0.4,pos,False,16,11162,52.896835781569585,WEAKLY_RHYTHMIC,1.473107121240413,True,,2.5153616809027044,0.6949948703152629,0.3762615536634678,0.47447974736069864,0.31346167387972523,53.11718436625224,53.11718436625224,28.23944864353575,True
chirp,sweep=0.4,pos,False,17,11163,29.574581653230883,WEAKLY_RHYTHMIC,1.5761438063031767,True,,2.9858772490559895,0.6296957112507457,0.23557150581342995,0.23592907567968252,0.6760707458384535,29.347478514488394,29.347478514488394,51.11171643790363,True
chirp,sweep=0.4,pos,False,18,11164,81.0361508633834,ARRHYTHMIC,0.4370285468993984,True,,1.9139119539888365,0.7232942617822288,0.22478303606075264,0.559031086607887,0.08740570937987968,81.10902917021285,81.10902917021285,18.493625374952366,True
chirp,sweep=0.4,pos,False,19,11165,20.30923191179061,WEAKLY_RHYTHMIC,1.6134475630976297,True,,3.0276398747370568,0.6474526303007191,0.20943862302031394,0.25869711442346055,0.8784502787504962,20.420477670295007,20.420477670295007,73.45567641554244,True
chirp,sweep=0.4,pos,False,20,11166,59.91607032357766,WEAKLY_RHYTHMIC,1.5050568565989637,True,,2.131329327228842,0.6058637119013671,0.35810539037614797,0.5051085227327478,0.22049794988395663,59.97064878592424,59.97064878592424,25.012235658055214,True
chirp,sweep=0.4,pos,False,21,11167,28.992779527749047,WEAKLY_RHYTHMIC,1.4397938836801,True,,2.9380913762723164,0.543811668300164,0.21887221389683045,0.2972702479364271,0.35701145377318966,29.174062850443583,29.174062850443583,51.41553330057329,True
chirp,sweep=0.4,pos,False,22,11168,60.80670568161609,RHYTHMIC,2.1305977843031494,True,,2.1958976887228108,0.8477328387964722,0.36507037217556665,0.5122876143966388,0.45223911372125986,60.85860314052486,60.85860314052486,24.64729590550151,True
chirp,sweep=0.4,pos,False,23,11169,67.31386420946838,WEAKLY_RHYTHMIC,1.0145323040258294,True,,2.160847810496967,0.6466020998868013,0.27063983724825086,0.5288115190581182,0.10147466061903367,67.55631742251357,67.55631742251357,22.20369696321125,True
chirp,sweep=0.4,pos,False,24,11170,19.70956358603711,WEAKLY_RHYTHMIC,1.5509311298711594,True,,2.932075147661184,0.5982859306584035,0.1856762262007599,0.22268299285877774,0.8915263669305652,19.817359233804073,19.817359233804073,75.69121507578713,True
chirp,sweep=0.4,pos,False,25,11171,19.247208375681932,ARRHYTHMIC,0.0,True,,2.611714161173595,0.8154380947950763,0.18374926979737607,0.17996808084741883,-0.006916806873171157,19.29722875273207,19.29722875273207,77.73136854107264,True
chirp,sweep=0.4,pos,False,26,11172,59.582886852096635,RHYTHMIC,2.4608301700283683,True,,2.0992701696436473,0.6359541127477408,0.364019402564693,0.5112905595099289,0.8209910687562314,59.612270250834435,59.612270250834435,25.16260484105625,True
chirp,sweep=0.4,pos,False,27,11173,77.10882332846577,WEAKLY_RHYTHMIC,1.5292817155961465,True,,1.6222628248756976,0.6303677978033548,0.28827074559130933,0.5311032273084852,0.33600387275389937,77.11944536868344,77.11944536868344,19.45034735181223,True
chirp,sweep=0.4,pos,False,28,11174,25.1645247631426,WEAKLY_RHYTHMIC,1.5752048423914395,True,,2.8710267814275885,0.8488441776587116,0.18432938015394362,0.23540757988618083,0.7941833245803088,25.054216813738066,25.054216813738066,59.87016122481625,True
chirp,sweep=0.4,pos,False,29,11175,22.936418336203822,WEAKLY_RHYTHMIC,1.6212031929696973,True,,2.900488210505785,0.8265198157557447,0.1872208824817356,0.2639937775188276,0.7442131907993789,23.018669772350115,23.018669772350115,65.16449537852056,True
chirp,sweep=0.4,pos,False,30,11176,87.58751748204138,RHYTHMIC,2.412831312752713,True,,1.9549756034084433,0.6146931463280105,0.448695123584232,0.5726088971665813,0.5651325251010851,87.64698819573694,87.64698819573694,17.11410775062957,True
chirp,sweep=0.4,pos,False,31,11177,19.836208683656064,WEAKLY_RHYTHMIC,1.485555970979349,True,,2.6633884338539358,0.8506779288915028,0.1922110408589723,0.19438460621337256,0.8093463743080049,19.904682876201413,19.904682876201413,75.35915087566862,True
chirp,sweep=0.4,pos,False,32,11178,26.95945164051476,WEAKLY_RHYTHMIC,1.5912394764452489,True,,2.7075190141916843,0.8156411922157216,0.22004940801727763,0.24464201956284448,0.6292494621996689,26.8223942892278,26.8223942892278,55.92341920804655,True
chirp,sweep=0.4,pos,False,33,11179,16.56474213359766,WEAKLY_RHYTHMIC,1.5816607124364173,True,,2.8550388084794145,0.5989565054534592,0.1875259663034392,0.2517854173404802,0.47808084477268314,16.30777534252589,16.30777534252589,91.98066373213031,True
chirp,sweep=0.4,pos,False,34,11180,19.38166675500197,WEAKLY_RHYTHMIC,1.4729634584043736,True,,2.8658425959146414,0.7296567883453718,0.18974016431051555,0.18461665650496234,0.6345729537315711,19.398212560717074,19.398212560717074,77.32671220634109,True
chirp,sweep=0.4,pos,False,35,11181,23.088458393968388,WEAKLY_RHYTHMIC,1.5165840704414868,True,,2.9102809039772795,0.6436658288988731,0.20314971406544827,0.20686120147370088,0.8187972039848482,23.463410327525384,23.463410327525384,63.92932566329971,True
chirp,sweep=0.4,pos,False,36,11182,30.08288453106262,WEAKLY_RHYTHMIC,1.4285365592015054,True,,2.7214971679272786,0.7708175613201296,0.24285178413503672,0.2866522489466806,0.34997864381410637,29.899038700126763,29.899038700126763,50.1688370333338,True
chirp,sweep=0.4,pos,False,37,11183,44.44892129853854,WEAKLY_RHYTHMIC,1.269697185418273,True,,2.7271135330867087,0.7024819001964377,0.3020865790832763,0.34232375256993197,0.1504781066696942,44.59228558505276,44.59228558505276,33.638105343108876,True
chirp,sweep=0.4,pos,False,38,11184,44.27967242749075,WEAKLY_RHYTHMIC,1.1703688248661785,True,,2.7198403941162477,0.5856128172958259,0.290493956830574,0.3013387243550418,0.19906709860549654,44.16458142558477,44.16458142558477,33.963867687219654,True
chirp,sweep=0.4,pos,False,39,11185,20.865340411665574,WEAKLY_RHYTHMIC,1.0530005164027767,True,,2.83256612165383,0.6235637002789244,0.24300769323630855,0.26399169622602425,0.17069303565046512,20.912579355536735,20.912579355536735,71.72716356497008,True
chirp,sweep=0.4,pos,False,40,11186,17.124729920498865,ARRHYTHMIC,0.0,True,,2.765844230226767,0.7585397370805997,0.15964762737782953,0.21243603416017226,-0.16083030577627627,16.99717955104964,16.99717955104964,88.2499355551827,True
chirp,sweep=0.4,pos,False,41,11187,22.513400983452698,ARRHYTHMIC,0.0,True,,2.809025253337539,0.8046094588031004,0.21800444127228272,0.23864658269066924,-4.8822552099625126e-05,22.593890139215976,22.593890139215976,66.38962970774412,True
chirp,sweep=0.4,pos,False,42,11188,26.129557234731745,WEAKLY_RHYTHMIC,1.5687502194250091,True,,2.9537282024485325,0.7599053772364127,0.20604320667922052,0.23188417595637661,0.6055468257788582,25.92185627150136,25.92185627150136,57.86622625668629,True
chirp,sweep=0.4,pos,False,43,11189,35.75015597403658,WEAKLY_RHYTHMIC,1.634097924723152,True,,2.7350524166791605,0.601763349390141,0.2297164573329888,0.27329716543514604,0.6314752175249667,35.645489892569124,35.645489892569124,42.08106003089886,True
chirp,sweep=0.4,pos,False,44,11190,19.48482950989602,WEAKLY_RHYTHMIC,1.4830988530377645,True,,2.842426495741437,0.6664031965634881,0.19346058833045296,0.1471786374615742,0.4082138207124592,19.470305959730876,19.470305959730876,77.0403918203622,True
chirp,sweep=0.4,pos,False,45,11191,98.79222363505778,WEAKLY_RHYTHMIC,1.5443523479443266,True,,1.4715617475562226,0.7628085930145205,0.36593886598777675,0.5944143472449495,0.21946782683691193,98.82585404251324,98.82585404251324,15.178214390686923,True
chirp,sweep=0.4,pos,False,46,11192,30.303985373604885,WEAKLY_RHYTHMIC,1.3867863491313064,True,,2.715180190794772,0.6219162080990569,0.24726133938332862,0.2587653491059887,0.326150599740686,30.585662759963697,30.585662759963697,49.04258612187027,True
chirp,sweep=0.4,pos,False,47,11193,31.625193213341138,WEAKLY_RHYTHMIC,1.6750120216120616,True,,2.8685490213262,0.6995943291222271,0.23067283504252756,0.3077036895211857,0.6950109088499323,31.680039185026846,31.680039185026846,47.3484262831643,True
chirp,sweep=0.4,pos,False,48,11194,19.345205963225624,WEAKLY_RHYTHMIC,1.4196428694299297,True,,3.0369400870225824,0.7164169032123427,0.1829743176424997,0.1729878315354538,0.3446153919114339,19.2266087948301,19.2266087948301,78.01687837968282,True
chirp,sweep=0.4,pos,False,49,11195,30.68365746993365,WEAKLY_RHYTHMIC,1.0261044060278435,True,,2.7364014814681443,0.616866324667378,0.23796099245629307,0.22662570024190143,0.20536082228719682,31.166223942051005,31.166223942051005,48.12902592206963,True
white,gamma=0,neg,True,0,11196,,ARRHYTHMIC,0.1814245055416167,False,samples/cycle 2.07 < 8,18.680254212574372,0.10107645579523099,0.03790866194909039,0.04535612638540418,0.6821213851064739,2.0725833650840997,2.0725833650840997,723.7344587773116,True
white,gamma=0,neg,True,1,11197,,WEAKLY_RHYTHMIC,1.2134211512618727,True,,5.054506437635135,0.06729068000241378,0.16483327342264406,0.229201310414832,0.25426567256525007,10.750160989661856,10.750160989661856,139.5327941081543,True
white,gamma=0,neg,True,2,11198,,WEAKLY_RHYTHMIC,1.0339983470803564,False,samples/cycle 2.01 < 8,47.822211421899105,0.04745183508712874,0.10351949160517478,0.10107050260873587,0.5658741716593504,2.013902215767458,2.013902215767458,744.8226573544832,True
white,gamma=0,neg,True,3,11199,,ARRHYTHMIC,0.33940433286494226,True,,3.985652556896701,0.05293045862856543,0.20950963792883584,0.3734576772785134,0.06788086657298846,100.42518843412138,100.42518843412138,14.936491764553626,True
white,gamma=0,neg,True,4,11200,,WEAKLY_RHYTHMIC,1.4761647821881003,True,,9.17907595155292,0.05003512311130779,0.32594736786179823,0.477249317150285,0.27704414971105257,9.99199735868285,9.99199735868285,150.12013576009699,True
white,gamma=0,neg,True,5,11201,,ARRHYTHMIC,0.3245520480449584,False,samples/cycle 4.53 < 8,10.851211094044906,0.0820349867468477,0.09736561441348753,0.06369805990941892,0.49304568568165247,4.527573980152402,4.527573980152402,331.3032556895975,True
white,gamma=0,neg,True,6,11202,,ARRHYTHMIC,0.9812892341999214,True,,24.792890360807455,0.04993030626872326,0.10141973271605403,0.13215457321262675,0.1962578468399843,23.206489951531108,23.206489951531108,64.63709087987404,True
white,gamma=0,neg,True,7,11203,,WEAKLY_RHYTHMIC,1.5276969660329296,False,samples/cycle 5.03 < 8,19.171438782050938,0.041685242567242445,0.12051119580693034,0.2117284726292318,0.46600239160019424,5.027243033666097,5.027243033666097,298.3742759112505,True
white,gamma=0,neg,True,8,11204,,WEAKLY_RHYTHMIC,1.2354072787660335,True,,2.0296801606180734,0.12760139511254429,0.32127588981729877,0.32697146213545975,0.241828086635789,13.617113522655941,13.617113522655941,110.15550377136266,True
white,gamma=0,neg,True,9,11205,,ARRHYTHMIC,0.22815382625800792,False,samples/cycle 2.68 < 8,22.808809504399992,0.06284774287955665,0.033481474887436906,0.05703845656450198,0.5941439093364395,2.682715599812561,2.682715599812561,559.1349303313418,True
white,gamma=0,neg,True,10,11206,,ARRHYTHMIC,0.2811343614582262,False,samples/cycle 2.18 < 8,40.98717684113544,0.04980110376217573,0.044972318510817524,0.07028359036455654,0.6628749043465257,2.1793323920137166,2.1793323920137166,688.2841761526752,True
white,gamma=0,neg,True,11,11207,,ARRHYTHMIC,0.6877313352603656,True,,16.403101709860756,0.048543284804669476,0.18320565613223236,0.1719328338150914,0.1357422848358866,38.6657953689054,38.6657953689054,38.79397761480637,True
white,gamma=0,neg,True,12,11208,,ARRHYTHMIC,0.3835677158335928,False,samples/cycle 3.41 < 8,6.54105216431396,0.13566432301566447,0.08050770119518989,0.0958919289583982,0.5551038010495254,3.4098090003332744,3.4098090003332744,439.9073378753444,True
white,gamma=0,neg,True,13,11209,,WEAKLY_RHYTHMIC,1.2819964649537958,False,samples/cycle 4.20 < 8,11.041062006911785,0.0689642765239013,0.021803737102730165,0.139275080301053,0.48311424895547883,4.201495139890525,4.201495139890525,357.0157646401762,True
white,gamma=0,neg,True,14,11210,,ARRHYTHMIC,0.276833682557638,False,samples/cycle 2.32 < 8,9.814587833375649,0.13364069512271473,0.032966008512599836,0.0692084206394095,0.6381600377574008,2.3249849740012802,2.3249849740012802,645.1654598947847,True
white,gamma=0,neg,True,15,11211,,WEAKLY_RHYTHMIC,1.4649970022598517,True,,6.335032647975746,0.0558209593628255,0.16736507046410132,0.23471901754600583,0.3738296810387974,10.322179588725042,10.322179588725042,145.31814595034328,True
white,gamma=0,neg,True,16,11212,,WEAKLY_RHYTHMIC,1.4250012510123917,True,,11.732579182573147,0.0483116864109966,0.09957608001329991,0.20805202432605627,0.34782684371424644,8.271965906735417,8.271965906735417,181.33537020246067,True
white,gamma=0,neg,True,17,11213,,WEAKLY_RHYTHMIC,1.5617174396876814,False,samples/cycle 5.33 < 8,9.89644825608703,0.07251931740056289,0.24497382798306358,0.17690429305121275,0.4563266214778902,5.332349479122625,5.332349479122625,281.30189250964236,True
white,gamma=0,neg,True,18,11214,,WEAKLY_RHYTHMIC,1.4746476942803115,True,,15.074241774022436,0.03059111331494936,0.054612435100795574,0.20889774009418932,0.3806969110490851,9.136606941736737,9.136606941736737,164.1747324324397,True
white,gamma=0,neg,True,19,11215,,ARRHYTHMIC,0.29892939015823394,False,samples/cycle 2.77 < 8,41.552383768297396,0.040104569361690656,0.0814348411939594,0.07473234753955849,0.5588621554674422,2.7651413434065293,2.7651413434065293,542.4677489187832,True
white,gamma=0,neg,True,20,11216,,ARRHYTHMIC,0.9927018853503503,True,,34.45851098361962,0.043303997894367945,0.06963938710897208,0.1580476001905671,0.19854037707007008,13.895007154162615,13.895007154162615,107.95244531778708,True
white,gamma=0,neg,True,21,11217,,WEAKLY_RHYTHMIC,1.1998634535583554,True,,16.695906237021223,0.07855524894315956,0.37493600477837885,0.23498097956969902,0.18831891799093206,21.17301293156178,21.17301293156178,70.84490076346239,True
white,gamma=0,neg,True,22,11218,,WEAKLY_RHYTHMIC,1.12402631762668,True,,2.6936588125442174,0.045039037161041726,0.4084181689592322,0.5440948853341855,0.11415868080541522,28.791562298381336,28.791562298381336,52.098596958885075,True
white,gamma=0,neg,True,23,11219,,WEAKLY_RHYTHMIC,1.4209888226629699,False,samples/cycle 7.83 < 8,12.504066110770268,0.05361680546112942,0.11576585475930837,0.25881954830619963,0.3454164752394482,7.832448837128006,7.832448837128006,191.51098605197123,True
white,gamma=0,neg,True,24,11220,,ARRHYTHMIC,0.3643791912502101,False,samples/cycle 3.26 < 8,13.731473750929032,0.06290928638930497,0.057215344410115256,0.09109479781255253,0.5496853022167788,3.2614510083248422,3.2614510083248422,459.91799238169,True
white,gamma=0,neg,True,25,11221,,ARRHYTHMIC,0.33189258001227,False,samples/cycle 2.42 < 8,38.35347094427828,0.046738024587751996,0.027060497956170194,0.0829731450030675,0.646575701695174,2.4203429071542835,2.4203429071542835,619.7468943620158,True
white,gamma=0,neg,True,26,11222,,WEAKLY_RHYTHMIC,1.2001421713314953,False,samples/cycle 4.17 < 8,18.543065445542627,0.049701741891780504,0.12006669525841909,0.1250222182190384,0.5274640038665795,4.167265717002501,4.167265717002501,359.9482494912622,True
white,gamma=0,neg,True,27,11223,,WEAKLY_RHYTHMIC,1.2814000301883075,True,,17.927862266348455,0.07227910736562276,0.13915948260644206,0.13791840255950363,0.31533149189601717,11.313940440224428,11.313940440224428,132.57980346679688,True
white,gamma=0,neg,True,28,11224,,WEAKLY_RHYTHMIC,1.2279081465228945,False,samples/cycle 7.09 < 8,13.330319243876263,0.09296881863731457,0.09068462747746499,0.12951826851902573,0.40116110242452113,7.087832693724684,7.087832693724684,211.63027752165297,True
white,gamma=0,neg,True,29,11225,,WEAKLY_RHYTHMIC,1.3178233571830251,False,samples/cycle 2.05 < 8,20.76328559447066,0.07863023015761529,0.0853426098971128,0.14658959824109602,0.6153471764371784,2.0545124996788706,2.0545124996788706,730.1002063674262,True
white,gamma=0,neg,True,30,11226,,WEAKLY_RHYTHMIC,1.1730548401810248,True,,18.06950060178173,0.04809709913189376,0.12357364894718381,0.19319826549394364,0.24185400642986,23.804003240977295,23.804003240977295,63.01461081209364,True
white,gamma=0,neg,True,31,11227,,WEAKLY_RHYTHMIC,1.3328192248829822,False,samples/cycle 5.43 < 8,7.360724583555365,0.09076684581580895,0.07162564167431003,0.1498844147337142,0.530611674100114,5.43347651892928,5.43347651892928,276.06634440661753,True
white,gamma=0,neg,True,32,11228,,ARRHYTHMIC,0.3679999487290417,False,samples/cycle 4.33 < 8,14.952513888088362,0.06954304248686222,0.04793151794510486,0.09199998718226042,0.47268901809821273,4.330456780112749,4.330456780112749,346.3837826274173,True
white,gamma=0,neg,True,33,11229,,ARRHYTHMIC,0.2906095474765107,False,samples/cycle 2.13 < 8,35.88015037898615,0.05606758673077888,0.02520738038841122,0.07265238686912767,0.5352891324968445,2.1286814818705677,2.1286814818705677,704.661553536832,True
white,gamma=0,neg,True,34,11230,,WEAKLY_RHYTHMIC,1.3689691803468464,False,samples/cycle 7.72 < 8,37.94827932716882,0.04824854327637915,0.14915482665449253,0.1584708652660817,0.329365189465754,7.72045011422802,7.72045011422802,194.2891901128471,True
white,gamma=0,neg,True,35,11231,,WEAKLY_RHYTHMIC,1.2517052696019761,True,,31.7337085147946,0.05695476347817204,0.07548274227992705,0.1633874080802295,0.2672743664700383,16.192657444558062,16.192657444558062,92.6345786746765,True
white,gamma=0,neg,True,36,11232,,WEAKLY_RHYTHMIC,1.376525030866487,True,,15.676218101799076,0.07414480529257868,0.3959279105032734,0.4009784071162352,0.1838787473742812,25.044319223175695,25.044319223175695,59.893822093272114,True
white,gamma=0,neg,True,37,11233,,WEAKLY_RHYTHMIC,1.3047827650349209,False,samples/cycle 5.78 < 8,10.652687229282627,0.06740020835041093,0.12182184441925586,0.14383993228393283,0.4050887331590434,5.782718551346353,5.782718551346353,259.3935683850228,True
white,gamma=0,neg,True,38,11234,,ARRHYTHMIC,0.19727617010925474,True,,4.3916428380650725,0.06973625074390531,0.22629218217045868,0.2880335586426434,0.03945523402185095,58.055580425011755,58.055580425011755,25.837309506146347,True
white,gamma=0,neg,True,39,11235,,WEAKLY_RHYTHMIC,1.1202523289720832,True,,2.5466096537192,0.10035795957929497,0.279553347685474,0.2841723919631346,0.12504065520198204,45.21360611124023,45.21360611124023,33.17585410704712,True
white,gamma=0,neg,True,40,11236,,WEAKLY_RHYTHMIC,1.3327853458676977,True,,0.7701958292144556,0.14785679755350056,0.5433867137981517,0.6152786041494769,0.14987680408495788,25.10071798824375,25.10071798824375,59.75924675551291,True
white,gamma=0,neg,True,41,11237,,WEAKLY_RHYTHMIC,1.4277090242965995,True,,1.891227843348028,0.15995209354297704,0.13570940952395477,0.21468357654093823,0.3494725733778711,8.520000823325041,8.520000823325041,176.05632101507302,True
white,gamma=0,neg,True,42,11238,,WEAKLY_RHYTHMIC,1.4988355835698268,False,samples/cycle 5.31 < 8,10.553740621570102,0.06418776580637844,0.19953531560023063,0.1910958161369813,0.47412548539103366,5.3054438898628415,5.3054438898628415,282.72846365712456,True
white,gamma=0,neg,True,43,11239,,WEAKLY_RHYTHMIC,1.3730727183559894,True,,9.399553989158512,0.049207479251183545,0.3055603526769124,0.2778615392295557,0.3190162652924178,9.367833768276284,9.367833768276284,160.12239724830275,True
white,gamma=0,neg,True,44,11240,,ARRHYTHMIC,0.2758268090794711,False,samples/cycle 2.72 < 8,23.687385761420533,0.05055190141769153,0.036298898817087234,0.06895670226986778,0.5294032341980642,2.7198790812204416,2.7198790812204416,551.4951051893573,True
white,gamma=0,neg,True,45,11241,,WEAKLY_RHYTHMIC,1.0771986424093927,True,,20.01533800351153,0.07366407805852654,0.16383804839311458,0.23536429129613637,0.21673136732502324,15.04851027499137,15.04851027499137,99.6776406826662,True
white,gamma=0,neg,True,46,11242,,WEAKLY_RHYTHMIC,1.4214025715901153,False,samples/cycle 7.79 < 8,2.2735329233092267,0.1479305405302072,0.061936850489899886,0.17283173946144625,0.3998381980821264,7.790338736406947,7.790338736406947,192.5461845439379,True
white,gamma=0,neg,True,47,11243,,WEAKLY_RHYTHMIC,1.2638307070188985,False,samples/cycle 4.70 < 8,9.846742222707302,0.06882819163678314,0.03540825175697176,0.13583832000795934,0.5089208266902204,4.701804023899119,4.701804023899119,319.02648268101944,True
white,gamma=0,neg,True,48,11244,,ARRHYTHMIC,0.2426730315843455,False,samples/cycle 3.28 < 8,22.89914366980384,0.055028195002353904,0.024973845496047267,0.060668257896086375,0.5451056760702048,3.277941302864209,3.277941302864209,457.60428921937245,True
white,gamma=0,neg,True,49,11245,,ARRHYTHMIC,0.33756261066894794,False,samples/cycle 2.19 < 8,41.58807870292764,0.04306751588460436,0.043260776959296025,0.08439065266723698,0.48488056364328713,2.1898272274916586,2.1898272274916586,684.9855464251294,True
white,gamma=0,neg,True,50,11246,,WEAKLY_RHYTHMIC,1.0037242101412867,False,samples/cycle 2.30 < 8,24.66481477763438,0.06660899782889337,0.10037381317293828,0.08047928598542083,0.6228290372294665,2.2969724024296143,2.2969724024296143,653.0335316233579,True
white,gamma=0,neg,True,51,11247,,WEAKLY_RHYTHMIC,1.1259597580135892,False,samples/cycle 4.69 < 8,5.888847182453252,0.10802985857872432,0.06477651363004186,0.11441120808434671,0.5446671625821552,4.690015189854846,4.690015189854846,319.8283884548409,True
white,gamma=0,neg,True,52,11248,,ARRHYTHMIC,0.9945112874678651,True,,7.900235926405606,0.05157719919128778,0.22751833667113386,0.24862782186696628,0.1134581396286923,22.67002195444861,22.67002195444861,66.16667610706263,True
white,gamma=0,neg,True,53,11249,,ARRHYTHMIC,0.32366135139611385,False,samples/cycle 4.12 < 8,23.91113696033312,0.0716657543541511,0.009721832566836721,0.08091533784902846,0.5199744764032378,4.1248899689420595,4.1248899689420595,363.6460636026895,True
white,gamma=0,neg,True,54,11250,,ARRHYTHMIC,0.30834566147164255,False,samples/cycle 2.68 < 8,7.79626636226448,0.1281481188842068,0.07324142458228404,0.07708641536791064,0.5011394125461818,2.6770904582556634,2.6770904582556634,560.3097928104263,True
white,gamma=0,neg,True,55,11251,,WEAKLY_RHYTHMIC,1.2579225028023244,True,,11.057865502325669,0.0722216420134804,0.3564998604505053,0.3368920374813692,0.16758989122433474,23.09650708821869,23.09650708821869,64.94488514088503,True
white,gamma=0,neg,True,56,11252,,WEAKLY_RHYTHMIC,1.290062446786381,False,samples/cycle 7.01 < 8,13.748551231674444,0.08174638817812059,0.11955293205761197,0.14085745928967666,0.3831330369979072,7.012039558312814,7.012039558312814,213.91778918613502,True
white,gamma=0,neg,True,57,11253,,WEAKLY_RHYTHMIC,1.0329198732021592,False,samples/cycle 2.42 < 8,14.96060196945495,0.09581836728245965,0.09908884412689217,0.1034040481538135,0.598428235232516,2.416150639191155,2.416150639191155,620.822218478128,True
white,gamma=0,neg,True,58,11254,,ARRHYTHMIC,0.35948784920969895,False,samples/cycle 3.08 < 8,9.20437445310536,0.11977127570437779,0.06902155746527285,0.08987196230242474,0.5376615059559878,3.0800849761376266,3.0800849761376266,486.99955086335774,True
white,gamma=0,neg,True,59,11255,,WEAKLY_RHYTHMIC,1.2981134565750359,True,,2.6680150401257396,0.11972676798192582,0.179655375826738,0.1954174302744177,0.2849463376574639,9.43824134470956,9.43824134470956,158.92791307363618,True
white,gamma=0,neg,True,60,11256,,ARRHYTHMIC,0.33689469934549593,False,samples/cycle 4.52 < 8,12.194657448217335,0.059606581190343955,0.08407577682536416,0.08422367483637398,0.48764701002815364,4.5231447484839,4.5231447484839,331.6276801671626,True
white,gamma=0,neg,True,61,11257,,ARRHYTHMIC,0.18968644791077177,False,samples/cycle 2.06 < 8,21.461556448011326,0.08344419595522035,0.0027500115404174123,0.04742161197769294,0.6565948843953828,2.0627348672171304,2.0627348672171304,727.1899185103099,True
white,gamma=0,neg,True,62,11258,,WEAKLY_RHYTHMIC,1.3912949196089208,True,,0.9314587182472526,0.08340532899900414,0.45638930386614024,0.5712674012461092,0.16428316966855658,42.908700680235924,42.908700680235924,34.95794503726167,True
white,gamma=0,neg,True,63,11259,,WEAKLY_RHYTHMIC,1.3195528841922053,True,,2.2639344498735303,0.05112381095778461,0.39409606927490626,0.41848767180808055,0.1469621924714674,43.41077084175572,43.41077084175572,34.55363659557936,True
white,gamma=0,neg,True,64,11260,,WEAKLY_RHYTHMIC,1.4470825773827056,False,samples/cycle 4.65 < 8,13.162642659036507,0.06289077198514466,0.18085883336184128,0.14952503012081714,0.5767333840914269,4.647298782084454,4.647298782084454,322.76814346057705,True
white,gamma=0,neg,True,65,11261,,WEAKLY_RHYTHMIC,1.1042545894380293,False,samples/cycle 2.57 < 8,30.87548677565428,0.05891400576648113,0.017076882671751083,0.1116388639236926,0.5874477364908467,2.5709388162961586,2.5709388162961586,583.4444563566027,True
white,gamma=0,neg,True,66,11262,,ARRHYTHMIC,0.2715183143505539,False,samples/cycle 2.68 < 8,7.508492733730256,0.1288919623659246,0.04673792460320215,0.06787957858763848,0.5431637775034343,2.676553347879663,2.676553347879663,560.4222315196085,True
white,gamma=0,neg,True,67,11263,,WEAKLY_RHYTHMIC,1.2226173053483214,True,,6.901489018670273,0.05063278160262979,0.22739628751570642,0.21297205894717183,0.257273542845733,9.629077075198326,9.629077075198326,155.77816942223458,True
white,gamma=0,neg,True,68,11264,,ARRHYTHMIC,0.17373607107032948,False,samples/cycle 2.05 < 8,26.4803507634639,0.06751616946656712,0.018912107641637203,0.04343401776758237,0.6366966852618403,2.0514241636255894,2.0514241636255894,731.1993426795614,True
white,gamma=0,neg,True,69,11265,,WEAKLY_RHYTHMIC,1.3606269822656487,False,samples/cycle 5.57 < 8,15.345954605468712,0.058699086352635516,0.15640322194758044,0.1274579209461186,0.42585035692570256,5.5684999866253335,5.5684999866253335,269.3723630426085,True
white,gamma=0,neg,True,70,11266,,WEAKLY_RHYTHMIC,1.4056602492294417,False,samples/cycle 7.97 < 8,3.0650963473418606,0.11753171081801717,0.21500991970844585,0.2845773824638835,0.3365078639628277,7.970289957938842,7.970289957938842,188.1989247462595,True
white,gamma=0,neg,True,71,11267,,WEAKLY_RHYTHMIC,1.2101278148641619,True,,2.1348512492052083,0.10117184792146651,0.3100133592679177,0.2975538220476256,0.25320552332856877,14.057557407225406,14.057557407225406,106.70417032969178,True
white,gamma=0,neg,True,72,11268,,WEAKLY_RHYTHMIC,1.2788524513533255,True,,16.080974349116318,0.04978564144871489,0.15284722247731558,0.16667642750299733,0.27733575517981796,9.859879043289936,9.859879043289936,152.13168370668942,True
white,gamma=0,neg,True,73,11269,,WEAKLY_RHYTHMIC,1.2115289465507906,False,samples/cycle 3.23 < 8,23.895794045266978,0.05862137862364635,0.033621118724274444,0.12682773776227368,0.5440823970182802,3.229563815843021,3.229563815843021,464.4590060866939,True
white,gamma=0,neg,True,74,11270,,WEAKLY_RHYTHMIC,1.2700096336364521,False,samples/cycle 3.04 < 8,12.55727961768222,0.08484120378678255,0.11939937203847065,0.1369881091693726,0.5523657491697698,3.0381334429680007,3.0381334429680007,493.724198807616,True
white,gamma=0,neg,True,75,11271,,WEAKLY_RHYTHMIC,1.2277129338574362,True,,16.167692459198662,0.04943101397360859,0.0985496471361423,0.3237138247681725,0.2525364409877495,21.118581890125785,21.118581890125785,71.02749643911179,True
white,gamma=0,neg,True,76,11272,,ARRHYTHMIC,0.3864401241834184,False,samples/cycle 3.32 < 8,16.147487705425267,0.08398469264344192,0.053259956476755035,0.0966100310458546,0.5194463038920365,3.3238444656569377,3.3238444656569377,451.2846541101718,True
white,gamma=0,neg,True,77,11273,,WEAKLY_RHYTHMIC,1.2677608784864463,False,samples/cycle 3.90 < 8,12.312248926084852,0.0712390995595476,0.11955726820240171,0.13656740955508892,0.5020531053428909,3.896455123608186,3.896455123608186,384.9652959972945,True
white,gamma=0,neg,True,78,11274,,WEAKLY_RHYTHMIC,1.048672928795492,False,samples/cycle 3.39 < 8,11.747219336356785,0.07868949631278813,0.026414728630932496,0.10511631911555566,0.5328823095072129,3.389185954729745,3.389185954729745,442.5841544358727,True
white,gamma=0,neg,True,79,11275,,WEAKLY_RHYTHMIC,1.4518447572394104,True,,6.46568145393478,0.06303367475723799,0.18750941933015017,0.21695364818205318,0.36486014252599486,8.840179535615729,8.840179535615729,169.67981181340605,True
white,gamma=0,neg,True,80,11276,,WEAKLY_RHYTHMIC,1.2856989489385713,False,samples/cycle 4.26 < 8,25.376686064130837,0.06650256129177406,0.12959626320218004,0.13999699405650207,0.471061235807081,4.263519434415659,4.263519434415659,351.82201537345264,True
white,gamma=0,neg,True,81,11277,,WEAKLY_RHYTHMIC,1.1662401893742536,True,,5.285379871354633,0.06986020966312319,0.3155923619635788,0.2616070588606779,0.23987723736635577,11.632948747113433,11.632948747113433,128.94409084130157,True
white,gamma=0,neg,True,82,11278,,WEAKLY_RHYTHMIC,1.3982986698752056,True,,42.93627007528772,0.037977933173673276,0.09369680123949421,0.16943560649169773,0.3323908224675513,9.15652691472459,9.15652691472459,163.81757122210314,True
white,gamma=0,neg,True,83,11279,,WEAKLY_RHYTHMIC,1.092809443019255,False,samples/cycle 4.29 < 8,23.207880899864385,0.04506607577234681,0.024442800414498898,0.11023042428132604,0.5401432076320357,4.292781412912965,4.292781412912965,349.42380142811436,True
white,gamma=0,neg,True,84,11280,,WEAKLY_RHYTHMIC,1.3207186519861263,False,samples/cycle 5.25 < 8,13.927818056275246,0.06083924947437358,0.08544256645201627,0.14721440577219794,0.4968064382277497,5.253710492589974,5.253710492589974,285.51249676122336,True
white,gamma=0,neg,True,85,11281,,WEAKLY_RHYTHMIC,1.3186330490944473,False,samples/cycle 6.35 < 8,15.987371309383274,0.04966069100014388,0.13883245221140394,0.14676379573018278,0.453232787652259,6.348599446782797,6.348599446782797,236.2725846186653,True
white,gamma=0,neg,True,86,11282,,WEAKLY_RHYTHMIC,1.3807086657293044,True,,3.4106760621480343,0.0958231616573958,0.040833946352560956,0.20132497275285974,0.3229497797438562,8.589695014119457,8.589695014119457,174.62785320484016,True
white,gamma=0,neg,True,87,11283,,ARRHYTHMIC,0.21864600464580394,False,samples/cycle 2.31 < 8,38.26652714376975,0.05299295744618172,0.06437225567992803,0.054661501161450986,0.6889922781874147,2.3080979637973473,2.3080979637973473,649.8857602786313,True
white,gamma=0,neg,True,88,11284,,WEAKLY_RHYTHMIC,1.4770695676732646,True,,3.2280856242036657,0.06032805133790384,0.5660245962459027,0.5649587433073371,0.19123002567484612,22.89200993897331,22.89200993897331,65.52504581287431,True
white,gamma=0,neg,True,89,11285,,WEAKLY_RHYTHMIC,1.3056870654805934,True,,7.04262980191281,0.050019655470591055,0.08862815704577569,0.24834205938813447,0.28805455012650333,11.602891422714015,11.602891422714015,129.27812088834813,True
white,gamma=0,neg,True,90,11286,,WEAKLY_RHYTHMIC,1.1249563786261607,False,samples/cycle 3.19 < 8,24.54732295930142,0.049034493320668754,0.11428001708417417,0.07963884561520726,0.6058474238639622,3.189900043074105,3.189900043074105,470.23417027025425,True
white,gamma=0,neg,True,91,11287,,WEAKLY_RHYTHMIC,1.0884258885200906,False,samples/cycle 2.57 < 8,13.138328623848466,0.10565760241887362,0.10970035100893051,0.07571403783913759,0.5495101651411978,2.5741560425079015,2.5741560425079015,582.7152570512421,True
white,gamma=0,neg,True,92,11288,,ARRHYTHMIC,0.39342353311882466,False,samples/cycle 2.96 < 8,29.156782873171323,0.049294194041671915,0.06766942700756422,0.09835588327970617,0.5484577047217589,2.9623184988827904,2.9623184988827904,506.3601366854072,True
white,gamma=0,neg,True,93,11289,,WEAKLY_RHYTHMIC,1.325865034326351,True,,8.085525318007615,0.06271609536961766,0.04927981648796397,0.14833824841005253,0.3955873653353043,9.140705631606803,9.140705631606803,164.10111652795035,True
white,gamma=0,neg,True,94,11290,,WEAKLY_RHYTHMIC,1.4426998512686673,False,samples/cycle 7.31 < 8,11.516448333717413,0.05803296502774891,0.19960255261643284,0.1883119016142384,0.35887304257013114,7.309471665823088,7.309471665823088,205.21319030670207,True
white,gamma=0,neg,True,95,11291,,WEAKLY_RHYTHMIC,1.3154024288378081,False,samples/cycle 5.87 < 8,4.553491399290086,0.10835982690600443,0.07400803282551457,0.14607121645237103,0.41908684514344774,5.87312583057283,5.87312583057283,255.4006236664776,True
white,gamma=0,neg,True,96,11292,,WEAKLY_RHYTHMIC,1.3928095969523926,False,samples/cycle 6.02 < 8,17.681550111276664,0.044732953621914484,0.13009273462847248,0.16469298509673477,0.3580641372708911,6.020686425353749,6.020686425353749,249.14102712330956,True
white,gamma=0,neg,True,97,11293,,WEAKLY_RHYTHMIC,1.248997972373005,True,,13.630846553798095,0.06269798758746697,0.3792201943264251,0.437809834734166,0.13315543277023967,30.29788821218392,30.29788821218392,49.508401030960094,True
white,gamma=0,neg,True,98,11294,,ARRHYTHMIC,0.17345043691865186,False,samples/cycle 2.96 < 8,29.038473369227464,0.05607790117530003,0.025365819440148908,0.043362609229662966,0.5577914349921954,2.957282993049027,2.957282993049027,507.22234007556557,True
white,gamma=0,neg,True,99,11295,,WEAKLY_RHYTHMIC,1.1435539723226364,False,samples/cycle 2.20 < 8,13.339966020026784,0.10142369938713022,0.0989905584603465,0.11676159006913107,0.5938200836847357,2.201056775280501,2.201056775280501,681.4908260641487,True
pink,gamma=1,neg,True,0,11296,,ARRHYTHMIC,0.21439440286472317,True,,1.0020357013494876,0.40240321583646477,0.3932507499434728,0.47027406278372375,0.04287888057294464,41.98703813307009,41.98703813307009,35.725311112587406,True
pink,gamma=1,neg,True,1,11297,,WEAKLY_RHYTHMIC,1.0483209748471654,True,,0.7182260340798039,0.6135288563736562,0.36512288046076885,0.4160022886603748,0.10507744455536416,29.08490526784441,29.08490526784441,51.57314373852766,True
pink,gamma=1,neg,True,2,11298,,ARRHYTHMIC,0.39615622778930726,True,,0.9518623466052197,0.4162722915354401,0.5130674084055022,0.5429207925390787,0.07923124555786146,52.044775248591144,52.044775248591144,28.82133687455217,True
pink,gamma=1,neg,True,3,11299,,ARRHYTHMIC,0.35855491093392033,True,,2.481345372414994,0.16862033033481227,0.6066268908464846,0.7264501382241654,0.07171098218678407,46.9852252114535,46.9852252114535,31.92492944855243,True
pink,gamma=1,neg,True,4,11300,,WEAKLY_RHYTHMIC,1.2001512042607851,True,,0.6322096050321455,0.5590562970205951,0.28920000087633296,0.38646539558076703,0.1250236301319685,27.519412572277968,27.519412572277968,54.50697743130768,True
pink,gamma=1,neg,True,5,11301,,WEAKLY_RHYTHMIC,1.38755425341707,True,,1.5687462981265217,0.2125271120634895,0.3035528398812001,0.4081994223894051,0.18115261824081333,18.523095885327496,18.523095885327496,80.97998354520095,True
pink,gamma=1,neg,True,6,11302,,ARRHYTHMIC,0.458563937701751,True,,0.6562310764491751,0.4473195521988041,0.741921875918473,0.7787291118690782,0.09171278754035021,107.49965815354997,107.49965815354997,13.953532743866361,True
pink,gamma=1,neg,True,7,11303,,WEAKLY_RHYTHMIC,1.1667438951364755,True,,0.9367669345602653,0.49158459649487274,0.40976590236943744,0.6156547620637796,0.12001112193036807,72.88492148579881,72.88492148579881,20.580388500415218,True
pink,gamma=1,neg,True,8,11304,,WEAKLY_RHYTHMIC,1.151505435040479,True,,1.0033563697965862,0.5275507949637889,0.22857648750543086,0.29463948306130483,0.14784994513389946,25.89577506930041,25.89577506930041,57.924506835026484,True
pink,gamma=1,neg,True,9,11305,,WEAKLY_RHYTHMIC,1.304103714131213,True,,0.7334030949652582,0.5740819222378988,0.5331974644553721,0.5708421519675394,0.1436995742478431,28.285763850889815,28.285763850889815,53.03021010524391,True
pink,gamma=1,neg,True,10,11306,,WEAKLY_RHYTHMIC,1.2815199197655338,True,,0.8956318052184296,0.5328938431752093,0.25860484323458116,0.4289049763015158,0.13918270353071777,35.92070910372861,35.92070910372861,41.75864111335982,True
pink,gamma=1,neg,True,11,11307,,ARRHYTHMIC,0.4928120910943905,False,cycles 5.4 < 10,0.6847658505210134,0.43016030914875414,0.0,0.5738091218088675,0.09856241821887811,279.5856760307973,279.5856760307973,5.365081721263754,True
pink,gamma=1,neg,True,12,11308,,WEAKLY_RHYTHMIC,1.5014314832703124,True,,1.659680598759222,0.13948152525966312,0.39825291212095487,0.5014355933259707,0.23600605598198096,18.473072463283398,18.473072463283398,81.1992700716874,True
pink,gamma=1,neg,True,13,11309,,ARRHYTHMIC,0.41831338733941004,True,,0.8031473061459797,0.6215271914148862,0.25647050261246745,0.314618440550914,0.08366267746788202,28.05216391308587,28.05216391308587,53.47181075397449,True
pink,gamma=1,neg,True,14,11310,,WEAKLY_RHYTHMIC,1.4684002748109855,True,,0.8956796214238331,0.6075107410970427,0.37946990349213083,0.47351210623022055,0.1881114591706085,24.002328491194874,24.002328491194874,62.49393680910029,True
pink,gamma=1,neg,True,15,11311,,WEAKLY_RHYTHMIC,1.1531090495533496,True,,0.7726224129073624,0.4753392322730063,0.7472558585573844,0.8057088312256255,0.11807895685655867,58.90165464615791,58.90165464615791,25.46617763135867,True
pink,gamma=1,neg,True,16,11312,,ARRHYTHMIC,0.4614626762627827,True,,0.8413040398336491,0.3694694433836142,0.5042764716791966,0.7065733093897217,0.09229253525255654,83.62960551735007,83.62960551735007,17.936231920749705,True
pink,gamma=1,neg,True,17,11313,,WEAKLY_RHYTHMIC,1.3941636824317154,True,,0.8109880992578681,0.49440739868480627,0.47767588726931737,0.5620354225998793,0.16506108514818257,50.050594964095644,50.050594964095644,29.96967370869501,True
pink,gamma=1,neg,True,18,11314,,ARRHYTHMIC,0.3558951081783153,True,,0.9193918865261804,0.5084540834205662,0.5048638068023372,0.5817263409068532,0.07117902163566307,30.59115495177039,30.59115495177039,49.03378124705917,True
pink,gamma=1,neg,True,19,11315,,WEAKLY_RHYTHMIC,1.3671852657994494,True,,0.6216051192175107,0.5622250738053138,0.5058024876136626,0.5933054582492039,0.1580241334398326,28.631686967651344,28.631686967651344,52.38950822893287,True
pink,gamma=1,neg,True,20,11316,,WEAKLY_RHYTHMIC,1.3901563750231318,True,,0.6389174514047096,0.5694389773352543,0.4975726281823839,0.558403242279942,0.16397646200498212,35.2739943812433,35.2739943812433,42.52424558976555,True
pink,gamma=1,neg,True,21,11317,,ARRHYTHMIC,0.1487228532459249,True,,0.7553727158507485,0.5350557544645744,0.6735176035528112,0.6194148663852149,0.029744570649184985,46.47943262411348,46.47943262411348,32.2723388671875,True
pink,gamma=1,neg,True,22,11318,,WEAKLY_RHYTHMIC,1.3477524495761148,True,,0.8393450672086186,0.5799958175926674,0.2899650661141633,0.3832900558040103,0.19090566862529595,29.95902323604527,29.95902323604527,50.06838801724589,True
pink,gamma=1,neg,True,23,11319,,ARRHYTHMIC,0.4012036984003564,True,,0.8984852633782219,0.46569302968179094,0.3382477729444922,0.5995821333493747,0.08024073968007128,34.803438740575025,34.803438740575025,43.099189455990434,True
pink,gamma=1,neg,True,24,11320,,ARRHYTHMIC,0.0,True,,0.9020724098501506,0.4157702211804424,0.7852088962175202,0.8123476865565156,-0.056676423090982496,121.44636691830301,121.44636691830301,12.351131104720903,True
pink,gamma=1,neg,True,25,11321,,WEAKLY_RHYTHMIC,1.3933384599936498,True,,0.7860858827825242,0.6565495221869394,0.43580978603503495,0.5365021926877084,0.1648365577929223,35.9354330205084,35.9354330205084,41.74153123865094,True
pink,gamma=1,neg,True,26,11322,,ARRHYTHMIC,0.46940998642644377,True,,0.699549571942946,0.4134262299487214,0.7667669142094901,0.844599267281148,0.09388199728528876,81.25468884675142,81.25468884675142,18.460473128252836,True
pink,gamma=1,neg,True,27,11323,,WEAKLY_RHYTHMIC,1.3853818141408798,True,,2.6553490645009243,0.10466736513493397,0.4067464614074137,0.562257622771655,0.16270263767125417,25.85471058601989,25.85471058601989,58.01650708908252,True
pink,gamma=1,neg,True,28,11324,,WEAKLY_RHYTHMIC,1.3162675956409133,True,,0.7916569375797072,0.6866903750230673,0.2478235004841105,0.36564012237264615,0.22368419151440866,15.149192207317355,15.149192207317355,99.01518044476792,True
pink,gamma=1,neg,True,29,11325,,WEAKLY_RHYTHMIC,1.3374979809401708,True,,0.9386038748580887,0.6023453493645436,0.26673711730971245,0.4422284132626569,0.15094293620706567,28.36792646902202,28.36792646902202,52.8766175997393,True
pink,gamma=1,neg,True,30,11326,,WEAKLY_RHYTHMIC,1.1039733333798962,True,,0.8875363877232554,0.5230810132206111,0.22568756803631274,0.27900955330160354,0.11406742371536269,40.81785937117405,40.81785937117405,36.74861992050749,True
pink,gamma=1,neg,True,31,11327,,ARRHYTHMIC,0.48018659536187536,True,,0.8590669087234247,0.5226009156106718,0.35494770983610285,0.6494134323170513,0.09603731907237507,50.723518044610316,50.723518044610316,29.572081311094788,True
pink,gamma=1,neg,True,32,11328,,ARRHYTHMIC,0.0,False,cycles 5.8 < 10,0.7432044443404416,0.4717739430650685,0.0,0.816392135637111,-0.01686821025881638,260.12907671369436,260.12907671369436,5.766368062156095,True
pink,gamma=1,neg,True,33,11329,,WEAKLY_RHYTHMIC,1.1755578457910953,True,,0.8183569349107905,0.5035306630624008,0.2724081985924147,0.4196056988810322,0.12129413748373316,29.156394836586127,29.156394836586127,51.44668977104689,True
pink,gamma=1,neg,True,34,11330,,ARRHYTHMIC,0.05569491914643546,True,,0.8565986928554492,0.37187683372567376,0.7847240731296647,0.6112939699031981,0.011138983829287094,86.08333909342677,86.08333909342677,17.424974632687526,True
pink,gamma=1,neg,True,35,11331,,ARRHYTHMIC,0.26965744138907694,True,,0.656537183359846,0.6446256267082786,0.637023510828745,0.65875523847685,0.053931488277815395,55.64957872712503,55.64957872712503,26.954381943395763,True
pink,gamma=1,neg,True,36,11332,,ARRHYTHMIC,0.41249498836862497,True,,0.5289833806152654,0.5888793523715765,0.8505626668982985,0.8477862186640209,0.082498997673725,53.0694567538513,53.0694567538513,28.264845576945607,True
pink,gamma=1,neg,True,37,11333,,ARRHYTHMIC,0.45387804918430896,True,,3.198984025095851,0.08717734511562554,0.35345660215673813,0.45436305438725844,0.0907756098368618,23.146586519323282,23.146586519323282,64.80437185620293,True
pink,gamma=1,neg,True,38,11334,,WEAKLY_RHYTHMIC,1.0502630319309711,True,,0.8114627808299771,0.4290331702752219,0.5253201572719868,0.7171845503965051,0.10529231077875847,75.67319753683564,75.67319753683564,19.82207768172927,True
pink,gamma=1,neg,True,39,11335,,WEAKLY_RHYTHMIC,1.355591024685972,True,,0.837407456204224,0.45296848958282654,0.7369068553379841,0.717218461386496,0.1551809546899449,102.72100313479623,102.72100313479623,14.6026611328125,True
pink,gamma=1,neg,True,40,11336,,WEAKLY_RHYTHMIC,1.1315755426713037,True,,0.6420030456645919,0.40509669873681003,0.7014441019882812,0.7269020250149748,0.11515106369482435,90.19180728376688,90.19180728376688,16.631222337973668,True
pink,gamma=1,neg,True,41,11337,,ARRHYTHMIC,0.3429481069477784,True,,0.7627726319587663,0.5266700026005998,0.6164452089786274,0.6049651167928333,0.06858962138955568,47.31991001702372,47.31991001702372,31.699130439182213,True
pink,gamma=1,neg,True,42,11338,,WEAKLY_RHYTHMIC,1.4163230031537357,True,,0.7034511918048663,0.5676313496036918,0.25450680656565594,0.4283190897547876,0.18009799533757348,35.86127210124453,35.86127210124453,41.827852502419844,True
pink,gamma=1,neg,True,43,11339,,ARRHYTHMIC,0.27161704090296157,True,,0.9920379188361477,0.5950244103388989,0.3750171645051919,0.36335210088521536,0.05432340818059232,42.66819400635561,42.66819400635561,35.15499155592497,True
pink,gamma=1,neg,True,44,11340,,ARRHYTHMIC,0.42067821159626234,False,cycles 2.9 < 10,0.8056605148880835,0.36131899313275184,0.0,0.13288684272883497,0.08413564231925247,520.1269841269841,520.1269841269841,2.8839111328125,True
pink,gamma=1,neg,True,45,11341,,WEAKLY_RHYTHMIC,1.2744957101468222,True,,0.9246868994128337,0.5736503615878167,0.3209232598873507,0.3518694781788718,0.1378351601756032,26.816223015541663,26.816223015541663,55.93628898188447,True
pink,gamma=1,neg,True,46,11342,,WEAKLY_RHYTHMIC,1.3127795729641116,True,,0.8068501612253138,0.6079967251502504,0.29143620429113903,0.36852627860608417,0.14551371883882863,20.689235318666846,20.689235318666846,72.50147126736125,True
pink,gamma=1,neg,True,47,11343,,WEAKLY_RHYTHMIC,1.1630277121878718,True,,0.8090370571225796,0.5751108811390508,0.37695257197852816,0.5047485653723239,0.11947826882226072,25.0656845017869,25.0656845017869,59.84277029789739,True
pink,gamma=1,neg,True,48,11344,,WEAKLY_RHYTHMIC,1.1664395230166367,True,,1.2169741441362882,0.22849884022671346,0.2549351871321185,0.4144482575232706,0.11996730022745052,28.459320310638685,28.459320310638685,52.70681040963824,True
pink,gamma=1,neg,True,49,11345,,ARRHYTHMIC,0.43983780734860267,True,,0.8267250690242612,0.5709908714416932,0.5693925454589257,0.5746394453802421,0.08796756146972054,40.57797905413752,40.57797905413752,36.96586264187184,True
pink,gamma=1,neg,True,50,11346,,WEAKLY_RHYTHMIC,1.2208692133978107,True,,0.6358609833448909,0.501760745992989,0.620699858886789,0.7628350964148877,0.12834815632957175,71.78336034011843,71.78336034011843,20.896207601494478,True
pink,gamma=1,neg,True,51,11347,,ARRHYTHMIC,0.23804971187937607,False,cycles 7.5 < 10,0.7809381121196449,0.3773352166257112,0.9099592278704043,0.7599339000263953,0.047609942375875215,200.73967163549656,200.73967163549656,7.472364519573901,True
pink,gamma=1,neg,True,52,11348,,ARRHYTHMIC,0.23291350831787141,True,,0.9179953852242384,0.38560298877246907,0.5307468014632618,0.597449760280224,0.04658270166357428,62.81912064758905,62.81912064758905,23.878080185408784,True
pink,gamma=1,neg,True,53,11349,,WEAKLY_RHYTHMIC,1.4458597173573542,True,,2.8379826696379453,0.14250992485114056,0.4068547442841986,0.45114929888831073,0.19693019502703427,18.9958458127099,18.9958458127099,78.96463336190945,True
pink,gamma=1,neg,True,54,11350,,WEAKLY_RHYTHMIC,1.3099510768369536,True,,1.0077192725596937,0.5845290789722392,0.17302224993631588,0.36229315285943775,0.20276553562012312,30.208739582316174,30.208739582316174,49.654504647988745,True
pink,gamma=1,neg,True,55,11351,,ARRHYTHMIC,0.46366122068108423,True,,1.9938628906420441,0.19981640985032198,0.5688159969588984,0.5897931206976764,0.09273224413621685,38.484728081865036,38.484728081865036,38.976499893910834,True
pink,gamma=1,neg,True,56,11352,,ARRHYTHMIC,0.49661694284295493,True,,0.8869407964717987,0.5071460866586696,0.6028315983580923,0.8108549151012079,0.09932338856859099,48.87641216611692,48.87641216611692,30.68965035530697,True
pink,gamma=1,neg,True,57,11353,,WEAKLY_RHYTHMIC,1.1327884936186303,True,,0.5930207527825987,0.5407152966553121,0.37068679565691476,0.6764335017369626,0.1153121231258473,73.30648769574944,73.30648769574944,20.4620361328125,True
pink,gamma=1,neg,True,58,11354,,WEAKLY_RHYTHMIC,1.243489980923909,True,,5.6725884525180446,0.08872093242977384,0.6080944124399899,0.6493182681274899,0.13218595587422335,26.441891012143547,26.441891012143547,56.728166654613275,True
pink,gamma=1,neg,True,59,11355,,WEAKLY_RHYTHMIC,1.2870420490183552,True,,2.32517173302286,0.11789072357659103,0.16923591762537038,0.4133009251345289,0.1402607262634687,20.189156386720153,20.189156386720153,74.2973094698824,True
pink,gamma=1,neg,True,60,11356,,ARRHYTHMIC,0.26648336852360666,True,,0.6511944362468127,0.49835723289941014,0.8513659150025392,0.8483867503376169,0.05329667370472133,56.774759871216276,56.774759871216276,26.420191003933624,True
pink,gamma=1,neg,True,61,11357,,WEAKLY_RHYTHMIC,1.182618415611733,True,,0.9423385528315654,0.589227626144198,0.5218207376697493,0.6319314804602572,0.12234188035303067,31.49127488837408,31.49127488837408,47.63224116257575,True
pink,gamma=1,neg,True,62,11358,,ARRHYTHMIC,0.4971831030567884,True,,0.7585470310328625,0.3271889580422095,0.5590901560685773,0.7190484015532073,0.09943662061135769,67.27325958154856,67.27325958154856,22.297120866898116,True
pink,gamma=1,neg,True,63,11359,,WEAKLY_RHYTHMIC,1.393537255812292,True,,6.356110231118625,0.08760503495589486,0.38159523250872956,0.412226476227898,0.18210628201239662,19.241239837043747,19.241239837043747,77.95755433140853,True
pink,gamma=1,neg,True,64,11360,,ARRHYTHMIC,0.4041776107269996,True,,0.7833914840694405,0.4560108793727627,0.43692605024768955,0.533707706293767,0.08083552214539992,45.63815954226696,45.63815954226696,32.867232487997285,True
pink,gamma=1,neg,True,65,11361,,WEAKLY_RHYTHMIC,1.06879360323637,True,,1.9963150395852107,0.11785748036135604,0.5638260478139074,0.5655179749239219,0.10738757846546797,29.731479884150787,29.731479884150787,50.45157542930171,True
pink,gamma=1,neg,True,66,11362,,WEAKLY_RHYTHMIC,1.5351886062410351,True,,0.6887135227582518,0.5993691214233361,0.5564897287048353,0.6510293967394485,0.21514102567773236,39.88551352592478,39.88551352592478,37.60763915011475,True
pink,gamma=1,neg,True,67,11363,,ARRHYTHMIC,0.16793306400329255,True,,0.9193738761425496,0.4514946571070041,0.7201656626282081,0.6808514563804473,0.033586612800658514,41.12189530236476,41.12189530236476,36.476917928287726,True
pink,gamma=1,neg,True,68,11364,,WEAKLY_RHYTHMIC,1.0235038287790976,True,,0.9299193475648622,0.36137564692346796,0.5252691148368274,0.5770288844151449,0.10240695554901266,95.80882836239482,95.80882836239482,15.656177260891683,True
pink,gamma=1,neg,True,69,11365,,ARRHYTHMIC,0.047610261062681944,False,cycles 4.3 < 10,0.8907707016917202,0.5413045919186424,0.0,0.9676956417648193,0.009522052212536389,351.7512999833385,351.7512999833385,4.264376563984414,True
pink,gamma=1,neg,True,70,11366,,ARRHYTHMIC,0.37697048815475426,False,cycles 3.1 < 10,0.5567727298728696,0.36931439565088936,0.0,0.8751907164636185,0.07539409763095085,482.7709275695385,482.7709275695385,3.10706364932039,True
pink,gamma=1,neg,True,71,11367,,WEAKLY_RHYTHMIC,1.390874121598813,True,,0.7739642387248801,0.5162908858166954,0.3082037012240942,0.5014649247231915,0.16416967911866862,31.5907590546336,31.5907590546336,47.482239898252345,True
pink,gamma=1,neg,True,72,11368,,ARRHYTHMIC,0.0,True,,0.9114932682039657,0.3753160159315181,0.9374823046673088,0.9198256399812464,-0.026547260608884876,127.0064824742769,127.0064824742769,11.810420781504604,True
pink,gamma=1,neg,True,73,11369,,WEAKLY_RHYTHMIC,1.4481130031730283,True,,0.8365502141022886,0.37149417613918795,0.6384607956625711,0.7628706181951751,0.18119651409607704,96.61573274530534,96.61573274530534,15.525421764944246,True
pink,gamma=1,neg,True,74,11370,,WEAKLY_RHYTHMIC,1.3942985613827648,True,,0.572120901814815,0.6628824934559805,0.21189067546656815,0.4364807555892143,0.16509784131979527,34.13123472966599,34.13123472966599,43.948014535092064,True
pink,gamma=1,neg,True,75,11371,,ARRHYTHMIC,0.48595425457212554,True,,1.004771603510645,0.4244027302007185,0.6779804677841568,0.6578575891299114,0.09719085091442511,58.732274338317,58.732274338317,25.539620539118104,True
pink,gamma=1,neg,True,76,11372,,WEAKLY_RHYTHMIC,1.3868567617604843,True,,0.6693327773833188,0.4345992167810151,0.7439485304693912,0.6056190155138109,0.16309402724088504,125.44896980979422,125.44896980979422,11.957053152961723,True
pink,gamma=1,neg,True,77,11373,,WEAKLY_RHYTHMIC,1.212439820901202,True,,0.5362805428205161,0.5677777765232986,0.45241592995544033,0.6194493234005167,0.12697442386489066,42.66652491236963,42.66652491236963,35.156366802329586,True
pink,gamma=1,neg,True,78,11374,,WEAKLY_RHYTHMIC,1.0751711911247392,True,,0.7340197630071329,0.5471710798071201,0.27780047077909836,0.3670642415841966,0.10812811953989188,37.57945262422093,37.57945262422093,39.91542971632352,True
pink,gamma=1,neg,True,79,11375,,ARRHYTHMIC,0.30626349162854677,False,cycles 5.0 < 10,0.9692589101787458,0.335363758961566,0.0,0.8082188895328689,0.06125269832570936,297.17742329251155,297.17742329251155,5.047489756728764,True
pink,gamma=1,neg,True,80,11376,,WEAKLY_RHYTHMIC,1.4840079674106303,True,,0.6057198740887549,0.6527673395283922,0.2957563038473839,0.48450360511467805,0.22854715986113153,25.4037357863547,25.4037357863547,59.04643366688242,True
pink,gamma=1,neg,True,81,11377,,ARRHYTHMIC,0.07260971410178446,True,,0.9720102363273302,0.5952473012323125,0.5642123379591938,0.7031425124986879,0.014521942820356893,39.43200962695548,39.43200962695548,38.0401611328125,True
pink,gamma=1,neg,True,82,11378,,ARRHYTHMIC,0.4329367176095499,True,,1.4247564564306567,0.19544055990013606,0.34104625442705405,0.5279226755510117,0.08658734352190998,53.46543700292675,53.46543700292675,28.055508083061,True
pink,gamma=1,neg,True,83,11379,,WEAKLY_RHYTHMIC,1.1577089094580393,True,,0.7796414032379085,0.4860766562562798,0.2985064492643462,0.6471777292027179,0.11872380121657986,49.96289020281249,49.96289020281249,30.02228241623145,True
pink,gamma=1,neg,True,84,11380,,ARRHYTHMIC,0.4925940393391859,False,cycles 2.9 < 10,0.7834410439853575,0.3198935585833664,0.0,0.654335912751061,0.09851880786783718,520.1269841269841,520.1269841269841,2.8839111328125,True
pink,gamma=1,neg,True,85,11381,,WEAKLY_RHYTHMIC,1.2262393662906566,True,,0.6500617149662405,0.5694110935818489,0.2361335222263392,0.3526644505464832,0.12923893468269174,36.31656888371425,36.31656888371425,41.30346137056626,True
pink,gamma=1,neg,True,86,11382,,WEAKLY_RHYTHMIC,1.0073379186038276,True,,0.6919552746064918,0.4975929868013448,0.8934487219388906,0.8922674940591875,0.10073921616845755,87.55853458157891,87.55853458157891,17.131396809781453,True
pink,gamma=1,neg,True,87,11383,,WEAKLY_RHYTHMIC,1.1839276702454236,True,,0.6194913950830732,0.38281778448142567,0.677552975162715,0.698266559571744,0.12253815789842276,95.53985575219731,95.53985575219731,15.700253974535665,True
pink,gamma=1,neg,True,88,11384,,WEAKLY_RHYTHMIC,1.3223005955714413,True,,1.008725118006163,0.43420117106338435,0.5720975467247309,0.6900396420282306,0.1475580461581205,63.833235558732916,63.833235558732916,23.498730510375758,True
pink,gamma=1,neg,True,89,11385,,ARRHYTHMIC,0.27886113767509035,False,cycles 5.5 < 10,0.8441011522359427,0.3431530492838806,0.0,0.4158099222111279,0.05577222753501808,274.23166084542936,274.23166084542936,5.469827938085802,True
pink,gamma=1,neg,True,90,11386,,WEAKLY_RHYTHMIC,1.3078500999636788,True,,0.549913110413588,0.5864081553985561,0.3281588884164605,0.6601051639359479,0.14447737404101685,38.353039654185395,38.353039654185395,39.11032902541553,True
pink,gamma=1,neg,True,91,11387,,ARRHYTHMIC,0.20302496830765185,True,,0.656582591417206,0.37684415651819037,0.4355688259130138,0.4695118148140761,0.04060499366153037,56.79029462738301,56.79029462738301,26.4129638671875,True
pink,gamma=1,neg,True,92,11388,,ARRHYTHMIC,0.33196377075156674,True,,0.7590455799196673,0.32664480045259625,0.9038313427623292,0.8648081244958613,0.06639275415031336,118.01964546563414,118.01964546563414,12.709748398937373,True
pink,gamma=1,neg,True,93,11389,,ARRHYTHMIC,0.37038715251252546,True,,0.9308342500734085,0.516750765889229,0.5359937287441777,0.6446891657286391,0.07407743050250509,38.9279817908373,38.9279817908373,38.53269373325343,True
pink,gamma=1,neg,True,94,11390,,ARRHYTHMIC,0.07310920075685529,True,,1.0414229688519103,0.28577120387712296,0.6612684282581082,0.7698837284233631,0.014621840151371057,82.50121657165052,82.50121657165052,18.181550070807532,True
pink,gamma=1,neg,True,95,11391,,ARRHYTHMIC,0.0,False,cycles 3.4 < 10,0.7821220541157026,0.45775953553954213,0.0,0.8934774754151065,-0.009788003823775336,442.2770975267518,442.2770975267518,3.3915389433188325,True
pink,gamma=1,neg,True,96,11392,,WEAKLY_RHYTHMIC,1.291012890968692,True,,0.7642841762134011,0.5832417042281479,0.28280710236481543,0.4764930875472523,0.1410462880441231,29.661291227054107,29.661291227054107,50.57096093752816,True
pink,gamma=1,neg,True,97,11393,,WEAKLY_RHYTHMIC,1.4025145770756833,True,,0.902221417850093,0.3592377893617346,0.8869327377539732,0.8523183451466588,0.16736809997901317,67.14702667571106,67.14702667571106,22.339038290471194,True
pink,gamma=1,neg,True,98,11394,,WEAKLY_RHYTHMIC,1.4310580430905313,True,,0.6791438371660107,0.4855696887514476,0.5069323651440281,0.6197178290777614,0.17576485401640407,44.20502278794217,44.20502278794217,33.932795537640935,True
pink,gamma=1,neg,True,99,11395,,WEAKLY_RHYTHMIC,1.1557223437944124,True,,0.5870075757183302,0.5462424671364247,0.5129246723104383,0.6425816324301241,0.1184444468771412,39.44211376813399,39.44211376813399,38.03041613890069,True
brown,gamma=2,neg,True,0,11396,,WEAKLY_RHYTHMIC,1.405853316615834,True,,0.7617255343596501,0.98323772125533,0.26870055818704974,0.22418530926880434,0.3366172118656482,20.332651403349633,20.332651403349633,73.77296596708915,True
brown,gamma=2,neg,True,1,11397,,ARRHYTHMIC,0.31687634086411687,True,,0.8019105318403443,0.9801095986863662,0.19963085382361762,0.39816031046842937,0.06337526817282338,23.45156405155901,23.45156405155901,63.96161879447367,True
brown,gamma=2,neg,True,2,11398,,WEAKLY_RHYTHMIC,1.5993816644307648,True,,0.9838014292565211,0.8874071502107462,0.4539233125882954,0.6240353418791409,0.2650530347752786,57.99377608275976,57.99377608275976,25.864844493992454,True
brown,gamma=2,neg,True,3,11399,,RHYTHMIC,2.133226572042805,True,,0.7343090815698962,0.9676287864537477,0.2566411273451356,0.39662930021498183,0.5631269078070198,24.081513163145434,24.081513163145434,62.28844466034691,True
brown,gamma=2,neg,True,4,11400,,WEAKLY_RHYTHMIC,1.5281989272225591,True,,0.907816874984664,0.9177145284798147,0.5075913709042391,0.5298843398728994,0.39687225707394724,37.61125823270238,37.61125823270238,39.88167560679409,True
brown,gamma=2,neg,True,5,11401,,RHYTHMIC,2.0064838692767886,True,,0.9727743713294175,0.9806091365943634,0.26179881010975925,0.3522693542468759,0.5211304285937092,16.979504522415912,16.979504522415912,88.34180043473813,True
brown,gamma=2,neg,True,6,11402,,WEAKLY_RHYTHMIC,1.489349608932577,True,,0.8540499686323905,0.9657299833251405,0.42710674961147943,0.5888619332906138,0.1958286956188714,44.39838653710047,44.39838653710047,33.78501150591497,True
brown,gamma=2,neg,True,7,11403,,WEAKLY_RHYTHMIC,1.217560081749891,True,,0.9911401728134644,0.9557112488325336,0.38341602083765897,0.26623375792226955,0.24145176381664393,22.14391118302686,22.14391118302686,67.73871099834156,True
brown,gamma=2,neg,True,8,11404,,WEAKLY_RHYTHMIC,1.4704471856266372,True,,1.0102925108427425,0.9387172550954224,0.3031536732124564,0.47209644291256037,0.36905322524167405,27.74966744834836,27.74966744834836,54.05470183713062,True
brown,gamma=2,neg,True,9,11405,,WEAKLY_RHYTHMIC,1.541162878630389,True,,1.0303354654215953,0.9086963649897012,0.4631823770682444,0.5448556543414791,0.22988854057166314,63.91422081286568,63.91422081286568,23.468955436253335,True
brown,gamma=2,neg,True,10,11406,,ARRHYTHMIC,0.29363618032321026,True,,0.7305788581632076,0.9708478595626341,0.21055346620164064,0.27994393656057065,0.05872723606464205,21.498846562424053,21.498846562424053,69.77118496309092,True
brown,gamma=2,neg,True,11,11407,,WEAKLY_RHYTHMIC,1.0453991564743537,True,,2.411296253375713,0.03696089561257619,0.3173972284632051,0.3403498118252769,0.10475582614265037,24.99113032891961,24.99113032891961,60.021294765695636,True
brown,gamma=2,neg,True,12,11408,,WEAKLY_RHYTHMIC,1.156442735097529,True,,0.8105830334347556,0.963981940037284,0.31493201409826954,0.29636399376976985,0.23021117553979928,22.362657272400288,22.362657272400288,67.07610735738821,True
brown,gamma=2,neg,True,13,11409,,WEAKLY_RHYTHMIC,1.0480432978932812,True,,0.8620128777900042,0.9618017726723,0.20632695192965242,0.26261698609478756,0.16175196438477107,35.59727634927912,35.59727634927912,42.13805531867262,True
brown,gamma=2,neg,True,14,11410,,WEAKLY_RHYTHMIC,1.5424943010540106,True,,6.254867381538928,0.010079951241408924,0.1015961672513168,0.2642980001728301,0.4371530244557914,12.583646263030149,12.583646263030149,119.20233361985807,True
brown,gamma=2,neg,True,15,11411,,WEAKLY_RHYTHMIC,1.1541613251253522,True,,0.7523242725380904,0.9554574101058715,0.20107691971633335,0.2764062137552668,0.23645170874888138,24.971892296480792,24.971892296480792,60.06753441794197,True
brown,gamma=2,neg,True,16,11412,,WEAKLY_RHYTHMIC,1.1948042587329075,True,,0.8385780168235702,0.94622087200004,0.12899801322473076,0.279458734891019,0.24838680801424873,33.21732331728076,33.21732331728076,45.157160487390925,True
brown,gamma=2,neg,True,17,11413,,WEAKLY_RHYTHMIC,1.4614809256657117,True,,0.9373721108994435,0.9677222327315823,0.29425407604551296,0.5131057355054077,0.18569444382934622,45.424105593055245,45.424105593055245,33.02211414877766,True
brown,gamma=2,neg,True,18,11414,,RHYTHMIC,2.0288441168134472,True,,0.9935715154337402,0.9574914416238328,0.24607814083923246,0.3600954408847064,0.44592195318901207,33.16137935838043,33.16137935838043,45.233341586586484,True
brown,gamma=2,neg,True,19,11415,,WEAKLY_RHYTHMIC,1.376512498225388,True,,0.8499205312805117,0.9378918860550564,0.17104907847227527,0.38998922289120863,0.320776277681183,39.274979300602205,39.274979300602205,38.19225437445362,True
brown,gamma=2,neg,True,20,11416,,WEAKLY_RHYTHMIC,1.3605130780431354,True,,0.6965598907188612,0.9716213735588816,0.3191677760816806,0.36916609757025204,0.3127507273924996,20.714938839250717,20.714938839250717,72.41150995617696,True
brown,gamma=2,neg,True,21,11417,,WEAKLY_RHYTHMIC,1.195800580799021,True,,0.975859720666668,0.9088727829040152,0.3264255525197704,0.5232525043549952,0.12434726712356507,56.83899346403376,56.83899346403376,26.39033361752194,True
brown,gamma=2,neg,True,22,11418,,WEAKLY_RHYTHMIC,1.6123300413308834,True,,0.7466358316612892,0.9622136681832818,0.5617366914571861,0.6503617804742209,0.25795137787643696,38.73462658411375,38.73462658411375,38.7250409331478,True
brown,gamma=2,neg,True,23,11419,,WEAKLY_RHYTHMIC,1.2802336672972574,True,,0.951396220192287,0.9463937955138044,0.20014885216355074,0.26280861933848554,0.27786795646441875,27.686256124307057,27.686256124307057,54.17850623302874,True
brown,gamma=2,neg,True,24,11420,,WEAKLY_RHYTHMIC,1.4891629104781337,True,,0.7767144033587294,0.9519692192446092,0.23554990174650425,0.2885396366053865,0.39151425004632334,24.15377599329776,24.15377599329776,62.10209121821048,True
brown,gamma=2,neg,True,25,11421,,WEAKLY_RHYTHMIC,1.4403009212883084,True,,0.9033675695694479,0.924613002173827,0.3417988191024076,0.44666859301510187,0.19433906434866371,30.140199617689454,30.140199617689454,49.7674208872738,True
brown,gamma=2,neg,True,26,11422,,WEAKLY_RHYTHMIC,1.5279118740036477,True,,0.8377648700203995,0.9475051746771636,0.36105812882279237,0.52956214366199,0.22522466497243138,37.629550486509274,37.629550486509274,39.862288563286754,True
brown,gamma=2,neg,True,27,11423,,WEAKLY_RHYTHMIC,1.315520196606353,True,,0.7868300198877212,0.9380796472222211,0.16707732521405108,0.3652408716232406,0.21665987357716346,28.392223279655102,28.392223279655102,52.83136812589272,True
brown,gamma=2,neg,True,28,11424,,WEAKLY_RHYTHMIC,1.3787461993010326,True,,0.8518927396487688,0.9632432176891498,0.21873354792004465,0.42112830210054436,0.1609648100140246,35.36413952170078,35.36413952170078,42.41584894436759,True
brown,gamma=2,neg,True,29,11425,,WEAKLY_RHYTHMIC,1.5432562780834824,True,,1.0146687487370103,0.9242308908040708,0.3298159994123116,0.3462808246486355,0.4378823186902075,31.293456117933165,31.293456117933165,47.93334409427546,True
brown,gamma=2,neg,True,30,11426,,WEAKLY_RHYTHMIC,1.4643727994729758,True,,0.8426360367681219,0.9785456840373912,0.2066654347342479,0.35447050666564656,0.37339403189982195,17.911238984600953,17.911238984600953,83.74630036981881,True
brown,gamma=2,neg,True,31,11427,,WEAKLY_RHYTHMIC,1.518784096536064,True,,1.0125529731930425,0.939344259131476,0.3328118167476476,0.5195173272546173,0.21630947833735997,50.78856573676877,50.78856573676877,29.5342067301984,True
brown,gamma=2,neg,True,32,11428,,WEAKLY_RHYTHMIC,1.5161238392773908,True,,0.964055632205811,0.9554006541243889,0.24770674547938246,0.5166611217768116,0.3148758538358932,26.487576187218128,26.487576187218128,56.63032318992787,True
brown,gamma=2,neg,True,33,11429,,WEAKLY_RHYTHMIC,1.0541422453399294,True,,3.3787564738794376,0.02510782551706904,0.33565271154392534,0.2836484048678359,0.10572414245938994,22.19964351126836,22.19964351126836,67.56865258843513,True
brown,gamma=2,neg,True,34,11430,,WEAKLY_RHYTHMIC,1.4160708649684033,True,,0.9069606370043135,0.9102676372015766,0.5595196513851555,0.6590399960114695,0.17125365733735645,40.189575678249625,40.189575678249625,37.32311114724686,True
brown,gamma=2,neg,True,35,11431,,WEAKLY_RHYTHMIC,1.473202696546827,True,,0.7729056521587653,0.9482329538661484,0.3071767746902765,0.36438394887025133,0.379652664675756,33.003903929919545,33.003903929919545,45.44916877667256,True
brown,gamma=2,neg,True,36,11432,,WEAKLY_RHYTHMIC,1.1939115353855363,True,,0.8850395786887871,0.9320774936113982,0.20992615873176765,0.31013965709032953,0.14461311447592942,34.70562767181823,34.70562767181823,43.220656147879865,True
brown,gamma=2,neg,True,37,11433,,WEAKLY_RHYTHMIC,1.4761429748379318,True,,0.7195475723702951,0.9612150483581529,0.382680821664653,0.5100461480467534,0.1908917800024969,41.99465249146874,41.99465249146874,35.718833494448525,True
brown,gamma=2,neg,True,38,11434,,WEAKLY_RHYTHMIC,1.5038420936207784,True,,1.0134499068155556,0.9711650972807726,0.1870066141737628,0.21568689760245893,0.4030974764859168,17.636635897215918,17.636635897215918,85.05023343123996,True
brown,gamma=2,neg,True,39,11435,,WEAKLY_RHYTHMIC,1.4882161066380706,True,,0.8985598316556952,0.9499870097563685,0.43832480521121014,0.488487432376466,0.368357954848617,28.015865325572783,28.015865325572783,53.54109118417289,True
brown,gamma=2,neg,True,40,11436,,WEAKLY_RHYTHMIC,1.5011741707296244,True,,1.0054771298069194,0.9572486099466739,0.2142189513375142,0.34351826770376304,0.40094154765910345,23.79201233896573,23.79201233896573,63.046369454985204,True
brown,gamma=2,neg,True,41,11437,,RHYTHMIC,2.100503085403953,True,,0.8816495008456966,0.9777481667004523,0.15468935148400453,0.41731075008326685,0.4402012341615813,19.57594416246682,19.57594416246682,76.62465664751778,True
brown,gamma=2,neg,True,42,11438,,RHYTHMIC,2.107119702970609,True,,0.9214916762459707,0.963377422102001,0.45825333020897957,0.38749189603971296,0.8315708243642248,29.845561527126637,29.845561527126637,50.25872938046918,True
brown,gamma=2,neg,True,43,11439,,WEAKLY_RHYTHMIC,1.4148389028592134,True,,0.8787247243376236,0.9396596154825784,0.30331957673795,0.42723277610481913,0.2875605070348965,39.51401864870671,39.51401864870671,37.96121101565292,True
brown,gamma=2,neg,True,44,11440,,WEAKLY_RHYTHMIC,1.567796082770919,True,,0.8910718019766772,0.9677515028000506,0.17342946193761846,0.28522632528982306,0.4627445333726442,22.357849133777293,22.357849133777293,67.09053232378527,True
brown,gamma=2,neg,True,45,11441,,WEAKLY_RHYTHMIC,1.4894798756300225,True,,0.8465705607313337,0.9608322287404549,0.2895239894307691,0.38946941508116967,0.3917573283654898,23.299425755313926,23.299425755313926,64.3792690752429,True
brown,gamma=2,neg,True,46,11442,,WEAKLY_RHYTHMIC,1.2616229663641265,True,,0.9495505972705153,0.9768634383317132,0.35629130209689824,0.33858041164818536,0.21156385803334815,17.94063993507186,17.94063993507186,83.60905772751588,True
brown,gamma=2,neg,True,47,11443,,RHYTHMIC,2.1975107635874997,True,,0.9755008788472473,0.9598464718642689,0.6575119242220674,0.6177503201899855,0.4790043054349999,53.184575130857475,53.184575130857475,28.203666125175193,True
brown,gamma=2,neg,True,48,11444,,WEAKLY_RHYTHMIC,1.4752039909029082,True,,2.8954355769912197,0.04526114435699754,0.29611351979670003,0.36644016211034924,0.38110045909857193,21.30223934893798,21.30223934893798,70.41513220415403,True
brown,gamma=2,neg,True,49,11445,,WEAKLY_RHYTHMIC,1.4867568057092126,True,,0.7665957452838417,0.9330644981500018,0.32238660179759965,0.48709851933927045,0.2769918923687584,39.37419659415206,39.37419659415206,38.09601540473802,True
brown,gamma=2,neg,True,50,11446,,WEAKLY_RHYTHMIC,1.5906097693252303,True,,0.7331239617690373,0.965146511401088,0.1700666992417831,0.2820611328515419,0.48853144265400233,39.360457567434764,39.360457567434764,38.109313069598024,True
brown,gamma=2,neg,True,51,11447,,WEAKLY_RHYTHMIC,1.4666613050275465,True,,0.8908343193092674,0.9571279337559586,0.2931721316021291,0.3405377414210218,0.3749962301353924,17.985503918519328,17.985503918519328,83.4004989126537,True
brown,gamma=2,neg,True,52,11448,,WEAKLY_RHYTHMIC,1.5496996498615485,True,,0.9390944661667652,0.9570561661654914,0.5021142659056087,0.5551850002406924,0.32761368230145677,32.230979581235374,32.230979581235374,46.53907574293176,True
brown,gamma=2,neg,True,53,11449,,WEAKLY_RHYTHMIC,1.2147401902540362,True,,0.871017566600263,0.9700367425721897,0.06445080296678894,0.3183659686860537,0.2424764198862198,30.145354185832566,30.145354185832566,49.7589111328125,True
brown,gamma=2,neg,True,54,11450,,ARRHYTHMIC,0.13197621467707182,True,,0.775339516408274,0.9787738686704333,0.29440994692655753,0.2789729321593509,0.026395242935414367,25.920281288288795,25.920281288288795,57.86974235799379,True
brown,gamma=2,neg,True,55,11451,,RHYTHMIC,2.1457259986353936,True,,0.959487375808594,0.9718232573824843,0.36822454972303714,0.4084128196664551,0.45829039945415756,24.399106478034252,24.399106478034252,61.4776611328125,True
brown,gamma=2,neg,True,56,11452,,RHYTHMIC,2.004141631288512,True,,1.0304418489403073,0.9158261926074869,0.5485360041251552,0.7259569736966682,0.4016566525154047,45.467319196871756,45.467319196871756,32.9907288684661,True
brown,gamma=2,neg,True,57,11453,,WEAKLY_RHYTHMIC,1.304446186982622,True,,0.7483444017675025,0.9709158135343525,0.3313127511517857,0.3978065447543831,0.1437703282312415,28.115907029948335,28.115907029948335,53.35058187531489,True
brown,gamma=2,neg,True,58,11454,,WEAKLY_RHYTHMIC,1.4416298841780315,True,,0.9731653505057354,0.9622745913563395,0.5372780374507945,0.42305979683755285,0.2760398870669184,26.50787479983548,26.50787479983548,56.58695807667349,True
brown,gamma=2,neg,True,59,11455,,RHYTHMIC,2.006300260817877,True,,0.9115174260420227,0.9428264570229008,0.4717126766455596,0.6308157501510976,0.40252010432715085,37.74471729896992,37.74471729896992,39.74066061003287,True
brown,gamma=2,neg,True,60,11456,,ARRHYTHMIC,0.3602706553987468,True,,0.7211645005760404,0.9802759299355087,0.12938653437537606,0.1968365674762992,0.07205413107974937,17.87248422890325,17.87248422890325,83.92789613288403,True
brown,gamma=2,neg,True,61,11457,,WEAKLY_RHYTHMIC,1.2743725063761158,True,,0.880227117126785,0.9622298736451507,0.32075040621723333,0.3445293931070133,0.18428473044910354,30.99081242098564,30.99081242098564,48.40144167967229,True
brown,gamma=2,neg,True,62,11458,,WEAKLY_RHYTHMIC,1.317937993757821,True,,0.928987972629788,0.960476533402329,0.2771954361533358,0.36653559018391174,0.21857953636300162,24.266376646445252,24.266376646445252,61.81392557507068,True
brown,gamma=2,neg,True,63,11459,,ARRHYTHMIC,0.29994837394018614,True,,2.5868143044586906,0.03305221162163316,0.21015306713694243,0.5231882476639496,0.05998967478803723,31.710977545603704,31.710977545603704,47.30223146993318,True
brown,gamma=2,neg,True,64,11460,,WEAKLY_RHYTHMIC,1.3689797778347275,True,,0.9428085100513599,0.945303951466978,0.4252852529269439,0.396183816648782,0.3048345151866377,24.58199731741336,24.58199731741336,61.02026538492184,True
brown,gamma=2,neg,True,65,11461,,WEAKLY_RHYTHMIC,1.2062360373703616,True,,0.9100557161229589,0.9612361850497948,0.2924599926942913,0.2841241427918874,0.2519640717089569,24.664534933917725,24.664534933917725,60.81606663246901,True
brown,gamma=2,neg,True,66,11462,,WEAKLY_RHYTHMIC,1.3718941498861899,True,,0.7329162151921307,0.9634199766290771,0.24793594000441327,0.380740491558926,0.31841766791976356,25.879542238737383,25.879542238737383,57.960839730570996,True
brown,gamma=2,neg,True,67,11463,,WEAKLY_RHYTHMIC,1.4958750640725702,True,,0.7221832805725767,0.9633487403317063,0.4037611359204875,0.4959088158178078,0.2893478645635851,27.050842439044704,27.050842439044704,55.45113810706785,True
brown,gamma=2,neg,True,68,11464,,WEAKLY_RHYTHMIC,1.2113020601121591,True,,0.7962218761147769,0.9430100738087617,0.28593064996456025,0.3169781323830413,0.13629790103101444,37.82493464771058,37.82493464771058,39.65638047945154,True
brown,gamma=2,neg,True,69,11465,,WEAKLY_RHYTHMIC,1.501511376401318,True,,0.9332810158012312,0.9656897061544869,0.14286302010215593,0.5015159587699384,0.23163046679448226,20.811205593994902,20.811205593994902,72.07655477839432,True
brown,gamma=2,neg,True,70,11466,,WEAKLY_RHYTHMIC,1.2820176794211862,True,,0.912716557007898,0.9634436939391591,0.292333184596198,0.34819798877284086,0.2062832760805989,20.36817463747585,20.36817463747585,73.64430179423724,True
brown,gamma=2,neg,True,71,11467,,WEAKLY_RHYTHMIC,1.4207960319599913,True,,0.8997100655315179,0.9207799785531202,0.2624048965655608,0.4204965924507399,0.3453015017780144,48.90275436249121,48.90275436249121,30.673118918440956,True
brown,gamma=2,neg,True,72,11468,,WEAKLY_RHYTHMIC,1.4999359705538065,True,,1.0088842037092465,0.8991779531661453,0.5498492641648214,0.4999359787522966,0.32486710968305177,145.26358196514713,145.26358196514713,10.326056811402962,True
brown,gamma=2,neg,True,73,11469,,WEAKLY_RHYTHMIC,1.382574650995883,True,,0.943786521149651,0.9337572988441377,0.5039761333030083,0.5298877177844369,0.16196289990570698,37.745064863521584,37.745064863521584,39.7402946696129,True
brown,gamma=2,neg,True,74,11470,,WEAKLY_RHYTHMIC,1.498391458066929,True,,0.8988810019730197,0.9512282346830913,0.21848353933057651,0.32913339126781943,0.39871729302944314,30.486294289229534,30.486294289229534,49.2024378486018,True
brown,gamma=2,neg,True,75,11471,,WEAKLY_RHYTHMIC,1.5463607884285335,True,,0.894426574728669,0.9482451399545835,0.370435591295949,0.5510987446035953,0.2672773061616258,36.76872808006154,36.76872808006154,40.79553681416029,True
brown,gamma=2,neg,True,76,11472,,WEAKLY_RHYTHMIC,1.5537535152521098,True,,0.765459569466728,0.9689152007847199,0.4320086415208904,0.5602285027326077,0.274562280264572,33.117842074041334,33.117842074041334,45.29280611479638,True
brown,gamma=2,neg,True,77,11473,,WEAKLY_RHYTHMIC,1.5522076223607741,True,,0.8741754568811408,0.9102045502953053,0.45784658239503906,0.5582944518127063,0.2839375577768356,48.63561486187022,48.63561486187022,30.841596312910667,True
brown,gamma=2,neg,True,78,11474,,ARRHYTHMIC,0.08249484209262721,True,,0.9430867465795512,0.9376130173220175,0.4096833512426587,0.47181210179907696,0.016498968418525443,48.323441594804706,48.323441594804706,31.04083547230763,True
brown,gamma=2,neg,True,79,11475,,RHYTHMIC,2.095048286159888,True,,0.8113194303041437,0.9600648241112462,0.22627451236285892,0.41106546644135483,0.43801931446395526,21.907315109998308,21.907315109998308,68.47028001689779,True
brown,gamma=2,neg,True,80,11476,,WEAKLY_RHYTHMIC,1.4652069220151283,True,,0.9475639281246959,0.958224751484045,0.49688351778387874,0.467470523257356,0.32573647300203135,29.677981452924858,29.677981452924858,50.5425209723005,True
brown,gamma=2,neg,True,81,11477,,WEAKLY_RHYTHMIC,1.505488917837928,True,,0.7871697186570127,0.9725722798143769,0.3914476324678572,0.5055498431035457,0.3196500678568478,22.93040447967196,22.93040447967196,65.4153310435394,True
brown,gamma=2,neg,True,82,11478,,WEAKLY_RHYTHMIC,1.4581682464781176,True,,0.9440992117405085,0.9268062882042831,0.21344469868193516,0.4590437669720363,0.36911827093928856,43.789062289803475,43.789062289803475,34.2551295132274,True
brown,gamma=2,neg,True,83,11479,,WEAKLY_RHYTHMIC,1.3983687756362082,True,,0.8467404999260992,0.9520132142920927,0.3882057458714115,0.4155369433565686,0.2459922218036611,24.36282527881041,24.36282527881041,61.5692138671875,True
brown,gamma=2,neg,True,84,11480,,WEAKLY_RHYTHMIC,1.5233686014770793,True,,0.852198656506806,0.9436085259965578,0.5227615189617419,0.524514332825637,0.22920492296416578,29.942310483925947,29.942310483925947,50.09633444303675,True
brown,gamma=2,neg,True,85,11481,,WEAKLY_RHYTHMIC,1.4985415061982503,True,,1.0023739969051857,0.9544705580895445,0.33242540437021156,0.49854574823262815,0.357333206441546,25.014618004014736,25.014618004014736,59.96493729223675,True
brown,gamma=2,neg,True,86,11482,,WEAKLY_RHYTHMIC,1.2204227064491002,True,,0.8756805858568459,0.932415596388564,0.38030575604139377,0.32068661063904774,0.1291201557355256,59.36997946571242,59.36997946571242,25.265294236227348,True
brown,gamma=2,neg,True,87,11483,,WEAKLY_RHYTHMIC,1.6089287779806138,True,,0.954188323751874,0.9332192540618081,0.6227342484563065,0.6392697440355428,0.2770348911050064,67.90300670808809,67.90300670808809,22.090332559917872,True
brown,gamma=2,neg,True,88,11484,,RHYTHMIC,2.1389249094753477,True,,0.9793920798938923,0.9708797085298531,0.34404254235895576,0.3986237183163718,0.4912037929162137,16.99496142963193,16.99496142963193,88.26145362028554,True
brown,gamma=2,neg,True,89,11485,,WEAKLY_RHYTHMIC,1.2228328844212744,True,,0.9343238761703209,0.9453497687178474,0.27994284173273953,0.3114236183732617,0.257344908181129,24.80088981419667,24.80088981419667,60.4817009082215,True
brown,gamma=2,neg,True,90,11486,,WEAKLY_RHYTHMIC,1.4174286655369337,True,,0.7865750312145282,0.9606651483473561,0.4063443744477798,0.4291319967372157,0.285057878047515,26.700147692504764,26.700147692504764,56.17946452112991,True
brown,gamma=2,neg,True,91,11487,,WEAKLY_RHYTHMIC,1.5474362916017637,True,,0.8290102453715249,0.9736195102080637,0.1989616469306892,0.2741736798539397,0.4419267305101909,17.867154656919904,17.867154656919904,83.9529308836566,True
brown,gamma=2,neg,True,92,11488,,WEAKLY_RHYTHMIC,1.3648561380986286,True,,0.7371584321982222,0.9478224867695738,0.46365721151333444,0.39361161304715775,0.28910431739007214,23.086600669888107,23.086600669888107,64.97275287290141,True
brown,gamma=2,neg,True,93,11489,,WEAKLY_RHYTHMIC,1.3217949767472899,True,,0.9478968804665732,0.9697928371359884,0.27069397975908105,0.3863275221367535,0.14744803794049513,20.960438750287395,20.960438750287395,71.56338747820502,True
brown,gamma=2,neg,True,94,11490,,WEAKLY_RHYTHMIC,1.5396939316722862,True,,0.8566578470803893,0.9112218705816807,0.4115614790716427,0.6209757252755468,0.21724675575818234,49.80325843538663,49.80325843538663,30.118511260584654,True
brown,gamma=2,neg,True,95,11491,,WEAKLY_RHYTHMIC,1.6412832816065956,True,,0.8447135821972087,0.9715541455956332,0.1966318026198376,0.30084728086806783,0.5575430130375472,25.602239345881014,25.602239345881014,58.588624992341764,True
brown,gamma=2,neg,True,96,11492,,WEAKLY_RHYTHMIC,1.5750754047293987,True,,1.0555396847915672,0.9063508759459403,0.48938676084313987,0.5883396790453952,0.2689967167408825,66.42386467080883,66.42386467080883,22.582245213130488,True
brown,gamma=2,neg,True,97,11493,,WEAKLY_RHYTHMIC,1.3221664975021064,True,,0.8948538613035262,0.9729094663152632,0.29376198642166346,0.3688221356405688,0.2691428175170302,21.001783595305515,21.001783595305515,71.42250529308815,True
brown,gamma=2,neg,True,98,11494,,WEAKLY_RHYTHMIC,1.4005477193961702,True,,0.8287909272791149,0.9604727400018214,0.30650058169019406,0.41704737489391885,0.2617577613493852,39.90299691995812,39.90299691995812,37.59116146110196,True
brown,gamma=2,neg,True,99,11495,,WEAKLY_RHYTHMIC,1.4959227630631604,True,,0.9354780528431168,0.9729048781396307,0.09949135612410766,0.3460593927122906,0.396764593488398,19.139727324315736,19.139727324315736,78.37102245936131,True
ar2,rho=0.9,neg,True,0,11496,36.87657879079835,WEAKLY_RHYTHMIC,1.61348934266675,True,,0.9762052047287045,0.7739353393083106,0.5199803224637629,0.646812695217482,0.3898651756788468,38.26664759396544,38.26664759396544,39.19862580898115,True
ar2,rho=0.9,neg,True,1,11497,16.09010518901837,WEAKLY_RHYTHMIC,1.600687142887406,True,,4.967500685716276,0.3872470200695709,0.15758318630762996,0.2890793213645731,0.5008604066650582,15.414296585737013,15.414296585737013,97.31225759519663,True
ar2,rho=0.9,neg,True,2,11498,45.637684690159716,RHYTHMIC,2.0210009391326547,True,,0.6403631191732758,0.8348940542823338,0.7069708657620212,0.8024095050793549,0.40840037565306186,70.22491657661494,70.22491657661494,21.359939934759616,True
ar2,rho=0.9,neg,True,3,11499,28.589891332087284,WEAKLY_RHYTHMIC,1.4265445100413623,True,,1.0675660248157632,0.7160664147019925,0.40001641663266324,0.43595362565633833,0.2664582609471692,30.36541020408979,30.36541020408979,49.398311760595654,True
ar2,rho=0.9,neg,True,4,11500,48.8111094461521,RHYTHMIC,2.1550013289066756,True,,1.1804563022132528,0.7739581309253696,0.7537004237685988,0.8196528453955395,0.46200053156267024,58.917906583442054,58.917906583442054,25.459153031441062,True
ar2,rho=0.9,neg,True,5,11501,99.87757987479493,WEAKLY_RHYTHMIC,1.672109710266342,True,,0.38935752809811064,0.9120303130980004,0.9236589953472231,0.8798816713003282,0.3049800592790626,116.40363366170875,116.40363366170875,12.8861956694521,True
ar2,rho=0.9,neg,True,6,11502,80.02284655128085,ARRHYTHMIC,0.3206949145233724,True,,0.6890460326514375,0.6528280989527177,0.9683417966903489,0.9299527705476499,0.06413898290467449,117.26541510829247,117.26541510829247,12.791495247040888,True
ar2,rho=0.9,neg,True,7,11503,73.03818038879052,WEAKLY_RHYTHMIC,1.5827410098118384,True,,0.8817966888696427,0.8681120368663224,0.8804366301700581,0.8636613504544126,0.23965930597422314,50.80385600410567,50.80385600410567,29.52531791836389,True
ar2,rho=0.9,neg,True,8,11504,30.84019939648601,WEAKLY_RHYTHMIC,1.0458848145732365,True,,0.20862974501642464,0.8453193619019275,0.8573401890644301,0.8452758941395384,0.10480914833702315,88.1301691129602,88.1301691129602,17.020278244075374,True
ar2,rho=0.9,neg,True,9,11505,65.9877099679703,WEAKLY_RHYTHMIC,1.6538579070700046,True,,0.8989776642219205,0.7908452352646161,0.4915961243835895,0.7763352388331366,0.2888986980853098,61.1554520915582,61.1554520915582,24.527657775373676,True
ar2,rho=0.9,neg,True,10,11506,63.31958941513865,RHYTHMIC,2.032080410551954,False,cycles 9.6 < 10,0.5659461402791569,0.7577151950696994,0.8352684933038158,0.7403654107474443,0.41283216422078156,156.33052001606563,156.33052001606563,9.595055398305139,True
ar2,rho=0.9,neg,True,11,11507,59.49331205116081,WEAKLY_RHYTHMIC,1.6848448918958767,True,,0.6422390300296474,0.9046958326339424,0.7010896892031748,0.7932601870359122,0.3681530930580039,63.743279298893874,63.743279298893874,23.531892561825405,True
ar2,rho=0.9,neg,True,12,11508,29.2124428680496,RHYTHMIC,2.1375498882139228,True,,0.9432801253168644,0.6303740608857339,0.29740821814749385,0.5608583838789721,0.45501995528556904,39.09260155028641,39.09260155028641,38.37043175728504,True
ar2,rho=0.9,neg,True,13,11509,69.11643532373283,WEAKLY_RHYTHMIC,1.5099734711314619,True,,0.4612928604946597,0.840390715059306,0.9303100007187768,0.8382094084333055,0.2040705841597966,120.43803878018502,120.43803878018502,12.454536915348594,True
ar2,rho=0.9,neg,True,14,11510,46.64305836554411,WEAKLY_RHYTHMIC,1.585782924780097,True,,0.9239382174780933,0.8196794623824377,0.5676415946322291,0.6035482720437779,0.27560763935701543,39.096598092408506,39.096598092408506,38.36650944551769,True
ar2,rho=0.9,neg,True,15,11511,90.28911396285439,WEAKLY_RHYTHMIC,1.41614546802129,True,,0.8658881632994598,0.922808743217639,0.36461724917297644,0.6050496642073864,0.17127553957848948,44.600149506600104,44.600149506600104,33.63217425488729,True
ar2,rho=0.9,neg,True,16,11512,16.150642720398263,RHYTHMIC,2.08051433158313,True,,1.3487034097407404,0.6111528988017396,0.257217322733102,0.3781800160540955,0.4548866277573189,17.64566505115778,17.64566505115778,85.0067138671875,True
ar2,rho=0.9,neg,True,17,11513,52.67054786260291,WEAKLY_RHYTHMIC,1.6275229747853595,True,,1.1172025967894874,0.7555266446501282,0.5381994165427504,0.6711823362956066,0.39881544299626653,58.69616740320841,58.69616740320841,25.555331231354092,True
ar2,rho=0.9,neg,True,18,11514,63.99059382030986,WEAKLY_RHYTHMIC,1.4274901164535372,True,,0.6602884108153055,0.7622257352582877,0.7111967729844357,0.7252579838830515,0.174669473617715,112.19924619421943,112.19924619421943,13.369073776159478,True
ar2,rho=0.9,neg,True,19,11515,17.084061795769333,RHYTHMIC,2.113843813475886,True,,1.3479571775979844,0.6549089210581273,0.37436805428858444,0.5275507505698932,0.4455375253903543,20.617424496674282,20.617424496674282,72.75399506092332,True
ar2,rho=0.9,neg,True,20,11516,45.62063737270812,WEAKLY_RHYTHMIC,1.5219719672008565,False,cycles 9.7 < 10,1.0110939004661224,0.4468156148018708,0.7239871423248017,0.7033102335643473,0.20919275259745643,154.27001196520303,154.27001196520303,9.723211795292649,True
ar2,rho=0.9,neg,True,21,11517,84.2167279791926,ARRHYTHMIC,0.12172081378378505,True,,0.7948050044976432,0.7349386415236303,0.7760012244686217,0.8372355412774177,0.02434416275675701,89.31498671358494,89.31498671358494,16.79449390515162,True
ar2,rho=0.9,neg,True,22,11518,56.287181515532275,WEAKLY_RHYTHMIC,1.4879341464733273,True,,0.6512351700527697,0.783993756673182,0.47309392441431863,0.4882184552596376,0.2502956062805614,78.72096813281529,78.72096813281529,19.05464370648049,True
ar2,rho=0.9,neg,True,23,11519,93.30955635505002,WEAKLY_RHYTHMIC,1.6337852698961637,True,,0.9042115169953515,0.7348246824520702,0.9311916500518355,0.9021202353787074,0.27306383872556433,134.4125753470468,134.4125753470468,11.159670113656198,True
ar2,rho=0.9,neg,True,24,11520,42.063023568774184,WEAKLY_RHYTHMIC,1.458830857339413,True,,0.9437469902463541,0.8134778560573875,0.20105650902415761,0.46196277705507727,0.2169892048379743,46.964102820256116,46.964102820256116,31.93928787995571,True
ar2,rho=0.9,neg,True,25,11521,40.49299255992793,WEAKLY_RHYTHMIC,1.4839910823596154,True,,0.6976531527596921,0.9152937300556523,0.2935164726084771,0.41478716380962427,0.38759020079452083,35.651020791475176,35.651020791475176,42.07453157578809,True
ar2,rho=0.9,neg,True,26,11522,87.14212320392046,RHYTHMIC,2.1634789190696324,True,,1.0813775169463038,0.533424049698969,0.362565066957169,0.6279804273867893,0.4653915676278529,130.2693898427812,130.2693898427812,11.514600642639929,True
ar2,rho=0.9,neg,True,27,11523,85.61461797098664,ARRHYTHMIC,0.2796280616168147,True,,0.6580281783159665,0.8196806163688884,0.8715322606097975,0.878347214195907,0.05592561232336295,78.00096623146473,78.00096623146473,19.230531010972484,True
ar2,rho=0.9,neg,True,28,11524,61.564898262244526,WEAKLY_RHYTHMIC,1.538759405051433,False,cycles 9.4 < 10,0.5065765556657025,0.8211199649164157,0.8703259694990951,0.7092746518048726,0.21680658878508088,158.765704151345,158.765704151345,9.447884277136515,True
ar2,rho=0.9,neg,True,29,11525,56.35396719863332,WEAKLY_RHYTHMIC,1.5907138277930688,False,cycles 8.1 < 10,0.4621760851347625,0.7607360322030958,0.9551801308848892,0.7113664419244329,0.2443278243698908,184.91825658736408,184.91825658736408,8.11169231033351,True
ar2,rho=0.9,neg,True,30,11526,19.993327468201983,WEAKLY_RHYTHMIC,1.381288782895465,False,cycles 7.6 < 10,3.430888455547504,0.39573880309248877,0.5579783974840736,0.37832084274873123,0.16162629225955089,196.43004621798065,196.43004621798065,7.6363063028322715,True
ar2,rho=0.9,neg,True,31,11527,44.26694946117265,WEAKLY_RHYTHMIC,1.6325212090653567,False,cycles 9.2 < 10,0.3386111758624502,0.7503604379024114,0.9037406817944503,0.8421567010984775,0.27212454831926647,163.73716321192074,163.73716321192074,9.161023499952721,True
ar2,rho=0.9,neg,True,32,11528,21.103342682856933,RHYTHMIC,2.078734757117033,True,,1.81130704958143,0.5791186839120165,0.4392836956965213,0.5185580908413133,0.4314939028468132,18.51163191667733,18.51163191667733,81.03013320228314,True
ar2,rho=0.9,neg,True,33,11529,53.642399376040316,WEAKLY_RHYTHMIC,1.651437293918988,True,,0.4715646160534704,0.7670620182414658,0.9563170242400005,0.9006551945152454,0.28689242496516054,129.19025383237027,129.19025383237027,11.610782977068165,True
ar2,rho=0.9,neg,True,34,11530,73.9890208735965,WEAKLY_RHYTHMIC,1.6628917468629527,True,,0.8938887990037377,0.952809702823095,0.6204476496890624,0.7416015409695872,0.3438370646914079,33.41790106102877,33.41790106102877,44.886122478508,True
ar2,rho=0.9,neg,True,35,11531,97.67035932178418,WEAKLY_RHYTHMIC,1.653112956227847,False,cycles 3.8 < 10,0.6143061393525264,0.8904814180457844,0.0,0.7206956976006528,0.3021569017009941,395.1718270884741,395.1718270884741,3.7958171538989,True
ar2,rho=0.9,neg,True,36,11532,16.99117026079463,RHYTHMIC,2.301725064070446,True,,2.933512004879703,0.541223551569006,0.26837057319060864,0.4556037724246561,0.598021194177461,18.83148089238602,18.83148089238602,79.65385242785038,True
ar2,rho=0.9,neg,True,37,11533,38.42074670109519,WEAKLY_RHYTHMIC,1.6322578139614703,True,,1.9937498729576901,0.45790920672826785,0.5053058241691276,0.6798240982170224,0.30617125971699666,50.42643922740188,50.42643922740188,29.74630021437039,True
ar2,rho=0.9,neg,True,38,11534,80.54229784099773,WEAKLY_RHYTHMIC,1.6196848219349391,True,,0.8143938671282638,0.8106143609322495,0.6187581232322199,0.6573495206579221,0.2661084652409932,55.9338668913593,55.9338668913593,26.817384231872605,True
ar2,rho=0.9,neg,True,39,11535,93.37632628628246,WEAKLY_RHYTHMIC,1.5916337725315766,True,,0.6247449588655696,0.7588854708896964,0.7121989309920351,0.7599929342131321,0.24487823251185098,83.58134301828166,83.58134301828166,17.946588865793967,True
ar2,rho=0.9,neg,True,40,11536,37.631286009692104,WEAKLY_RHYTHMIC,1.6403080528699774,True,,2.5725978788860258,0.49447960633722315,0.5057412669955799,0.6950391911599543,0.36676347441602114,33.12480111812653,33.12480111812653,45.28329074794569,True
ar2,rho=0.9,neg,True,41,11537,65.4665390173299,WEAKLY_RHYTHMIC,1.2930329742311781,False,cycles 6.6 < 10,0.8181850003063782,0.8813147061564225,0.00411863234416428,0.14144931284631085,0.28570198813123826,227.79223481687578,227.79223481687578,6.584947907490628,True
ar2,rho=0.9,neg,True,42,11538,55.910377617272474,WEAKLY_RHYTHMIC,1.5700776213516892,True,,0.7025790321304177,0.7711049140866328,0.7573666406624397,0.7943104421258417,0.23260012729368285,120.07395483530881,120.07395483530881,12.492301116069441,True
ar2,rho=0.9,neg,True,43,11539,33.46578680581666,WEAKLY_RHYTHMIC,1.6729864052647636,True,,1.134706002942261,0.6784410196732924,0.6705843209739892,0.7644942107144208,0.3208988507311307,47.35611560291435,47.35611560291435,31.67489522531042,True
ar2,rho=0.9,neg,True,44,11540,54.073021035477076,ARRHYTHMIC,0.41501113859889893,False,cycles 3.9 < 10,0.7184362539010007,0.7870636180064707,0.0,0.37416619183401384,0.08300222771977979,387.22529034650734,387.22529034650734,3.8737139267368867,True
ar2,rho=0.9,neg,True,45,11541,51.85763799100453,WEAKLY_RHYTHMIC,1.1234042915164386,True,,1.0645694688863716,0.7024329432763885,0.3987662653540262,0.6252625536060956,0.11407767461352486,92.90927444170997,92.90927444170997,16.144782197616664,True
ar2,rho=0.9,neg,True,46,11542,34.981534016823076,RHYTHMIC,2.310200103711222,True,,1.4099134031145286,0.6931580758194031,0.6481829656359482,0.7631317359546864,0.5240800414844888,37.323050066337814,37.323050066337814,40.18964145036129,True
ar2,rho=0.9,neg,True,47,11543,39.98025782647075,RHYTHMIC,2.0463755697816834,True,,1.3321957761805518,0.6662378586594128,0.421074690061301,0.6795799279357828,0.4185502279126733,50.26920629166574,50.26920629166574,29.839341232023568,True
ar2,rho=0.9,neg,True,48,11544,22.851470486828777,RHYTHMIC,2.024949309731327,True,,1.1543913831964094,0.7816656474041188,0.3833337332231371,0.46082276643060743,0.4099797238925308,24.876283124285642,24.876283124285642,60.298397172349866,True
ar2,rho=0.9,neg,True,49,11545,19.572216310806994,WEAKLY_RHYTHMIC,1.618376710805657,True,,1.0740943180003786,0.6631737182986368,0.7861155450793881,0.5826605113908565,0.26777578989723905,140.52546944659287,140.52546944659287,10.674221590628306,True
ar2,rho=0.95,neg,True,0,11546,38.70632316085847,RHYTHMIC,2.4396570066192527,True,,1.8156054143152587,0.7775957986466313,0.34805015431939845,0.6025782799454596,0.5758628026477011,41.53773327928348,41.53773327928348,36.11174422818372,True
ar2,rho=0.95,neg,True,1,11547,17.0882615872424,RHYTHMIC,2.1992532505643094,True,,4.732095520123877,0.6574332359866192,0.2094855273517178,0.4197386376975082,0.6450702537024376,16.905457283202352,16.905457283202352,88.72874450373101,True
ar2,rho=0.95,neg,True,2,11548,29.012465977994385,WEAKLY_RHYTHMIC,1.4142739049743636,True,,1.2600555519872034,0.828848220213843,0.5091544540132368,0.4132863848689411,0.34145653010601523,104.09331846019383,104.09331846019383,14.410146800859392,True
ar2,rho=0.95,neg,True,3,11549,49.473356667694844,RHYTHMIC,2.1409120359705422,True,,0.9051018569112157,0.8572480864497939,0.6030015279053619,0.6975111051558208,0.4563648143882169,65.06924841673636,65.06924841673636,23.052364004471695,True
ar2,rho=0.95,neg,True,4,11550,20.10956670788742,RHYTHMIC,2.3181612740183195,True,,2.2110028654781466,0.7376553301254257,0.3738944266053202,0.4613564459064118,0.5653998273782652,20.225903975132507,20.225903975132507,74.16232183462509,True
ar2,rho=0.95,neg,True,5,11551,21.978539943276914,RHYTHMIC,2.0418597376512015,True,,2.2822126689276896,0.6774498788313332,0.26505354678081955,0.3646509081779205,0.620151181929116,20.554893194913497,20.554893194913497,72.97532445321532,True
ar2,rho=0.95,neg,True,6,11552,56.96774253598281,RHYTHMIC,2.3807957338414365,True,,1.2286047281509145,0.7638198989715994,0.39803130621146005,0.7642966479101504,0.5523182935365746,70.33551481304148,70.33551481304148,21.326352753472314,True
ar2,rho=0.95,neg,True,7,11553,38.99263565907075,WEAKLY_RHYTHMIC,1.1015681035275127,False,cycles 6.3 < 10,1.2462322128128893,0.7323940251232308,0.9037454828167436,0.7376679842078898,0.11130504203226747,239.40060646003636,239.40060646003636,6.265648287947834,True
ar2,rho=0.95,neg,True,8,11554,98.90771772027612,ARRHYTHMIC,0.0,False,cycles 2.9 < 10,0.7884458146671266,0.8550142591922297,0.0,0.030719368002787698,-0.20441487214767953,520.1269841269841,520.1269841269841,2.8839111328125,True
ar2,rho=0.95,neg,True,9,11555,34.14978084248119,WEAKLY_RHYTHMIC,1.6726972611500481,False,cycles 8.6 < 10,2.3933557012388746,0.5622409203059614,0.9165826141697256,0.7302999978651998,0.3402618552155852,174.71279739214575,174.71279739214575,8.585518762161568,True
ar2,rho=0.95,neg,True,10,11556,33.18403437717038,RHYTHMIC,2.3630952026748204,True,,1.2722547224401537,0.8325273149513583,0.36667047401136693,0.47708332093618716,0.6194706223976703,39.560313782828295,39.560313782828295,37.916787218485005,True
ar2,rho=0.95,neg,True,11,11557,97.38542926074153,WEAKLY_RHYTHMIC,1.5455946540382037,False,cycles 5.6 < 10,0.8070300249009823,0.852125693864745,0.0,0.5501695836585042,0.34547584820898786,269.3229039453831,269.3229039453831,5.569522599177789,True
ar2,rho=0.95,neg,True,12,11558,17.995822458401484,RHYTHMIC,2.055656813233241,True,,2.175090867874587,0.7892963375252456,0.4591651748925552,0.3694798846316344,0.7692578234057318,17.243540141034394,17.243540141034394,86.98909781469149,True
ar2,rho=0.95,neg,True,13,11559,16.476023747495216,WEAKLY_RHYTHMIC,1.6575461622098253,True,,4.3760889667820395,0.6722316669886017,0.2920101601000924,0.23667901078024123,0.7362425026534724,16.472864233186563,16.472864233186563,91.05884555146578,True
ar2,rho=0.95,neg,True,14,11560,56.669876187969784,WEAKLY_RHYTHMIC,1.695134867311188,True,,0.9267200203930683,0.9187735504346888,0.6709251648087945,0.8200347405919487,0.39320475928195564,55.07172322304964,55.07172322304964,27.237208356904876,True
ar2,rho=0.95,neg,True,15,11561,43.634954211570566,WEAKLY_RHYTHMIC,1.611765088704723,True,,0.9578079496541695,0.8994074048242627,0.4718944874590673,0.6439400289013663,0.30004187929139114,94.44029490594248,94.44029490594248,15.88305078350211,True
ar2,rho=0.95,neg,True,16,11562,16.881710771685395,RHYTHMIC,2.353517523610406,True,,3.8694655637924984,0.6450932698298689,0.4294049153446345,0.4737311332636421,0.691235812794027,15.597784500669084,15.597784500669084,96.16750378463402,True
ar2,rho=0.95,neg,True,17,11563,90.90078264130312,WEAKLY_RHYTHMIC,1.0341735269516932,False,cycles 9.0 < 10,0.7095602417908856,0.8624655424200665,0.8675535956398195,0.8252358358097793,0.1035382677846711,165.88195481443648,165.88195481443648,9.042574894164781,True
ar2,rho=0.95,neg,True,18,11564,62.40821799015531,WEAKLY_RHYTHMIC,1.4822702426260155,True,,1.0114443539795623,0.6457502403844237,0.3176304681648075,0.3806666488008091,0.3863019213236552,82.00716712354426,82.00716712354426,18.291084213898543,True
ar2,rho=0.95,neg,True,19,11565,42.610020656675424,RHYTHMIC,2.6547512285874295,True,,1.897577608311308,0.5943973276103759,0.5942896112631193,0.695437396299433,0.6619004914349719,41.22333468763956,41.22333468763956,36.38715818033424,True
ar2,rho=0.95,neg,True,20,11566,22.842473913975265,RHYTHMIC,2.2633490995817254,True,,1.7113007120737256,0.7295138343701654,0.13394915487433962,0.4421721848536039,0.5732383058188513,22.46910244492038,22.46910244492038,66.7583408672876,True
ar2,rho=0.95,neg,True,21,11567,18.94354828934784,RHYTHMIC,2.024573792985594,True,,2.2050875564168164,0.6208478361143785,0.20411584962297422,0.3586008275449577,0.6462510144847708,20.998149308924106,20.998149308924106,71.43486685098041,True
ar2,rho=0.95,neg,True,22,11568,43.75587927221426,WEAKLY_RHYTHMIC,1.6429763933962565,True,,2.892852343045955,0.5225810744762768,0.6517138035840535,0.7002338091258827,0.3991850227953252,44.26746677520647,44.26746677520647,33.88492970734271,True
ar2,rho=0.95,neg,True,23,11569,76.03335248856634,RHYTHMIC,2.079556960248553,True,,0.7712058731108192,0.8690084536151729,0.8849222803119601,0.8327851128870002,0.4318227840994212,90.25059837021092,90.25059837021092,16.620388419442392,True
ar2,rho=0.95,neg,True,24,11570,35.502071884556855,RHYTHMIC,2.2886727411961996,True,,1.4609614154765975,0.814537785364659,0.6040517745849101,0.670186340125605,0.5154690964784798,43.66449364954901,43.66449364954901,34.35285456506131,True
ar2,rho=0.95,neg,True,25,11571,35.3234197741368,WEAKLY_RHYTHMIC,1.5754205550845461,True,,1.4461674450106425,0.696687275643884,0.5507818360965636,0.5888179538455572,0.385626468216449,37.344149111417224,37.344149111417224,40.16693473252561,True
ar2,rho=0.95,neg,True,26,11572,57.56766775034104,RHYTHMIC,2.1317920842581017,True,,0.8790364616569077,0.9198565748156142,0.41310063427606847,0.749159963803341,0.4527168337032407,51.446146794441475,51.446146794441475,29.156702561095756,True
ar2,rho=0.95,neg,True,27,11573,21.9327690690255,RHYTHMIC,2.1537937735288475,True,,4.133692494564,0.5460362514059783,0.35148375466685644,0.4038278207350966,0.6581119075136027,20.00780324963468,20.00780324963468,74.97074922642436,True
ar2,rho=0.95,neg,True,28,11574,24.235286129365914,RHYTHMIC,2.291840624052413,True,,1.3831499230080901,0.8064046417996545,0.4121894581603551,0.4729645666303182,0.5167362496209651,26.144535291622304,26.144535291622304,57.37336629887075,True
ar2,rho=0.95,neg,True,29,11575,85.14077271163177,WEAKLY_RHYTHMIC,1.604862730112773,True,,0.9133589733946367,0.9285196690126015,0.4456011875208439,0.7321436718873346,0.25307660810770954,81.70807075310243,81.70807075310243,18.358039618051382,True
ar2,rho=0.95,neg,True,30,11576,43.3085876655745,RHYTHMIC,2.2899886183214795,True,,1.5758912293261946,0.729395310156995,0.37446244570824944,0.47367923625030145,0.5159954473285917,39.33733493397359,39.33733493397359,38.1317138671875,True
ar2,rho=0.95,neg,True,31,11577,51.491562487054296,RHYTHMIC,2.085015637157256,True,,0.9084050489996033,0.9033148651694013,0.4712078944168947,0.749576005543269,0.43400625486290256,42.310668793185535,42.310668793185535,35.452051285977,True
ar2,rho=0.95,neg,True,32,11578,27.971270529582643,RHYTHMIC,2.14356619376953,True,,1.5947391086428233,0.7793394706338109,0.30834073272488177,0.4002481678193356,0.5171373988037773,29.437439312665774,29.437439312665774,50.95551906087867,True
ar2,rho=0.95,neg,True,33,11579,77.37429598325035,RHYTHMIC,2.299738714856012,True,,0.8235306715279183,0.886578806716557,0.40616949783196166,0.6810178181426338,0.5198954859424048,75.79290961964563,75.79290961964563,19.790769447003758,True
ar2,rho=0.95,neg,True,34,11580,49.04913716842161,WEAKLY_RHYTHMIC,1.6461662810177802,True,,1.0783854851184513,0.8859418943468723,0.632819414322037,0.7065465685947315,0.3776666487652611,46.432756682390746,46.432756682390746,32.30478022789595,True
ar2,rho=0.95,neg,True,35,11581,24.231611576852888,RHYTHMIC,2.29249540113116,True,,1.548934829418648,0.6819002108641294,0.1897906991683081,0.45237339039590596,0.527506048616448,24.821436866774157,24.821436866774157,60.43163447994794,True
ar2,rho=0.95,neg,True,36,11582,27.593341117315962,RHYTHMIC,2.111004597176951,True,,1.6220247556915661,0.826303788541815,0.4881768036454244,0.5425776380991577,0.44440183887078044,45.74475925769951,45.74475925769951,32.79064147107798,True
ar2,rho=0.95,neg,True,37,11583,29.44049583470415,RHYTHMIC,2.239709291758123,True,,1.614512300779004,0.7184742635446342,0.3799405723827149,0.4919698198067364,0.49588371670324927,31.139492592333426,31.139492592333426,48.170341746971864,True
ar2,rho=0.95,neg,True,38,11584,77.72519580741061,WEAKLY_RHYTHMIC,1.3875051180738363,True,,0.9679244650659332,0.9954871165706279,0.07243863091172767,0.2134256319454036,0.3265333407702009,20.494712649181952,20.494712649181952,73.18960873842126,True
ar2,rho=0.95,neg,True,39,11585,49.72922680359705,WEAKLY_RHYTHMIC,1.647616669158358,True,,1.0361730331265635,0.7998303404425945,0.5844502624669223,0.7094546708633838,0.3808312841732012,57.02989998347233,57.02989998347233,26.301992471224928,True
ar2,rho=0.95,neg,True,40,11586,66.12955553281623,ARRHYTHMIC,0.0,True,,0.6105981828320529,0.8351655003174936,0.5462116429317448,0.48003863320840723,-0.049387034906721146,116.98966082772678,116.98966082772678,12.821645856455865,True
ar2,rho=0.95,neg,True,41,11587,61.44354596561318,RHYTHMIC,2.234573912704372,True,,0.7642607698241817,0.7794426701999833,0.9215005572292475,0.8714244267748386,0.49382956508174874,89.53880467295878,89.53880467295878,16.75251311963302,True
ar2,rho=0.95,neg,True,42,11588,52.521185703093195,WEAKLY_RHYTHMIC,1.682894267474505,True,,0.9114873945082745,0.8821404106060455,0.5920191995477806,0.7883805758065265,0.350668737248221,81.61041533090125,81.61041533090125,18.38000693806094,True
ar2,rho=0.95,neg,True,43,11589,83.67982464268412,WEAKLY_RHYTHMIC,1.565795179114997,True,,0.8802606197831286,0.8306859546444989,0.5308636762610467,0.5757651411848588,0.34487617190433,148.3626376125599,148.3626376125599,10.110362178361642,True
ar2,rho=0.95,neg,True,44,11590,19.000274474299925,RHYTHMIC,2.437560709877425,True,,2.873684353077607,0.7030294331777729,0.400007613760001,0.5031462484570987,0.6853173608524205,19.267949248479876,19.267949248479876,77.84948884055945,True
ar2,rho=0.95,neg,True,45,11591,61.910792869882734,ARRHYTHMIC,0.21699503679596208,False,cycles 7.5 < 10,0.40359560806014666,0.8595596898802581,0.6345860516449074,0.5982932938874149,0.043399007359192415,200.4744275183211,200.4744275183211,7.482251070964733,True
ar2,rho=0.95,neg,True,46,11592,19.85664556145043,WEAKLY_RHYTHMIC,1.6258574224724125,True,,2.0254064189021626,0.7749265667650321,0.3097758498957802,0.30415655107020095,0.5345555732299753,18.217820304293156,18.217820304293156,82.33696320116378,True
ar2,rho=0.95,neg,True,47,11593,21.189374018267845,RHYTHMIC,2.6463580817387458,True,,3.600877804244651,0.6230547704334315,0.3406160212541633,0.576225328608561,0.7169180459377616,19.89268307107798,19.89268307107798,75.40460955620681,True
ar2,rho=0.95,neg,True,48,11594,50.815010648638996,RHYTHMIC,2.243538657733839,True,,2.278814253918521,0.5992023239129504,0.5118851030652027,0.5685887775895323,0.49741546309353574,42.18344455521382,42.18344455521382,35.55897380633896,True
ar2,rho=0.95,neg,True,49,11595,19.899704622624444,RHYTHMIC,2.5396782948837444,True,,1.7006086338522008,0.7088332539317226,0.4552374592582654,0.5433118360202663,0.6158713179534977,20.477692815638086,20.477692815638086,73.25043956389966,True
ar2,rho=0.98,neg,True,0,11596,38.61512743251522,RHYTHMIC,2.695015360946811,True,,2.6697950704691946,0.8253479647574281,0.47851103913729615,0.6357427705471403,0.6780061443787243,39.24960552341584,39.24960552341584,38.216944603560876,True
ar2,rho=0.98,neg,True,1,11597,61.83714088341388,RHYTHMIC,2.295450247907541,True,,1.06259032164617,0.8970943517078794,0.6019893885028322,0.6944969505568892,0.5181800991630164,59.25558604827939,59.25558604827939,25.314069103592228,True
ar2,rho=0.98,neg,True,2,11598,74.01208558732937,RHYTHMIC,2.261975579384039,True,,1.1761978936248716,0.90676395146034,0.5807599469186201,0.5787965665311943,0.5047902317536157,89.63426520533476,89.63426520533476,16.734671685697318,True
ar2,rho=0.98,neg,True,3,11599,25.095769379820688,WEAKLY_RHYTHMIC,1.6999091373481692,True,,2.8476993860163975,0.7103100881913794,0.21995284037723503,0.3332324053998979,0.7456567621305062,23.632157776848164,23.632157776848164,63.4728328307588,True
ar2,rho=0.98,neg,True,4,11600,51.30067035768781,RHYTHMIC,2.700737393434424,True,,2.597942408106592,0.7081438862583973,0.7051001282067146,0.7826515699558833,0.6802949573737697,54.14058687505147,54.14058687505147,27.705647215494356,True
ar2,rho=0.98,neg,True,5,11601,95.79836375716205,WEAKLY_RHYTHMIC,1.0752554963086993,False,cycles 4.5 < 10,0.809600071729683,0.9302991810267506,0.0,0.2703449428486198,0.20628139905489412,332.3193666373636,332.3193666373636,4.513730316647007,True
ar2,rho=0.98,neg,True,6,11602,21.95038229387147,RHYTHMIC,2.538054283704604,True,,5.923160437916012,0.7562776586994618,0.26915312820896886,0.5383189992966114,0.7948066981994221,21.83805384884675,21.83805384884675,68.68743938367079,True
ar2,rho=0.98,neg,True,7,11603,77.21750879563419,RHYTHMIC,2.756640805558373,True,,0.9759132201008024,0.9619417292205988,0.49145849445603834,0.7870551869558156,0.7026563222233491,63.96669563958174,63.96669563958174,23.44970277113736,True
ar2,rho=0.98,neg,True,8,11604,46.67425390423524,RHYTHMIC,2.467374273138537,True,,2.070683695468986,0.7867375927878003,0.695722256686036,0.7409269190866524,0.5869497092554148,48.59106126398089,48.59106126398089,30.869875260615174,True
ar2,rho=0.98,neg,True,9,11605,32.73940660051524,RHYTHMIC,2.823088942566448,True,,2.424259406958921,0.8599424552654416,0.6748354610777911,0.7069137503313792,0.7292355770265792,33.980354811460394,33.980354811460394,44.14315295772315,True
ar2,rho=0.98,neg,True,10,11606,55.76053787170576,RHYTHMIC,2.1756839912388553,True,,1.5159277702587926,0.8330862659486867,0.8758374989844209,0.8933082016021722,0.4702735964955421,61.31320409350524,61.31320409350524,24.464550861058186,True
ar2,rho=0.98,neg,True,11,11607,86.32901330030077,RHYTHMIC,2.4288060282036117,True,,1.154400263453675,0.9594794898074561,0.8837250273321801,0.8710215760608137,0.5715224112814447,79.62926613648429,79.62926613648429,18.83729529076665,True
ar2,rho=0.98,neg,True,12,11608,75.12414830740218,RHYTHMIC,2.216752062238738,True,,1.4582212520363294,0.9427821681525854,0.9266569185888672,0.8771854476827872,0.48670082489549543,90.61883849850108,90.61883849850108,16.552849549322037,True
ar2,rho=0.98,neg,True,13,11609,48.23637066610082,RHYTHMIC,2.7719816558389514,True,,1.7770373471804628,0.7672527120816188,0.4473309408993238,0.6201935795436329,0.7630773576422438,57.21679696841356,57.21679696841356,26.216077786180037,True
ar2,rho=0.98,neg,True,14,11610,16.506234358800626,RHYTHMIC,2.093747342892666,True,,6.5695337383182135,0.7256135795837665,0.3964916096291424,0.38281157001243293,0.7634489215152098,16.854580084962116,16.854580084962116,88.99658089603314,True
ar2,rho=0.98,neg,True,15,11611,85.60101639169962,RHYTHMIC,2.063782449462571,True,,0.93281095529451,0.9585061430258153,0.8664029840435935,0.8432821520966274,0.4255129797850283,84.93420118629085,84.93420118629085,17.660730059849126,True
ar2,rho=0.98,neg,True,16,11612,57.754554395809265,RHYTHMIC,2.6018722159250824,True,,1.0555075280069663,0.8727172692027252,0.6066135789440037,0.7771382239536869,0.640748886370033,55.042818277365235,55.042818277365235,27.251511585787235,True
ar2,rho=0.98,neg,True,17,11613,25.722194305527314,RHYTHMIC,2.479557091625459,True,,4.581698020516285,0.8278007484086277,0.46274435843606604,0.5178449820689106,0.8084166320671512,24.716512915205726,24.716512915205726,60.68817252441756,True
ar2,rho=0.98,neg,True,18,11614,30.201955446620154,RHYTHMIC,2.4179408455708757,True,,2.4018909236059383,0.7876126182211816,0.3713388504534989,0.49627929594980646,0.7349604797719246,29.903623090273484,29.903623090273484,50.161145874256725,True
ar2,rho=0.98,neg,True,19,11615,20.231934007815088,RHYTHMIC,2.3633164862846936,True,,5.715880918673558,0.7731114657128205,0.30710823639374873,0.47716077019964265,0.8422952190345792,20.54075891772421,20.54075891772421,73.02553941693361,True
ar2,rho=0.98,neg,True,20,11616,58.864982731844016,RHYTHMIC,2.2955619815709687,True,,2.0624414005082117,0.7492547999607335,0.6636493811946165,0.8361190158843961,0.5182247926283874,58.137653757547994,58.137653757547994,25.800834795560622,True
ar2,rho=0.98,neg,True,21,11617,34.394404445468794,RHYTHMIC,2.1593394960321888,True,,3.489823605860117,0.7840916069108745,0.3681240645354848,0.4057688236112661,0.7672150645219403,36.60980515791171,36.60980515791171,40.97262996975652,True
ar2,rho=0.98,neg,True,22,11618,34.4063830217814,RHYTHMIC,2.4473903797796464,True,,2.933902247029108,0.7294043084785282,0.43465883882164263,0.5065866329228761,0.8197597446468639,33.44279267387805,33.44279267387805,44.85271354660642,True
ar2,rho=0.98,neg,True,23,11619,22.727098314820946,RHYTHMIC,2.5314080361299753,True,,5.959080475315438,0.7040968548337158,0.4129424799710759,0.5359928126454914,0.80528219794283,23.387175034203562,23.387175034203562,64.13771641107836,True
ar2,rho=0.98,neg,True,24,11620,25.33689803988385,RHYTHMIC,2.597776181408431,True,,4.463867734530192,0.8350843419162639,0.5285744510786766,0.5592216634929508,0.7479486280383436,26.034901602324197,26.034901602324197,57.61496712805288,True
ar2,rho=0.98,neg,True,25,11621,81.02938437634018,WEAKLY_RHYTHMIC,1.6406726024133103,True,,0.9978355647116264,0.9644187787632664,0.6630854672980127,0.7239065487177306,0.2782977325737441,70.83052820119032,70.83052820119032,21.17730924918886,True
ar2,rho=0.98,neg,True,26,11622,52.30986770486264,ARRHYTHMIC,0.9202274736760996,False,cycles 4.5 < 10,1.874354452864116,0.9009231244048008,0.0,0.2300568684190249,0.11836783007801183,330.83976156878407,330.83976156878407,4.5339169418067025,True
ar2,rho=0.98,neg,True,27,11623,17.00873201870184,RHYTHMIC,2.2029965731582317,True,,4.850548247318416,0.7882529586515203,0.15587304748511568,0.42104880060538097,0.8384065536362465,18.16809965049618,18.16809965049618,82.56229483852673,True
ar2,rho=0.98,neg,True,28,11624,92.79129513574009,RHYTHMIC,2.6848590322746535,True,,1.1819795482023452,0.9094408790042025,0.5689534616687336,0.7431854928741061,0.6739436129098615,85.61447790496837,85.61447790496837,17.52040118337219,True
ar2,rho=0.98,neg,True,29,11625,38.008613874694944,RHYTHMIC,2.589749989890255,True,,2.315260733496579,0.8205300012292953,0.4153093489219375,0.5564124964615892,0.7474652278275711,44.01525966132549,44.01525966132549,34.0790901051526,True
ar2,rho=0.98,neg,True,30,11626,40.31755692343549,RHYTHMIC,2.9164446106267183,True,,2.3357611485626233,0.838844158679391,0.36514557574938566,0.7121826490043875,0.7665778442506874,43.00776755196166,43.00776755196166,34.87742064704268,True
ar2,rho=0.98,neg,True,31,11627,30.91235794629154,RHYTHMIC,2.5922819511512785,True,,2.3466053066396264,0.8106224441012924,0.4932169127408462,0.5979740754135117,0.6369127804605115,30.029871288352428,30.029871288352428,49.95026404198406,True
ar2,rho=0.98,neg,True,32,11628,61.35503349947313,RHYTHMIC,2.559997441721534,True,,1.5151892703450882,0.8760286220151895,0.6251982707761964,0.7385135574270913,0.6239989766886136,73.86819110819802,73.86819110819802,20.306440126615303,True
ar2,rho=0.98,neg,True,33,11629,98.43062553127763,WEAKLY_RHYTHMIC,1.4838205630396446,False,cycles 3.3 < 10,0.7923961120646583,0.8925145900536917,0.0,0.3897103955448563,0.3874621607899518,460.1738983376964,460.1738983376964,3.259637292376875,True
ar2,rho=0.98,neg,True,34,11630,73.95815003701799,RHYTHMIC,2.0965537175494458,False,cycles 3.1 < 10,1.211517755550922,0.9559661274437108,0.0,0.9028521718495685,0.4386214870197782,482.02699220620667,482.02699220620667,3.111858929589391,True
ar2,rho=0.98,neg,True,35,11631,41.50113896731098,RHYTHMIC,2.9051230788639772,True,,2.7306766676090324,0.8446968404536807,0.6934002796396012,0.6667930776023919,0.8210453796213036,40.410009069812794,40.410009069812794,37.119516538800646,True
ar2,rho=0.98,neg,True,36,11632,20.566060686812808,RHYTHMIC,2.4372263753664534,True,,4.606197492540629,0.6864892345661776,0.5198979826512946,0.5030292313782586,0.7908990612503904,20.73659237716007,20.73659237716007,72.33589650207654,True
ar2,rho=0.98,neg,True,37,11633,81.4557402456023,RHYTHMIC,2.345884831028802,True,,1.0675398252860797,0.935034097663744,0.5982809254274534,0.7079956588724543,0.538353932411521,88.52045966346606,88.52045966346606,16.94523509822076,True
ar2,rho=0.98,neg,True,38,11634,18.076857819144394,RHYTHMIC,2.3498876603757983,True,,4.716732000214018,0.7495246303849669,0.3150423448016736,0.4724606811315293,0.7780198777449523,18.759537602037945,18.759537602037945,79.95932692056586,True
ar2,rho=0.98,neg,True,39,11635,54.3686125454533,RHYTHMIC,2.7406019586108377,True,,1.7297398514798261,0.8652733091738836,0.5634734945105709,0.7924884620637718,0.6962407834443352,56.30860222233498,56.30860222233498,26.638913785805542,True
ar2,rho=0.98,neg,True,40,11636,61.989110371975684,RHYTHMIC,2.4015669241961923,True,,1.6676320799007665,0.7812383759926713,0.9124677573976466,0.8906191221505413,0.560626769678477,70.77374368894712,70.77374368894712,21.19430062358363,True
ar2,rho=0.98,neg,True,41,11637,28.51550713778225,RHYTHMIC,2.777111863668356,True,,2.5773700356904556,0.7498325185162238,0.7145283405856976,0.6997080964394138,0.7108447454673423,26.2944074017974,26.2944074017974,57.04635122894859,True
ar2,rho=0.98,neg,True,42,11638,41.61267713118705,RHYTHMIC,2.618788350630444,True,,2.512899708968022,0.8045531403682663,0.4737545762746053,0.5665759227206555,0.7148536841765836,47.876361333080666,47.876361333080666,31.330701795910283,True
ar2,rho=0.98,neg,True,43,11639,22.217219129074163,RHYTHMIC,2.8748184103972347,True,,4.218470651965309,0.8424198001979366,0.40755556002229404,0.656186443639032,0.7868058769148921,22.845275386381278,22.845275386381278,65.6590903208894,True
ar2,rho=0.98,neg,True,44,11640,76.43886430077518,WEAKLY_RHYTHMIC,1.7081225730618876,True,,1.1356341841307993,0.7941162887628166,0.7140347971040967,0.8599856644962456,0.3426095709045815,88.24020544127691,88.24020544127691,16.999053804314144,True
ar2,rho=0.98,neg,True,45,11641,60.92165134416627,RHYTHMIC,2.2225670095175283,True,,1.7560563405790097,0.7979026023656568,0.6953037613165433,0.8383931058118327,0.4890268038070113,64.6245869553359,64.6245869553359,23.21098007228576,True
ar2,rho=0.98,neg,True,46,11642,58.662803531117504,RHYTHMIC,2.2609293229629843,True,,1.2014102668043025,0.9441605643112864,0.6079228641359142,0.7212933676469004,0.5043717291851938,69.22992100405516,69.22992100405516,21.66693213346491,True
ar2,rho=0.98,neg,True,47,11643,22.32550410230026,RHYTHMIC,2.406442169995139,True,,4.087652766538113,0.7568414565531649,0.500329016909886,0.4922547594982986,0.7379045586942208,22.61013275081899,22.61013275081899,66.34193688870167,True
ar2,rho=0.98,neg,True,48,11644,45.20088223477108,RHYTHMIC,2.451325362456365,True,,2.1023978550769593,0.7626479916040761,0.5312618073944526,0.7891483437499344,0.5805301449825461,46.27790512900065,46.27790512900065,32.41287598949689,True
ar2,rho=0.98,neg,True,49,11645,32.26256199396601,RHYTHMIC,2.436444073408671,True,,2.588057657889378,0.7788448563055135,0.4032992332116883,0.5415538242564272,0.5745776293634685,34.620478991499944,34.620478991499944,43.32695686758931,True
ar2,rho=0.99,neg,True,0,11646,27.595607376152213,RHYTHMIC,2.3145148009840035,True,,4.076791024348028,0.8354360181837827,0.37045712817532894,0.46008018034440124,0.7951847353435855,26.32022030311043,26.32022030311043,56.99040443908197,True
ar2,rho=0.99,neg,True,1,11647,81.02858250632323,RHYTHMIC,2.8123861867872715,True,,1.7380808566524601,0.9135585142998062,0.840266138815164,0.8811362682441349,0.7249544747149086,84.2427704005678,84.2427704005678,17.805682230862267,True
ar2,rho=0.99,neg,True,2,11648,39.26071606570106,RHYTHMIC,3.1074373492812164,True,,3.0612941185682336,0.9125670873900311,0.6197678165253387,0.7376030722484257,0.8532280520204616,40.666232186371396,40.666232186371396,36.88563998566604,True
ar2,rho=0.99,neg,True,3,11649,20.34590099599463,RHYTHMIC,2.327727550308678,True,,6.357096623597165,0.8954129134052837,0.46122952450024723,0.46470464260803723,0.8837482695402101,19.69671096982108,19.69671096982108,76.1548464765651,True
ar2,rho=0.99,neg,True,4,11650,21.502800525583233,RHYTHMIC,2.7895125497186286,True,,5.61283235057571,0.8093740683413022,0.5286462602992048,0.62632939240152,0.8869680344629479,21.041749234826373,21.041749234826373,71.28684898104088,True
ar2,rho=0.99,neg,True,5,11651,52.52532588965891,RHYTHMIC,2.6000486741621724,True,,1.7564682604440653,0.8633889017408681,0.5313725928221915,0.6121402365696127,0.640019469664869,45.60891319850312,45.60891319850312,32.88830833288152,True
ar2,rho=0.99,neg,True,6,11652,38.17081821138563,RHYTHMIC,2.6209580291158936,True,,3.028807642866364,0.840682125937964,0.5163647795777945,0.6221987297575108,0.6483832116463576,40.20461824591054,40.20461824591054,37.30914669616529,True
ar2,rho=0.99,neg,True,7,11653,80.6348806404554,RHYTHMIC,2.486267828700521,True,,0.7296321450018792,0.9732299712694046,0.21345993453673892,0.5201937400451823,0.7373334385385749,120.1552586968265,120.1552586968265,12.483848116750112,True
ar2,rho=0.99,neg,True,8,11654,33.358967835610656,RHYTHMIC,2.7470671115219574,True,,3.480709367717288,0.8809603810742067,0.4693452212101428,0.6586840725202833,0.6988268446087829,31.82014435577942,31.82014435577942,47.13994956240852,True
ar2,rho=0.99,neg,True,9,11655,46.74989311415256,RHYTHMIC,2.6822302999755117,True,,2.2215201936396465,0.855611530145435,0.27593271323065294,0.6155956189829578,0.6728921199902048,44.30469269604478,44.30469269604478,33.85645873431167,True
ar2,rho=0.99,neg,True,10,11656,45.3195110031064,RHYTHMIC,2.3491175416315873,True,,2.3849979958682934,0.8507119262493087,0.30304071849762343,0.5589596893853261,0.539647016652635,45.68753699184627,45.68753699184627,32.831710763215376,True
ar2,rho=0.99,neg,True,11,11657,87.03497192774579,RHYTHMIC,2.7949809740382365,True,,1.5512450850265591,0.955292760231647,0.6194701742183915,0.7676260836862909,0.7179923896152947,85.21399432028706,85.21399432028706,17.602742506847754,True
ar2,rho=0.99,neg,True,12,11658,59.37658053767885,RHYTHMIC,2.9872588711189314,True,,2.3545855867065106,0.8527330415225751,0.8526908324285868,0.9048476590501053,0.7949035484475725,62.64329461511273,62.64329461511273,23.94510073609896,True
ar2,rho=0.99,neg,True,13,11659,27.548995177107592,RHYTHMIC,2.9192555650467007,True,,4.445562703832841,0.7653397201393537,0.49445610182233585,0.6717394477663451,0.7724800228493102,28.173495194455278,28.173495194455278,53.24153036912543,True
ar2,rho=0.99,neg,True,14,11660,66.66476760352042,RHYTHMIC,2.695364620965791,True,,1.3019442538871995,0.9389285968058984,0.827669552066908,0.8575234067125752,0.6781458483863164,69.45588639277321,69.45588639277321,21.596441682674616,True
ar2,rho=0.99,neg,True,15,11661,27.32082943732401,RHYTHMIC,2.3503074717769388,True,,4.097132142447242,0.8694421517288025,0.4021654701228372,0.4726076151219285,0.8435720036513908,27.762556914204687,27.762556914204687,54.029605581196535,True
ar2,rho=0.99,neg,True,16,11662,28.180447759005098,RHYTHMIC,2.5720525318501943,True,,3.1516165985765805,0.8224527202573643,0.40171436010620304,0.550218386147568,0.7503579608415133,27.129074605197165,27.129074605197165,55.29123355031957,True
ar2,rho=0.99,neg,True,17,11663,57.362929507709865,RHYTHMIC,2.793920086283788,True,,1.5745374514202473,0.8648635737629206,0.5090266297849573,0.7082412979810011,0.7175680345135153,54.51341425006039,54.51341425006039,27.51616314324576,True
ar2,rho=0.99,neg,True,18,11664,83.97931810139366,RHYTHMIC,2.844869626058412,True,,1.7420449847756154,0.8488566515223895,0.9914977104238655,0.9826427387568377,0.7379478504233647,84.39269356299666,84.39269356299666,17.774050532944468,True
ar2,rho=0.99,neg,True,19,11665,31.78233904613691,RHYTHMIC,2.618055372347201,True,,4.938853999657288,0.9187560136420959,0.45903601098066676,0.5663193803215204,0.8974088708799169,31.494867943780513,31.494867943780513,47.6268070937003,True
ar2,rho=0.99,neg,True,20,11666,31.06304193120308,RHYTHMIC,2.655501219838646,True,,4.407368036009039,0.858659247931719,0.5003608959018455,0.5794254269435261,0.7597296351588213,32.82585083570832,32.82585083570832,45.69569293138576,True
ar2,rho=0.99,neg,True,21,11667,27.799594223611855,RHYTHMIC,2.1216054662941977,True,,4.4640355783466905,0.8493331947149315,0.26547830700143205,0.39256191320296907,0.8411770950253381,27.133313670616236,27.133313670616236,55.282595344202676,True
ar2,rho=0.99,neg,True,22,11668,31.528954246251498,RHYTHMIC,3.0480460366712028,True,,3.099786497365815,0.8804102086020873,0.4817264905140377,0.7168161128349209,0.8278131611454991,34.90522441956894,34.90522441956894,42.97350969498577,True
ar2,rho=0.99,neg,True,23,11669,19.03495798556649,RHYTHMIC,2.692976308779185,True,,5.844147542259843,0.8876497128592826,0.43646160864130257,0.5925417080727147,0.9060346392545405,18.907966510331946,18.907966510331946,79.33164040566444,True
ar2,rho=0.99,neg,True,24,11670,67.84938064892049,RHYTHMIC,2.748609620322741,True,,1.938570974499194,0.911366390047258,0.732380307918665,0.7822788403708192,0.6994438481290964,63.75056752024899,63.75056752024899,23.5292023011961,True
ar2,rho=0.99,neg,True,25,11671,50.19914229139966,RHYTHMIC,3.027029116794751,True,,2.266837291543977,0.8120501926785262,0.5462394050501753,0.7317074896326791,0.8108116467179004,46.042302922958555,46.042302922958555,32.57873531021923,True
ar2,rho=0.99,neg,True,26,11672,83.6687886493823,RHYTHMIC,2.568735651764005,True,,1.3359966831650456,0.970446789138471,0.9595678653305759,0.8945398167354004,0.6274942607056021,92.8950140028775,92.8950140028775,16.147260604896793,True
ar2,rho=0.99,neg,True,27,11673,48.593475539068045,RHYTHMIC,3.0371839970220575,True,,2.3536544883168444,0.9079605507786391,0.5918173377378096,0.8263989416886399,0.814873598808823,48.2898632776865,48.2898632776865,31.0624196919835,True
ar2,rho=0.99,neg,True,28,11674,99.43527252451041,RHYTHMIC,2.9219582679071117,True,,1.355721669973135,0.9740011543959817,0.9588895656890817,0.926733419377156,0.7687833071628446,94.62100624972351,94.62100624972351,15.852716637161985,True
ar2,rho=0.99,neg,True,29,11675,19.737498476286422,RHYTHMIC,2.534537066327557,True,,5.716610042464189,0.8290390211699182,0.5217885439214399,0.5370879732146449,0.8800455084940074,19.443922331622275,19.443922331622275,77.14492860118567,True
ar2,rho=0.99,neg,True,30,11676,31.06028115760305,RHYTHMIC,3.203944228621534,True,,3.6545359496657017,0.8822759178643593,0.7454238255345081,0.7787799840815129,0.8815776914486136,31.657973059852804,31.657973059852804,47.38142891094413,True
ar2,rho=0.99,neg,True,31,11677,20.336655516582095,RHYTHMIC,2.5755655517943006,True,,5.132750279361775,0.879186469369959,0.40919679628486094,0.5514479431280052,0.8753776314688207,21.190306461961928,21.190306461961928,70.78708383442232,True
ar2,rho=0.99,neg,True,32,11678,77.22096378807313,RHYTHMIC,2.800333965587358,True,,1.6194995078012449,0.9285681805333313,0.8305341725534656,0.9085690128977458,0.7201335862349431,85.71574232227536,85.71574232227536,17.499702614255817,True
ar2,rho=0.99,neg,True,33,11679,47.11332023363701,RHYTHMIC,3.080579405562749,True,,2.7230646677005144,0.9153731367535112,0.7895708493274332,0.8762252333703584,0.8322317622250996,45.68813947218694,45.68813947218694,32.83127781802405,True
ar2,rho=0.99,neg,True,34,11680,27.99783655361001,RHYTHMIC,3.000108335156298,True,,4.735096712692905,0.8945062217083268,0.5683566635689615,0.7000379173047042,0.8725179729450353,27.596078160886556,27.596078160886556,54.35554977250473,True
ar2,rho=0.99,neg,True,35,11681,32.02664657750142,RHYTHMIC,3.0082818266363676,True,,3.512898822755058,0.7708991967928257,0.7132870856063949,0.7638033176443699,0.803312730654547,34.30632808892054,34.30632808892054,43.72371173365054,True
ar2,rho=0.99,neg,True,36,11682,27.05987274809745,RHYTHMIC,2.122073675447276,True,,4.167892125093503,0.8789903181680403,0.35729088789174995,0.39272578640654654,0.8388973524009521,26.95779975515909,26.95779975515909,55.642523263158196,True
ar2,rho=0.99,neg,True,37,11683,26.667745207837285,RHYTHMIC,3.170040973540963,True,,4.681809967547855,0.8932711868591727,0.6350057247915069,0.759514340739337,0.8820099338272213,26.831775762347828,26.831775762347828,55.90386612073965,True
ar2,rho=0.99,neg,True,38,11684,50.875134880511084,RHYTHMIC,2.931110749259704,True,,2.8605413834985174,0.8251345312581889,0.6529297700391093,0.7585192665113917,0.7724442997038816,52.21740057746489,52.21740057746489,28.72605651395341,True
ar2,rho=0.99,neg,True,39,11685,17.61074726607541,WEAKLY_RHYTHMIC,1.6048508850203826,True,,6.33127050011863,0.88775053497731,0.1970427410869158,0.25306902181764523,0.9170361262710998,17.42407700497717,17.42407700497717,86.0877738069871,True
ar2,rho=0.99,neg,True,40,11686,22.337085794756728,RHYTHMIC,2.504092259430822,True,,5.266247472271409,0.8607380542851703,0.4140140296547485,0.5264322908007877,0.8325483390990087,23.616230240676185,23.616230240676185,63.51564092631626,True
ar2,rho=0.99,neg,True,41,11687,29.571627628255353,RHYTHMIC,2.560952751800268,True,,4.302879844312104,0.9220433474666083,0.5839490536646024,0.5463334631300938,0.9156627760964744,30.22573068289352,30.22573068289352,49.62659185105941,True
ar2,rho=0.99,neg,True,42,11688,27.182629033516918,RHYTHMIC,3.0121102668369693,True,,4.397215031623474,0.8283226431763125,0.623218242367186,0.7042385933929391,0.828016039968561,27.25760534188352,27.25760534188352,55.03051281233163,True
ar2,rho=0.99,neg,True,43,11689,26.78170099806694,RHYTHMIC,2.685301306877518,True,,5.331516254953216,0.8949130373582391,0.6752173367849766,0.5898554574071313,0.9011043361026551,26.372877608041684,26.372877608041684,56.87661476662737,True
ar2,rho=0.99,neg,True,44,11690,71.47520896264318,RHYTHMIC,2.252416240082428,True,,1.1198789211994273,0.9019843410923478,0.8426601631693105,0.7572433555742586,0.5009664960329712,63.06097694907292,63.06097694907292,23.786501138594428,True
ar2,rho=0.99,neg,True,45,11691,39.492912626280315,WEAKLY_RHYTHMIC,1.6871803657735625,True,,2.729617279624073,0.8941004678689648,0.27535689837630306,0.319673028987733,0.858205562135507,41.14616124347506,41.14616124347506,36.455405672573384,True
ar2,rho=0.99,neg,True,46,11692,31.878494078484845,RHYTHMIC,2.6809149166088115,True,,3.7273826611933996,0.8380331677140518,0.468129074096253,0.588320220813084,0.8941537939732651,30.3860637662696,30.3860637662696,49.36473547669877,True
ar2,rho=0.99,neg,True,47,11693,84.01788064230236,RHYTHMIC,2.8484675226113114,True,,1.4960004939799543,0.8922068794015791,0.5367899249276954,0.7414208044423289,0.7393870090445246,87.86602099919656,87.86602099919656,17.071445627584705,True
ar2,rho=0.99,neg,True,48,11694,62.79824428412039,RHYTHMIC,3.0475028749460322,True,,2.3898233478513826,0.8734441337864406,0.858434051119683,0.9232582562502168,0.819001149978413,60.59584196370666,60.59584196370666,24.754173741795874,True
ar2,rho=0.99,neg,True,49,11695,63.19946448691207,RHYTHMIC,2.1726584120787087,True,,2.3718523850116475,0.8165281445646433,0.3758197559472247,0.41043044422754804,0.7380195921807845,63.298475011916025,63.298475011916025,23.697253365387127,True
surrogate_jitter,j=0.05,neg,True,0,11696,,WEAKLY_RHYTHMIC,1.6568231348847358,True,,2.894245885105206,0.562707389279244,0.9602128547046215,0.9711733765622761,0.29139493411484074,64.89050572090228,64.89050572090228,23.115862379799974,True
surrogate_jitter,j=0.05,neg,True,1,11697,,WEAKLY_RHYTHMIC,1.6344649420819464,True,,3.340163152757211,0.8193667193670164,0.6561657023993154,0.7474761306160497,0.2735715708626181,50.656595861010274,50.656595861010274,29.61114884457782,True
surrogate_jitter,j=0.05,neg,True,2,11698,,RHYTHMIC,2.363427161588702,True,,7.0735091801885215,0.7759851592333897,0.5861496119720887,0.4810224214347002,0.5453708646354808,16.624625279995694,16.624625279995694,90.22759759914351,True
surrogate_jitter,j=0.05,neg,True,3,11699,,RHYTHMIC,2.0673563506627737,True,,4.622752585669668,0.4557131677563434,0.7560141062970936,0.7841464278171026,0.4269425402651095,36.893036228404235,36.893036228404235,40.65807950079041,True
surrogate_jitter,j=0.05,neg,True,4,11700,,ARRHYTHMIC,0.4764685439116351,True,,2.895762816211155,0.619422483076272,0.9819357608268642,0.9856037986360144,0.09529370878232703,65.14929350230406,65.14929350230406,23.024040927580455,True
surrogate_jitter,j=0.05,neg,True,5,11701,,RHYTHMIC,2.2218590474321873,True,,4.977692160361133,0.6499711546159731,0.5910605019984355,0.6724961927945066,0.4887436189728749,26.48220320597915,26.48220320597915,56.64181293123414,True
surrogate_jitter,j=0.05,neg,True,6,11702,,RHYTHMIC,2.0544254402612045,True,,1.5031552031796402,0.7548383362206885,0.9052501383905772,0.9023806061358489,0.4217701761044819,99.60148093616453,99.60148093616453,15.060017038916953,True
surrogate_jitter,j=0.05,neg,True,7,11703,,WEAKLY_RHYTHMIC,1.6583734799316248,True,,3.478827293658232,0.5914993496379307,0.6754403696335523,0.731793304424854,0.39713810498111374,49.184639913986906,49.184639913986906,30.497326047789908,True
surrogate_jitter,j=0.05,neg,True,8,11704,,RHYTHMIC,2.1860528275336013,True,,5.4951247294081496,0.6584614464207161,0.5461021703884892,0.5320733359651285,0.4744211310134406,22.478262473205273,22.478262473205273,66.73113643850554,True
surrogate_jitter,j=0.05,neg,True,9,11705,,WEAKLY_RHYTHMIC,1.7008248631432055,True,,1.9583951888270434,0.648594840878233,0.8166566924613957,0.8356309372047416,0.3887038538900408,88.78039436598657,88.78039436598657,16.89562217775728,True
surrogate_jitter,j=0.05,neg,True,10,11706,,RHYTHMIC,2.0430499971470963,True,,2.4861470395507683,0.6069081367840096,0.9293458894443636,0.9543122738535998,0.41721999885883854,68.45849057380966,68.45849057380966,21.911087834791655,True
surrogate_jitter,j=0.05,neg,True,11,11707,,RHYTHMIC,2.1262175984244567,True,,5.786644298552863,0.8106080566377926,0.733451110729144,0.6588229588595895,0.45048703936978274,22.334231592260814,22.334231592260814,67.16147783296807,True
surrogate_jitter,j=0.05,neg,True,12,11708,,RHYTHMIC,2.348518606087793,True,,3.535697143833753,0.6949285407666069,0.8287698060167288,0.8678198605250284,0.5394074424351173,43.92440467981938,43.92440467981938,34.149580647342496,True
surrogate_jitter,j=0.05,neg,True,13,11709,,RHYTHMIC,2.1127253686225473,True,,3.356085744322063,0.7692349813847982,0.8299358591423107,0.8393822812786664,0.4450901474490189,40.42838392795099,40.42838392795099,37.102645573793126,True
surrogate_jitter,j=0.05,neg,True,14,11710,,WEAKLY_RHYTHMIC,1.2270733728279308,True,,1.5172732047863067,0.5316447433270752,0.8294040415237529,0.8927558903782143,0.12937838662108606,74.31930490661443,74.31930490661443,20.183181232451215,True
surrogate_jitter,j=0.05,neg,True,15,11711,,RHYTHMIC,2.387824548222139,True,,3.7613267286642693,0.743586123924373,0.7885702495685805,0.819634733985558,0.5551298192888555,35.079659149806844,35.079659149806844,42.759822539731246,True
surrogate_jitter,j=0.05,neg,True,16,11712,,RHYTHMIC,2.153179934628543,True,,4.316096354403984,0.6290174335594317,0.9524943457560835,0.9479189851915748,0.46127197385141727,35.233217312303594,35.233217312303594,42.57346091059908,True
surrogate_jitter,j=0.05,neg,True,17,11713,,RHYTHMIC,2.164664623871877,True,,3.4035105489328994,0.5190168842234156,0.8852189127916351,0.8854038356400418,0.4658658495487507,34.08834948937388,34.08834948937388,44.003303840439216,True
surrogate_jitter,j=0.05,neg,True,18,11714,,RHYTHMIC,2.1574352938237036,True,,7.514564555152476,0.6274588646699351,0.5673997464439019,0.521045419804439,0.4629741175294815,16.34077827139244,16.34077827139244,91.79489343087336,True
surrogate_jitter,j=0.05,neg,True,19,11715,,RHYTHMIC,2.257136991195594,True,,1.8114627776048178,0.6643599340432443,0.9680661480179503,0.984101289872102,0.5028547964782376,79.39497088878528,79.39497088878528,18.892884312548798,True
surrogate_jitter,j=0.05,neg,True,20,11716,,RHYTHMIC,2.036523669298907,True,,4.59327108162359,0.7035938495021836,0.8203209802014215,0.8442095898482785,0.41460946771956275,30.957329253018045,30.957329253018045,48.45379224222852,True
surrogate_jitter,j=0.05,neg,True,21,11717,,WEAKLY_RHYTHMIC,1.6989268599299516,True,,5.513953339532299,0.6380859428953763,0.9306936629824877,0.9144083222217759,0.33214520556943006,32.592541569880645,32.592541569880645,46.02279932001919,True
surrogate_jitter,j=0.05,neg,True,22,11718,,RHYTHMIC,2.2279652106401113,True,,5.490767846250515,0.63468029134897,0.47850719687810994,0.6494915377530998,0.49118608425604454,32.118402730693234,32.118402730693234,46.702197882541604,True
surrogate_jitter,j=0.05,neg,True,23,11719,,RHYTHMIC,2.8329963484686864,True,,11.221603247278326,0.7901123269927194,0.38174357834316275,0.6648924069838638,0.7331985393874745,16.127307747583156,16.127307747583156,93.00994459070768,True
surrogate_jitter,j=0.05,neg,True,24,11720,,WEAKLY_RHYTHMIC,1.720146286939394,True,,1.9840507089889434,0.8234972365961555,0.8780151915714904,0.8933238629064005,0.37546501912831504,58.481631055767096,58.481631055767096,25.64907942751503,True
surrogate_jitter,j=0.05,neg,True,25,11721,,RHYTHMIC,2.24653863664361,True,,7.450278400268211,0.6079715658883158,0.3695190777684056,0.6776159827625957,0.4986154546574441,21.200634994031763,21.200634994031763,70.75259776050426,True
surrogate_jitter,j=0.05,neg,True,26,11722,,RHYTHMIC,2.262041834943129,True,,7.010237819477872,0.6156376186206443,0.8840305030729725,0.909119718170708,0.5048167339772517,25.98008133581077,25.98008133581077,57.73653979798786,True
surrogate_jitter,j=0.05,neg,True,27,11723,,WEAKLY_RHYTHMIC,1.6824701949698393,True,,3.4616589136729052,0.7348074396263253,0.9302052176795691,0.9752404856050966,0.3149310660474896,49.76206518691602,49.76206518691602,30.14344349185886,True
surrogate_jitter,j=0.05,neg,True,28,11724,,RHYTHMIC,2.059036250353648,True,,3.8746747363979064,0.728062970014403,0.7582078465168848,0.8066535445845571,0.42361450014145924,38.03236626796011,38.03236626796011,39.44009135354947,True
surrogate_jitter,j=0.05,neg,True,29,11725,,WEAKLY_RHYTHMIC,1.7072641758613087,True,,2.973915736354743,0.7109895719217774,0.827621383794424,0.8540123189075619,0.38196421648131645,46.68090110205954,46.68090110205954,32.13305580199737,True
surrogate_jitter,j=0.05,neg,True,30,11726,,WEAKLY_RHYTHMIC,1.655320155714454,True,,1.8251911899594224,0.6289101435389876,0.9994382567805156,0.9988319166649681,0.2901243042141917,93.77341717578364,93.77341717578364,15.99600446668339,True
surrogate_jitter,j=0.05,neg,True,31,11727,,WEAKLY_RHYTHMIC,1.70514160737835,True,,3.24547955651194,0.7100801092911437,0.9635838792417458,0.969336758323055,0.3391458493376374,52.93930587321209,52.93930587321209,28.33433448471068,True
surrogate_jitter,j=0.05,neg,True,32,11728,,WEAKLY_RHYTHMIC,1.5364506184588742,True,,2.806452629523196,0.5691029983235182,0.9951926437331721,0.9864198805345243,0.2157267466683657,62.83027838953655,62.83027838953655,23.87383978629327,True
surrogate_jitter,j=0.05,neg,True,33,11729,,RHYTHMIC,2.196388724726883,True,,4.865572269954182,0.542354429250209,0.6732770140200989,0.6960980343646715,0.4785554898907533,36.951642348734964,36.951642348734964,40.59359488933114,True
surrogate_jitter,j=0.05,neg,True,34,11730,,RHYTHMIC,2.2127530282432706,True,,8.52015782496141,0.5419065033774694,0.7040767522171442,0.49584570733804945,0.48510121129730827,16.42030684459205,16.42030684459205,91.35030265856558,True
surrogate_jitter,j=0.05,neg,True,35,11731,,RHYTHMIC,2.248032844167117,True,,8.08963986982112,0.784480972967474,0.5540111089471343,0.7345660988967208,0.4992131376668467,18.543260702953052,18.543260702953052,80.89192208580242,True
surrogate_jitter,j=0.05,neg,True,36,11732,,RHYTHMIC,2.1395444475102052,True,,4.416688596999032,0.7244744102234648,0.6804446816536898,0.7515845374957103,0.4558177790040821,30.16790024737962,30.16790024737962,49.721723676485894,True
surrogate_jitter,j=0.05,neg,True,37,11733,,RHYTHMIC,2.2822707112624516,True,,6.726410601853335,0.5201781047618886,0.875912714798776,0.675213270485088,0.5129082845049807,17.61620124307179,17.61620124307179,85.14889102949647,True
surrogate_jitter,j=0.05,neg,True,38,11734,,WEAKLY_RHYTHMIC,1.336669788339784,True,,2.7314393410090436,0.7761182146050991,0.8818334157220853,0.9017923654749561,0.15075447830080738,63.086540071026405,63.086540071026405,23.77686267643169,True
surrogate_jitter,j=0.05,neg,True,39,11735,,RHYTHMIC,2.3532157966352205,True,,3.889060880217471,0.7123844532660308,0.9254848583107513,0.9023570889477919,0.5412863186540882,35.41774269361994,35.41774269361994,42.35165445115185,True
surrogate_jitter,j=0.05,neg,True,40,11736,,RHYTHMIC,2.1117833195359887,True,,4.5992650852584545,0.4941219055851357,0.9327480436688211,0.9104449832285539,0.4447133278143956,33.176131919396255,33.176131919396255,45.21322749874384,True
surrogate_jitter,j=0.05,neg,True,41,11737,,RHYTHMIC,2.1690003401662943,True,,8.472296256348578,0.5443308069558962,0.7400432793042193,0.6539642125334524,0.46760013606651774,19.64056075031053,19.64056075031053,76.37256487069922,True
surrogate_jitter,j=0.05,neg,True,42,11738,,RHYTHMIC,2.1838560573650154,True,,8.435344092277894,0.5876594175707023,0.3637787637405115,0.7042659931119093,0.4735424229460062,21.18673472241982,21.18673472241982,70.79901738764391,True
surrogate_jitter,j=0.05,neg,True,43,11739,,RHYTHMIC,2.562291822869958,True,,4.695624947120745,0.6073325838033895,0.8796761911503265,0.8015878414582076,0.6249167291479831,37.78968571186,37.78968571186,39.69337060480597,True
surrogate_jitter,j=0.05,neg,True,44,11740,,WEAKLY_RHYTHMIC,1.7156708879149234,True,,2.931716159734852,0.6243537368372464,0.837317090632782,0.9255278848013224,0.351705104224706,45.14602436284384,45.14602436284384,33.2255170011057,True
surrogate_jitter,j=0.05,neg,True,45,11741,,RHYTHMIC,2.4435767645801905,True,,5.274128447205972,0.8538419519390752,0.9155830661926483,0.8995563717103314,0.5774307058320763,31.27731311889689,31.27731311889689,47.95808368506378,True
surrogate_jitter,j=0.05,neg,True,46,11742,,RHYTHMIC,2.6731006928049172,True,,7.474963161117728,0.5735070299984654,0.46149792856405375,0.5886899025828172,0.6692402771219669,17.538025122902635,17.538025122902635,85.52844402310573,True
surrogate_jitter,j=0.05,neg,True,47,11743,,WEAKLY_RHYTHMIC,1.639045456975811,True,,4.929038786264309,0.5968697616291258,0.7310956344356996,0.692607988544548,0.39324935812500433,35.87134588087736,35.87134588087736,41.816105952122484,True
surrogate_jitter,j=0.05,neg,True,48,11744,,RHYTHMIC,2.1157941751186238,True,,8.297679060351477,0.5630273388645128,0.8981838336663942,0.8416692070158918,0.4463176700474496,21.380835342711915,21.380835342711915,70.15628603637813,True
surrogate_jitter,j=0.05,neg,True,49,11745,,RHYTHMIC,2.714371108230713,True,,1.8646378732396338,0.6808229802765482,0.986593948391505,0.9931274316496458,0.6857484432922852,79.22358743792209,79.22358743792209,18.933755066006924,True
surrogate_jitter,j=0.1,neg,True,0,11746,,WEAKLY_RHYTHMIC,1.6107571125528144,True,,3.2867492476980105,0.5751226104105183,0.6324813097976605,0.6422724937624487,0.3652039588436167,38.24838118196776,38.24838118196776,39.217346032599586,True
surrogate_jitter,j=0.1,neg,True,1,11747,,WEAKLY_RHYTHMIC,1.564263295755774,True,,5.3611376655951775,0.8420364364875891,0.4405981097757197,0.5737409714740889,0.3101574910601935,28.916256015138476,28.916256015138476,51.87393551968511,True
surrogate_jitter,j=0.1,neg,True,2,11748,,WEAKLY_RHYTHMIC,1.4509050753166635,True,,2.075107504163944,0.5728093022454805,0.6997180225608973,0.8191947145383922,0.18211787343995228,51.84367552977275,51.84367552977275,28.933133784825518,True
surrogate_jitter,j=0.1,neg,True,3,11749,,WEAKLY_RHYTHMIC,1.2985357644649556,True,,2.0796120631923283,0.59752189388246,0.8461334348430587,0.9132666645911784,0.14255894304251254,82.88813513197168,82.88813513197168,18.096679308947547,True
surrogate_jitter,j=0.1,neg,True,4,11750,,WEAKLY_RHYTHMIC,1.5562851028488833,True,,1.531494426368312,0.735760908327191,0.5052437437593205,0.5634248514195301,0.2963861084199771,74.75694823749855,74.75694823749855,20.06502452768117,True
surrogate_jitter,j=0.1,neg,True,5,11751,,RHYTHMIC,2.1252836425555826,True,,7.416356067600134,0.7026154842570579,0.18771154846120672,0.49585118237812287,0.4501134570222331,15.46560953315212,15.46560953315212,96.98938776286806,True
surrogate_jitter,j=0.1,neg,True,6,11752,,WEAKLY_RHYTHMIC,1.6265997378970942,True,,4.153648333885983,0.7239581563595378,0.4826256785119298,0.6695228294486368,0.3943085903341319,35.7609303541262,35.7609303541262,41.9452174522894,True
surrogate_jitter,j=0.1,neg,True,7,11753,,RHYTHMIC,2.165159629539351,True,,4.519966093059911,0.6963327432939012,0.5855434067461575,0.5477930454170695,0.4660638518157404,27.25053995958584,27.25053995958584,55.04478084561218,True
surrogate_jitter,j=0.1,neg,True,8,11754,,WEAKLY_RHYTHMIC,1.6631416244581747,True,,1.4259230657514599,0.6742626372409316,0.9745968029545715,0.970468152276525,0.2968606609206418,100.48926578787277,100.48926578787277,14.926967455075413,True
surrogate_jitter,j=0.1,neg,True,9,11755,,WEAKLY_RHYTHMIC,1.5905260257405205,True,,6.39421021965941,0.5925001655346643,0.6408190993918388,0.6105394132853422,0.3775075123261523,18.663639088991832,18.663639088991832,80.37017822985703,True
surrogate_jitter,j=0.1,neg,True,10,11756,,WEAKLY_RHYTHMIC,1.3085011352195761,True,,1.7918137953764166,0.5566709875538675,0.9109911572999734,0.9490875187950775,0.14461339720601515,78.62298223218019,78.62298223218019,19.078391043096985,True
surrogate_jitter,j=0.1,neg,True,11,11757,,RHYTHMIC,2.0103997865779726,True,,4.6267280998173534,0.6229416617258897,0.5350643887602724,0.6816759597827792,0.40415991463118905,29.1252418994414,29.1252418994414,51.50171817212509,True
surrogate_jitter,j=0.1,neg,True,12,11758,,WEAKLY_RHYTHMIC,1.5572903090779757,True,,2.440353187762396,0.5852706403867989,0.6305771192311652,0.7335758514048595,0.22588166026303075,48.54861877052209,48.54861877052209,30.896862526411873,True
surrogate_jitter,j=0.1,neg,True,13,11759,,WEAKLY_RHYTHMIC,1.7075062811502173,True,,2.0589756605186325,0.5889320781958397,0.9456836576102154,0.9602166395769908,0.3418876835825574,57.51965188828325,57.51965188828325,26.07804377733986,True
surrogate_jitter,j=0.1,neg,True,14,11760,,WEAKLY_RHYTHMIC,1.5790870414533755,True,,4.462563253417106,0.6705389845079638,0.5365125824753361,0.5939470261576838,0.3484932639285099,25.879528803326032,25.879528803326032,57.96086982106182,True
surrogate_jitter,j=0.1,neg,True,15,11761,,RHYTHMIC,2.321756681182374,True,,4.06406761752858,0.5573365907687515,0.8033976745706283,0.8424649714081063,0.5287026724729498,37.569615417229016,37.569615417229016,39.92588115001349,True
surrogate_jitter,j=0.1,neg,True,16,11762,,WEAKLY_RHYTHMIC,1.5732904980441247,True,,7.19844921114181,0.5449889694189131,0.6074071092543456,0.5858786805873653,0.29060351067851775,21.20771796948657,21.20771796948657,70.72896773515112,True
surrogate_jitter,j=0.1,neg,True,17,11763,,RHYTHMIC,2.194187631279109,True,,7.500079371148094,0.5994330816386713,0.19368508675429233,0.5237074426318306,0.47767505251164355,17.447781388502975,17.447781388502975,85.97081580747043,True
surrogate_jitter,j=0.1,neg,True,18,11764,,RHYTHMIC,2.134959000434447,True,,5.331560932999362,0.6178703885898744,0.48169319246041387,0.5847209612283119,0.4539836001737788,18.045118626705282,18.045118626705282,83.12497307610515,True
surrogate_jitter,j=0.1,neg,True,19,11765,,WEAKLY_RHYTHMIC,1.5720295735042527,True,,2.1165994658236764,0.8467835436634965,0.8202897223647589,0.8755249296764877,0.23366100508113893,88.07313213186497,88.07313213186497,17.031300734873014,True
surrogate_jitter,j=0.1,neg,True,20,11766,,RHYTHMIC,2.141230034374111,True,,4.278411719814502,0.7317752679182395,0.8044021988363957,0.7746864095322598,0.45649201374964427,27.43203795948087,27.43203795948087,54.68058925172129,True
surrogate_jitter,j=0.1,neg,True,21,11767,,RHYTHMIC,2.564840127446187,True,,7.144184433540437,0.7554112759549971,0.6793470174921011,0.7647890766595933,0.6259360509784748,20.075952564628743,20.075952564628743,74.71625543899759,True
surrogate_jitter,j=0.1,neg,True,22,11768,,RHYTHMIC,2.1856897834086237,True,,3.741910021355619,0.76028227544278,0.5838372169062689,0.6918774046653825,0.47427591336344954,37.752904176907336,37.752904176907336,39.73204267865355,True
surrogate_jitter,j=0.1,neg,True,23,11769,,WEAKLY_RHYTHMIC,1.5832026865500248,True,,1.6686579461194022,0.7221463994355852,0.9250185002415291,0.952504232877876,0.23992477104102594,96.98674707100729,96.98674707100729,15.466030620676444,True
surrogate_jitter,j=0.1,neg,True,24,11770,,RHYTHMIC,2.034525050594151,True,,4.051758195189121,0.6410142051778137,0.710482991566112,0.7457129078745873,0.41381002023766045,37.69343470330642,37.69343470330642,39.794728493352764,True
surrogate_jitter,j=0.1,neg,True,25,11771,,RHYTHMIC,2.0921450996941795,True,,3.3589611081545945,0.7635721475192001,0.6346319975175375,0.6797751849870439,0.43685803987767186,33.91546627474846,33.91546627474846,44.227609546881425,True
surrogate_jitter,j=0.1,neg,True,26,11772,,WEAKLY_RHYTHMIC,1.480090229800337,True,,6.803300590814416,0.5210127629738872,0.27980060741274343,0.306086078063613,0.38468213421569913,16.438864005626286,16.438864005626286,91.24718103918964,True
surrogate_jitter,j=0.1,neg,True,27,11773,,RHYTHMIC,2.2423778524098,True,,5.59565904804726,0.5892727343374423,0.6263889537075708,0.6012934575396474,0.4969511409639201,26.427497398943306,26.427497398943306,56.75906338600101,True
surrogate_jitter,j=0.1,neg,True,28,11774,,RHYTHMIC,2.11780065431687,True,,4.915509908006089,0.7439081004323232,0.4088622610125006,0.4355330450963068,0.4471202617267479,22.495189244392687,22.495189244392687,66.6809238056933,True
surrogate_jitter,j=0.1,neg,True,29,11775,,RHYTHMIC,2.007135310532165,True,,2.3559671445239974,0.7364006893061745,0.9528627290766619,0.9677132065293289,0.4028541242128661,59.54522300957034,59.54522300957034,25.19093764681869,True
surrogate_jitter,j=0.1,neg,True,30,11776,,ARRHYTHMIC,0.0,True,,1.5307185090946103,0.8357677118376826,0.8632951691338256,0.9114348901320192,-0.13568169633932914,73.6802365564601,73.6802365564601,20.35824082690847,True
surrogate_jitter,j=0.1,neg,True,31,11777,,RHYTHMIC,2.4311471660587287,True,,7.021618341506965,0.6644383903351206,0.4526747557247306,0.5393735859798461,0.5724588664234914,18.253432952258333,18.253432952258333,82.17632288256323,True
surrogate_jitter,j=0.1,neg,True,32,11778,,RHYTHMIC,2.0964591203866716,True,,8.083609626770503,0.6004075051601102,0.2950412310270311,0.41442314990238555,0.4385836481546687,16.10307486009925,16.10307486009925,93.14991161823083,True
surrogate_jitter,j=0.1,neg,True,33,11779,,WEAKLY_RHYTHMIC,1.6286902464740418,True,,5.743595008516235,0.7306491029513534,0.5559923648683675,0.6732923054834934,0.36576983350081105,26.17027030938982,26.17027030938982,57.31694714142116,True
surrogate_jitter,j=0.1,neg,True,34,11780,,WEAKLY_RHYTHMIC,1.4819411174676311,True,,2.107184107079444,0.695404544882203,0.736484125184991,0.8740681245223794,0.1930282509802385,57.869181450627934,57.869181450627934,25.92053252523971,True
surrogate_jitter,j=0.1,neg,True,35,11781,,WEAKLY_RHYTHMIC,1.6497217452746582,True,,2.416462600706531,0.6533269875978069,0.6236155422595684,0.7137182986024312,0.32390024064043266,46.51666944608987,46.51666944608987,32.24650470168363,True
surrogate_jitter,j=0.1,neg,True,36,11782,,WEAKLY_RHYTHMIC,1.612791380855413,True,,2.839569709685939,0.7776347366271201,0.5284922599436218,0.6456467848063264,0.28344955368344005,39.416607187715904,39.416607187715904,38.055025711788595,True
surrogate_jitter,j=0.1,neg,True,37,11783,,RHYTHMIC,2.1517803055221347,True,,3.898564084086166,0.6925860614351119,0.7425443151208079,0.7453038694244652,0.46071212220885394,35.400764793802594,35.400764793802594,42.37196593737422,True
surrogate_jitter,j=0.1,neg,True,38,11784,,ARRHYTHMIC,0.0,True,,1.9788778075794655,0.7685790272610857,0.765868405053857,0.828127356684608,-0.10513537283525753,82.49928517186177,82.49928517186177,18.181975721064898,True
surrogate_jitter,j=0.1,neg,True,39,11785,,RHYTHMIC,2.237887493479585,True,,6.851842480400944,0.49123025575859636,0.22725678154192272,0.5947144065332548,0.495154997391834,16.525756202003915,16.525756202003915,90.76740462975665,True
surrogate_jitter,j=0.1,neg,True,40,11786,,WEAKLY_RHYTHMIC,1.6909232235935874,True,,2.263070880691618,0.6266407070815079,0.7114389123670614,0.8088605132572917,0.3924884307140346,59.72927440900185,59.72927440900185,25.11331361115503,True
surrogate_jitter,j=0.1,neg,True,41,11787,,WEAKLY_RHYTHMIC,1.156382388651874,True,,2.4083222147374412,0.6953778075986924,0.8217737380589087,0.8757880435104527,0.11853711759312026,65.58643482023834,65.58643482023834,22.87058298124077,True
surrogate_jitter,j=0.1,neg,True,42,11788,,WEAKLY_RHYTHMIC,1.609944210390817,True,,5.291949954510592,0.4225477518470578,0.5482970608929597,0.64093395524391,0.35463004165492074,25.385653551360804,25.385653551360804,59.08849252059505,True
surrogate_jitter,j=0.1,neg,True,43,11789,,RHYTHMIC,2.077081639532936,True,,6.368967804149217,0.6956470837952273,0.18880596347488662,0.3769785738365276,0.46798413347496554,17.17790750579144,17.17790750579144,87.32146214515843,True
surrogate_jitter,j=0.1,neg,True,44,11790,,WEAKLY_RHYTHMIC,1.579127893317745,True,,1.918762181097551,0.6429254402272346,0.7305170190192782,0.8218535787865486,0.2376018710013891,57.100809992791866,57.100809992791866,26.269329632790722,True
surrogate_jitter,j=0.1,neg,True,45,11791,,WEAKLY_RHYTHMIC,1.6515942542549369,True,,3.2435219988872066,0.6722070388675604,0.7041878797482851,0.8585864046217415,0.28702167292376524,53.4359679498656,53.4359679498656,28.070980232028766,True
surrogate_jitter,j=0.1,neg,True,46,11792,,ARRHYTHMIC,0.2638950321303498,True,,2.1928697288308467,0.7076317810314922,0.5977885980354346,0.78344421543147,0.05277900642606997,57.77118469473268,57.77118469473268,25.964501298114513,True
surrogate_jitter,j=0.1,neg,True,47,11793,,WEAKLY_RHYTHMIC,1.6379207143034498,True,,3.264917195173496,0.7125571745252873,0.6590652219921227,0.7341202094981181,0.2761826040603923,31.33848463053294,31.33848463053294,47.864471357959566,True
surrogate_jitter,j=0.1,neg,True,48,11794,,RHYTHMIC,2.266674457286499,True,,2.185273558657811,0.7134044906977527,0.9393444069912751,0.950370156717535,0.5066697829145996,60.14705157313435,60.14705157313435,24.93887831186723,True
surrogate_jitter,j=0.1,neg,True,49,11795,,RHYTHMIC,2.0563524237740602,True,,2.0528501509679296,0.5514270598748157,0.7822216882863395,0.8414097885537388,0.42254096950962416,81.10966522485347,81.10966522485347,18.49348034961896,True
surrogate_burst,duty=0.5,neg,True,0,11796,,WEAKLY_RHYTHMIC,1.5665432800881323,True,,3.852837891044001,0.6583170799365897,0.779833425789332,0.8033497270958506,0.2307035406449171,44.1992605162902,44.1992605162902,33.93721936698818,True
surrogate_burst,duty=0.5,neg,True,1,11797,,RHYTHMIC,2.290822268019391,True,,4.980216225602133,0.6293799256922721,0.8326840230850796,0.862057836467405,0.5163289072077565,36.427343605279596,36.427343605279596,41.177858486024704,True
surrogate_burst,duty=0.5,neg,True,2,11798,,RHYTHMIC,2.3707437701936733,True,,6.767636775473847,0.48615577732603366,0.6820726680360348,0.7701972018546217,0.5482975080774694,23.97535802743118,23.97535802743118,62.56423775961089,True
surrogate_burst,duty=0.5,neg,True,3,11799,,WEAKLY_RHYTHMIC,1.420485537614716,True,,5.411066664756897,0.4531772944189416,0.31493864078210215,0.43139561862011,0.3017493579820212,22.463876902714343,22.463876902714343,66.77387017815936,True
surrogate_burst,duty=0.5,neg,True,4,11800,,WEAKLY_RHYTHMIC,1.6955578903271473,True,,5.685605831695206,0.6052651016958372,0.8405389574145544,0.8211741807618038,0.3494537769988559,28.284065225877224,28.284065225877224,53.03339488227608,True
surrogate_burst,duty=0.5,neg,True,5,11801,,WEAKLY_RHYTHMIC,1.5757626755997185,True,,5.833444421503256,0.7129346949400619,0.6224260488536353,0.5892927982077245,0.33699343388943437,28.658131684076974,28.658131684076974,52.34116503252128,True
surrogate_burst,duty=0.5,neg,True,6,11802,,RHYTHMIC,2.0111022738694784,True,,5.247643390643401,0.7777563338628412,0.6512922706244731,0.6642024346600091,0.40444090954779127,27.774419014686,27.774419014686,54.006530225055656,True
surrogate_burst,duty=0.5,neg,True,7,11803,,WEAKLY_RHYTHMIC,1.4704090920427966,True,,2.0836232316825662,0.5762085607277397,0.519348629069332,0.8042035495326662,0.1888249939670057,80.72505421772111,80.72505421772111,18.581591731786208,True
surrogate_burst,duty=0.5,neg,True,8,11804,,WEAKLY_RHYTHMIC,1.5506796771059075,True,,3.3225598725100065,0.7042550406304051,0.4415676628332561,0.5563959323934842,0.3833871378761184,53.07447291003561,53.07447291003561,28.26217421965903,True
surrogate_burst,duty=0.5,neg,True,9,11805,,ARRHYTHMIC,0.0,True,,1.4565802549342748,0.6570818709269186,0.6346049180726235,0.699585445001491,-0.08716366300308263,90.9505180833772,90.9505180833772,16.492484392721135,True
surrogate_burst,duty=0.5,neg,True,10,11806,,RHYTHMIC,2.046576839409906,True,,4.20304213956689,0.5341115481664322,0.822752848854958,0.909076071492246,0.41863073576396254,37.94011772701829,37.94011772701829,39.53598696747863,True
surrogate_burst,duty=0.5,neg,True,11,11807,,WEAKLY_RHYTHMIC,1.657559025936206,True,,4.791286725233143,0.705555020887035,0.7932476745794729,0.8096649588836762,0.2920211294030803,29.559530880588184,29.559530880588184,50.74505431292395,True
surrogate_burst,duty=0.5,neg,True,12,11808,,ARRHYTHMIC,0.0,True,,2.514947277727298,0.6856927322620647,0.6281689227420204,0.6639814168249976,-0.12756364415798385,60.548860729497086,60.548860729497086,24.77338106659466,True
surrogate_burst,duty=0.5,neg,True,13,11809,,WEAKLY_RHYTHMIC,1.5526030967866695,True,,1.6107569284493815,0.7469717299584092,0.9107765918775039,0.9432625077628098,0.22351518144576293,77.04962869531734,77.04962869531734,19.467971817639167,True
surrogate_burst,duty=0.5,neg,True,14,11810,,RHYTHMIC,2.169024465591203,True,,8.34895681641644,0.7172942250392984,0.3891683304010432,0.4626895476505227,0.4676097862364812,15.994552988187689,15.994552988187689,93.78192695399373,True
surrogate_burst,duty=0.5,neg,True,15,11811,,ARRHYTHMIC,0.0,True,,2.111757355870606,0.5951505277270522,0.5993589106278391,0.8264784173751873,-0.07542039138470565,68.54415260259167,68.54415260259167,21.883704780723846,True
surrogate_burst,duty=0.5,neg,True,16,11812,,ARRHYTHMIC,0.0,True,,1.9525485537868297,0.6347354178617237,0.682398151936184,0.7225257553413642,-0.09734213851711092,56.478772676034325,56.478772676034325,26.55865078025139,True
surrogate_burst,duty=0.5,neg,True,17,11813,,WEAKLY_RHYTHMIC,1.5200691259425265,True,,6.028355780107485,0.6167225993126392,0.5591481607635862,0.5209083505848002,0.39579126007055554,18.670070907921843,18.670070907921843,80.34249079169481,True
surrogate_burst,duty=0.5,neg,True,18,11814,,WEAKLY_RHYTHMIC,1.275475266289547,True,,1.855680844427616,0.605188998793377,0.7576669770113894,0.8769129331926985,0.13802151306536858,81.0911959902613,81.0911959902613,18.49769240276273,True
surrogate_burst,duty=0.5,neg,True,19,11815,,WEAKLY_RHYTHMIC,1.3414025916285242,True,,3.2562927572234694,0.7717375463920196,0.9047326558998149,0.919989965369577,0.15183782797942003,40.50097638127484,40.50097638127484,37.036144163020914,True
surrogate_burst,duty=0.5,neg,True,20,11816,,WEAKLY_RHYTHMIC,1.6898126661045283,True,,4.432049500611849,0.6565661121213989,0.8696743812550167,0.8572744409662189,0.3223858264751017,35.65974453664079,35.65974453664079,42.06423852696794,True
surrogate_burst,duty=0.5,neg,True,21,11817,,WEAKLY_RHYTHMIC,1.260163662468103,True,,3.834766994612342,0.5707889326593665,0.9474329142271175,0.9651139198475611,0.13516502897600466,34.9769270208454,34.9769270208454,42.885414121887734,True
surrogate_burst,duty=0.5,neg,True,22,11818,,ARRHYTHMIC,0.0,True,,1.9178771446842118,0.6927217638289364,0.6060564191476545,0.7284678066313309,-0.22773499384777937,54.22780612889977,54.22780612889977,27.66108583545667,True
surrogate_burst,duty=0.5,neg,True,23,11819,,WEAKLY_RHYTHMIC,1.4636224183073114,True,,2.4849490884098473,0.7842163754054496,0.43133094431054103,0.6333850291816292,0.1864358306781246,68.56147353061532,68.56147353061532,21.878176222834426,True
surrogate_burst,duty=0.5,neg,True,24,11820,,WEAKLY_RHYTHMIC,1.406363229172643,True,,2.734304109742745,0.6382277773139902,0.6952930036362861,0.774220398652926,0.1684531769496507,64.2795787932956,64.2795787932956,23.335560502404086,True
surrogate_burst,duty=0.5,neg,True,25,11821,,WEAKLY_RHYTHMIC,1.351981833948585,True,,2.827721998799757,0.5989725916701589,0.9490839596920229,0.9644203997660495,0.1543166615364079,61.99755219574164,61.99755219574164,24.194503603370148,True
surrogate_burst,duty=0.5,neg,True,26,11822,,RHYTHMIC,2.000272536723508,True,,3.7527730292539885,0.625779742079535,0.7060539498195465,0.8194174836920001,0.4001090146894034,30.109474662249994,30.109474662249994,49.81820562550823,True
surrogate_burst,duty=0.5,neg,True,27,11823,,WEAKLY_RHYTHMIC,1.3126188175215114,True,,4.135109368294557,0.6444260045481841,0.7261944872105791,0.7787235949631233,0.14547968805231223,35.962133840758845,35.962133840758845,41.71053938684602,True
surrogate_burst,duty=0.5,neg,True,28,11824,,WEAKLY_RHYTHMIC,1.590786517304821,True,,4.720844006566437,0.5632519962210837,0.5726700138116754,0.6109280621778137,0.25421399838938735,36.593035528621535,36.593035528621535,40.99140665241513,True
surrogate_burst,duty=0.5,neg,True,29,11825,,WEAKLY_RHYTHMIC,1.5069668076632388,True,,2.5815639401778605,0.6719086713401756,0.6017235369654899,0.6430250119031419,0.20282610086765931,46.754410910379065,46.754410910379065,32.0825344773409,True
surrogate_burst,duty=0.5,neg,True,30,11826,,ARRHYTHMIC,0.4970235429105567,True,,1.5329040736061321,0.5143388608501027,0.8154938361744734,0.8563511981553946,0.09940470858211135,76.31629531670646,76.31629531670646,19.655042134515586,True
surrogate_burst,duty=0.5,neg,True,31,11827,,WEAKLY_RHYTHMIC,1.4813414817523498,True,,4.02083371873503,0.5567325275177212,0.384646086351533,0.48201271396188555,0.36982869586713746,27.896524093017014,27.896524093017014,53.77013978510234,True
surrogate_burst,duty=0.5,neg,True,32,11828,,WEAKLY_RHYTHMIC,1.6770604083677858,True,,3.88242247255805,0.5435164318332204,0.7389371024977238,0.7741385896242697,0.3218639105207566,33.74743373550867,33.74743373550867,44.44782414437981,True
surrogate_burst,duty=0.5,neg,True,33,11829,,WEAKLY_RHYTHMIC,1.5677264165083893,True,,2.2089422878631755,0.5952162363728093,0.7465685689140463,0.7900457902635443,0.23133497816884466,58.97456443301934,58.97456443301934,25.434693997674753,True
surrogate_burst,duty=0.5,neg,True,34,11830,,RHYTHMIC,2.15392565987222,True,,5.4440337483049275,0.5688172768377134,0.8797106028713938,0.7807787974398106,0.46157026394888806,22.391137483595408,22.391137483595408,66.99079049016409,True
surrogate_burst,duty=0.5,neg,True,35,11831,,ARRHYTHMIC,0.019966264252566274,True,,2.065560659583887,0.5802549556854313,0.9688146802294542,0.9544259200723736,0.003993252850513255,85.50987338697223,85.50987338697223,17.541833949534663,True
surrogate_burst,duty=0.5,neg,True,36,11832,,WEAKLY_RHYTHMIC,1.237488471303164,True,,3.569254426320784,0.5432405095055466,0.9030378540066537,0.934982154595682,0.1311455581149103,51.40415671733514,51.40415671733514,29.180519549193413,True
surrogate_burst,duty=0.5,neg,True,37,11833,,WEAKLY_RHYTHMIC,1.5088445960092534,True,,5.443207576595986,0.7812074262830444,0.8605329976018076,0.7570486161123664,0.20360154685762963,32.75699179403678,32.75699179403678,45.79175064155513,True
surrogate_burst,duty=0.5,neg,True,38,11834,,RHYTHMIC,2.3055293971312665,True,,7.519889596470016,0.6163020299976988,0.3096898733949941,0.6514547453222894,0.5222117588525067,16.435372611951788,16.435372611951788,91.2665648303709,True
surrogate_burst,duty=0.5,neg,True,39,11835,,RHYTHMIC,2.0506100326919317,True,,4.301169142668169,0.6613016460327922,0.24408405203943978,0.367713511442176,0.5237436529110164,25.54699289560594,25.54699289560594,58.71532536645433,True
surrogate_burst,duty=0.5,neg,True,40,11836,,WEAKLY_RHYTHMIC,1.5564938033785995,True,,4.798625244669589,0.43488920949696436,0.5616297656702887,0.5636899820216328,0.366630031015148,31.12656519759658,31.12656519759658,48.19034771352869,True
surrogate_burst,duty=0.5,neg,True,41,11837,,WEAKLY_RHYTHMIC,1.3921192375120413,False,cycles 8.5 < 10,0.5968651696556035,0.5159161266881054,0.2623534747801848,0.41126486545945284,0.2091348263474255,175.89433916538076,175.89433916538076,8.527846928545314,True
surrogate_burst,duty=0.5,neg,True,42,11838,,ARRHYTHMIC,0.0,True,,2.0450346058924906,0.5031154171143302,0.7857760789231548,0.71895249128647,-0.024100619825674532,57.26664770033539,57.26664770033539,26.19325663777618,True
surrogate_burst,duty=0.5,neg,True,43,11839,,WEAKLY_RHYTHMIC,1.0265681947625267,True,,2.8044514338123236,0.5791550137224525,0.4224418043011629,0.4109696829126913,0.1027293329249752,47.09319477619485,47.09319477619485,31.851735842696222,True
surrogate_burst,duty=0.5,neg,True,44,11840,,WEAKLY_RHYTHMIC,1.675512181655231,True,,5.599736921303784,0.5913627970034637,0.8662375776213759,0.7704449469791018,0.3850580874864021,32.78596058268623,32.78596058268623,45.75129028832321,True
surrogate_burst,duty=0.5,neg,True,45,11841,,RHYTHMIC,2.0400984313272565,True,,3.980657621812414,0.5392387303441672,0.4746485206757309,0.5468256255068409,0.4160393725309027,30.42734904964246,30.42734904964246,49.29775504112232,True
surrogate_burst,duty=0.5,neg,True,46,11842,,WEAKLY_RHYTHMIC,1.600407843326626,True,,1.4439452101142662,0.5193316023071167,0.5440552429438241,0.7661920323595346,0.250255162244688,74.96007271890548,74.96007271890548,20.010652946200906,True
surrogate_burst,duty=0.5,neg,True,47,11843,,WEAKLY_RHYTHMIC,1.64819239408198,True,,1.6670942347617028,0.7271900376507802,0.7978712157033406,0.814981397555485,0.2842462707395318,95.73779226739484,95.73779226739484,15.667793924164377,True
surrogate_burst,duty=0.5,neg,True,48,11844,,WEAKLY_RHYTHMIC,1.380247296725646,True,,3.83687459664818,0.6011907256517363,0.3820249500063044,0.4033867035660662,0.2802279391795017,34.43125879730095,34.43125879730095,43.565064200254696,True
surrogate_burst,duty=0.5,neg,True,49,11845,,WEAKLY_RHYTHMIC,1.4140413398498213,True,,2.978643797378948,0.5672799537897212,0.8043154266731091,0.7798477080438452,0.17066050354878348,38.84585973048967,38.84585973048967,38.61415374526174,True
surrogate_burst,duty=0.5,neg,True,50,11846,,WEAKLY_RHYTHMIC,1.6533559185932352,True,,4.398210647633743,0.6849491786394399,0.6387674142658462,0.7212008322353004,0.3857154637950917,27.09515985234577,27.09515985234577,55.36044105937013,True
surrogate_burst,duty=0.5,neg,True,51,11847,,RHYTHMIC,2.1482094442940967,True,,7.99529006809293,0.5063774839017092,0.5231797116119934,0.6331721007343832,0.45928377771763873,18.12360232848258,18.12360232848258,82.76500293998612,True
surrogate_burst,duty=0.5,neg,True,52,11848,,WEAKLY_RHYTHMIC,1.6874901079246964,True,,5.583416047267327,0.5931888074370093,0.8169365579279951,0.7999746770888108,0.3773701861385591,31.522058942437432,31.522058942437432,47.58572410321155,True
surrogate_burst,duty=0.5,neg,True,53,11849,,WEAKLY_RHYTHMIC,1.3181482362170258,True,,9.720090173119251,0.699950737106424,0.3163734542665023,0.6189672507815682,0.14665944316868978,16.880748509904475,16.880748509904475,88.85861898362516,True
surrogate_burst,duty=0.5,neg,True,54,11850,,WEAKLY_RHYTHMIC,1.43400639769599,True,,3.7342348037355024,0.5617448568677034,0.8862548101043592,0.9281228251387112,0.17668044231052527,44.32906735518904,44.32906735518904,33.83784251496133,True
surrogate_burst,duty=0.5,neg,True,55,11851,,RHYTHMIC,2.0585422089384826,True,,5.2678447314379975,0.5524749391354008,0.6870847629719025,0.7125133076862078,0.423416883575393,24.800291054678162,24.800291054678162,60.48316113278235,True
surrogate_burst,duty=0.5,neg,True,56,11852,,RHYTHMIC,2.110684572003576,True,,6.773452246227925,0.4816975030043436,0.6438512166629146,0.6537467413169379,0.44427382880143035,23.7477238779097,23.7477238779097,63.163948162430444,True
surrogate_burst,duty=0.5,neg,True,57,11853,,WEAKLY_RHYTHMIC,1.6573392028115235,True,,5.0978851749494964,0.6030875428558828,0.6647341917520257,0.7438398204791965,0.2918337925449819,32.458775328943,32.458775328943,46.21246441982895,True
surrogate_burst,duty=0.5,neg,True,58,11854,,WEAKLY_RHYTHMIC,1.5852123870074533,True,,5.310761473778497,0.5000055232303187,0.548846278301477,0.6027180951628182,0.31293502345556273,25.084301793253797,25.084301793253797,59.79835565538491,True
surrogate_burst,duty=0.5,neg,True,59,11855,,WEAKLY_RHYTHMIC,1.5622430502269973,True,,6.385740678613811,0.6683898802403204,0.5850953372545978,0.5710931605532169,0.36811066769368683,17.95587361782577,17.95587361782577,83.53812417742063,True
surrogate_burst,duty=0.5,neg,True,60,11856,,RHYTHMIC,2.3465874609101043,True,,7.228106176593007,0.5659791363483178,0.6060374800718044,0.5761673483070171,0.5386349843640417,17.731552122536538,17.731552122536538,84.59496324033148,True
surrogate_burst,duty=0.5,neg,True,61,11857,,ARRHYTHMIC,0.0,True,,1.502893123220975,0.7183303595834973,0.8723915490737004,0.9211968543786355,-0.11060100810662779,72.67737399440425,72.67737399440425,20.63916068452737,True
surrogate_burst,duty=0.5,neg,True,62,11858,,ARRHYTHMIC,0.0,True,,1.8275382594480887,0.5193434323701983,0.7395358312544011,0.8573830572747997,-0.14458260457250308,80.85941081794464,80.85941081794464,18.550716420346635,True
surrogate_burst,duty=0.5,neg,True,63,11859,,ARRHYTHMIC,0.20245989192846028,True,,1.8698057473720624,0.5229195048041446,0.5752777600091139,0.5630695518637181,0.04049197838569206,91.95705398254304,91.95705398254304,16.311962324116617,True
surrogate_burst,duty=0.5,neg,True,64,11860,,WEAKLY_RHYTHMIC,1.603879321805227,True,,4.619706488373973,0.7102527018871073,0.783595106031523,0.7555202912547163,0.25244832068784323,37.07810115330756,37.07810115330756,40.45514611975194,True
surrogate_burst,duty=0.5,neg,True,65,11861,,WEAKLY_RHYTHMIC,1.5366784245695486,True,,6.4711876237403425,0.6554676935562262,0.2952223227628297,0.5395820381723777,0.3970346854316156,19.15328035959617,19.15328035959617,78.31556641149831,True
surrogate_burst,duty=0.5,neg,True,66,11862,,WEAKLY_RHYTHMIC,1.3434694529863922,True,,3.0380627298888347,0.6452010654605634,0.954364470218774,0.9548370146505457,0.1523158373283236,48.27755917537241,48.27755917537241,31.070336314044383,True
surrogate_burst,duty=0.5,neg,True,67,11863,,ARRHYTHMIC,0.0,True,,1.9162477127179993,0.5436773634331264,0.9606048662786305,0.9417415095786102,-0.00882851723350193,56.49802134195231,56.49802134195231,26.549602346625594,True
surrogate_burst,duty=0.5,neg,True,68,11864,,RHYTHMIC,2.146388817937955,True,,4.141696398058298,0.4611581465887349,0.33754799194734963,0.41228197095336083,0.4585555271751821,32.74231186758168,32.74231186758168,45.81228124838544,True
surrogate_burst,duty=0.5,neg,True,69,11865,,WEAKLY_RHYTHMIC,1.6988038152349176,True,,2.1876950513373488,0.6805918432239108,0.9990940167476838,0.9986581975390507,0.3320095175773722,88.2890480011954,88.2890480011954,16.989649723935077,True
surrogate_burst,duty=0.5,neg,True,70,11866,,RHYTHMIC,2.240487344322469,True,,4.085885527835676,0.655759768595268,0.988114288734388,0.9941996064662832,0.49619493772898765,44.12000642178088,44.12000642178088,33.998181814848735,True
surrogate_burst,duty=0.5,neg,True,71,11867,,WEAKLY_RHYTHMIC,1.4259238738176454,True,,3.9348819523398246,0.6035077560177998,0.2705901144850202,0.3023886315147267,0.34838585142011325,30.20717510037737,30.20717510037737,49.657076340821455,True
surrogate_burst,duty=0.5,neg,True,72,11868,,WEAKLY_RHYTHMIC,1.6096446328678071,True,,5.289265320816665,0.6238910984638623,0.8375097456164113,0.7077961302378718,0.25617682865401786,22.29690156353433,22.29690156353433,67.2739212542961,True
surrogate_burst,duty=0.5,neg,True,73,11869,,ARRHYTHMIC,0.36296706671373424,True,,5.833421844902764,0.711800080723171,0.4776306192532334,0.38899113812305924,0.07259341334274685,27.21854950334297,27.21854950334297,55.10947597761485,True
surrogate_burst,duty=0.5,neg,True,74,11870,,WEAKLY_RHYTHMIC,1.641431237878905,True,,4.313049647136669,0.6132649737231184,0.8611974638972277,0.8682011257849375,0.27888653603971303,33.497628311665906,33.497628311665906,44.77928962742742,True
surrogate_burst,duty=0.5,neg,True,75,11871,,WEAKLY_RHYTHMIC,1.451857392424777,True,,2.900301263450439,0.5592532431954921,0.43626738735912274,0.45608569110492275,0.2620208358848147,48.70276909004354,48.70276909004354,30.79907011502247,True
surrogate_burst,duty=0.5,neg,True,76,11872,,WEAKLY_RHYTHMIC,1.5374331642450834,True,,4.3354354160589805,0.6356335090757589,0.6060675028952368,0.5825128169058582,0.216184975381554,26.602063882740282,26.602063882740282,56.38660243099472,True
surrogate_burst,duty=0.5,neg,True,77,11873,,WEAKLY_RHYTHMIC,1.414806399218709,True,,4.006622674085612,0.5485900992129984,0.40236381083172107,0.42720904614511407,0.19327094620112636,33.28633323821819,33.28633323821819,45.063539719591375,True
surrogate_burst,duty=0.5,neg,True,78,11874,,WEAKLY_RHYTHMIC,1.3399483366159224,True,,3.4060887052661735,0.45217304828925353,0.33861605342192475,0.37875823040616663,0.30047897355991254,40.087269113039014,40.087269113039014,37.41836331555201,True
surrogate_burst,duty=0.5,neg,True,79,11875,,WEAKLY_RHYTHMIC,1.6367728015091982,True,,3.4022527699274567,0.6537606004874854,0.8824869849745309,0.9127997609558213,0.2753097797067429,51.5726461251605,51.5726461251605,29.08518590183803,True
surrogate_burst,duty=0.5,neg,True,80,11876,,RHYTHMIC,2.2571960814858594,True,,6.9718019034447165,0.501775824133243,0.7684730228007159,0.629721553003295,0.5028784325943438,17.707175660021218,17.707175660021218,84.71142031908903,True
surrogate_burst,duty=0.5,neg,True,81,11877,,WEAKLY_RHYTHMIC,1.3995279383679882,True,,3.2693341068585027,0.6457491783885407,0.3955119500479706,0.4163391038053123,0.2043667990923234,40.786631687493596,40.786631687493596,36.77675595996678,True
surrogate_burst,duty=0.5,neg,True,82,11878,,ARRHYTHMIC,0.09696606907484341,True,,2.222283551916396,0.6991318160191059,0.6934364135156647,0.7870734360012629,0.019393213814968682,65.66036236272296,65.66036236272296,22.844832803597008,True
surrogate_burst,duty=0.5,neg,True,83,11879,,WEAKLY_RHYTHMIC,1.5898179034048183,True,,2.7241153226738533,0.6372034802818123,0.8829037403248753,0.9045940173693634,0.24379416076438937,47.833803485637866,47.833803485637866,31.358576794972535,True
surrogate_burst,duty=0.5,neg,True,84,11880,,WEAKLY_RHYTHMIC,1.5329519729578558,True,,2.1156882093596074,0.5586720335643959,0.9347705301040065,0.9467480019120431,0.214110742814414,81.00849414458781,81.00849414458781,18.516576759502883,True
surrogate_burst,duty=0.5,neg,True,85,11881,,WEAKLY_RHYTHMIC,1.345198926319099,True,,4.21894816674093,0.7458638448036351,0.7380007990826009,0.6772462560308663,0.15271813688065553,33.495981466272724,33.495981466272724,44.781491221875605,True
surrogate_burst,duty=0.5,neg,True,86,11882,,WEAKLY_RHYTHMIC,1.6099050291839065,True,,3.377649847458584,0.6557380925839746,0.5331396843660727,0.6514405065605601,0.2563478318902605,52.60572973175673,52.60572973175673,28.51400422822171,True
surrogate_burst,duty=0.5,neg,True,87,11883,,WEAKLY_RHYTHMIC,1.415707551531564,True,,2.639634772024428,0.5535330356095091,0.7689564836911844,0.8734536676891675,0.1711471716982187,49.27430844717899,49.27430844717899,30.44182754199317,True
surrogate_burst,duty=0.5,neg,True,88,11884,,ARRHYTHMIC,0.4166353824193253,True,,2.0637200862942664,0.5328728838252863,0.9057963759262685,0.9298360556529641,0.08332707648386506,89.85811550838584,89.85811550838584,16.69298306016684,True
surrogate_burst,duty=0.5,neg,True,89,11885,,ARRHYTHMIC,0.0,True,,1.8362462316466899,0.7968064019430325,0.790574666746183,0.8445447388754462,-0.24390210036384832,76.4432977489942,76.4432977489942,19.622387366454717,True
surrogate_burst,duty=0.5,neg,True,90,11886,,RHYTHMIC,2.075471160590641,True,,5.542691751556778,0.6753883629115567,0.45218651252399306,0.5256613342286844,0.43018846423625645,23.797801393351538,23.797801393351538,63.03103279192251,True
surrogate_burst,duty=0.5,neg,True,91,11887,,ARRHYTHMIC,0.3194244120739773,True,,3.4920617310800135,0.5785550387605177,0.6419311001840851,0.7188484449500543,0.06388488241479547,49.0092438769324,49.0092438769324,30.606470970388052,True
surrogate_burst,duty=0.5,neg,True,92,11888,,RHYTHMIC,2.0683896702498092,True,,6.760760371664968,0.5739147838245096,0.5902051644939829,0.5925330968452366,0.4273558680999238,19.02781026893282,19.02781026893282,78.83198217763855,True
surrogate_burst,duty=0.5,neg,True,93,11889,,RHYTHMIC,2.084858109949116,True,,3.6740810987788564,0.6072316022347009,0.7402667457920137,0.8270765481627113,0.43394324397964656,41.14493567832062,41.14493567832062,36.45649155286817,True
surrogate_burst,duty=0.5,neg,True,94,11890,,RHYTHMIC,2.138240401716554,True,,8.207426525496695,0.7808758856185409,0.8173617138858705,0.8397574070561434,0.4552961606866216,21.009183322427617,21.009183322427617,71.3973492914752,True
surrogate_burst,duty=0.5,neg,True,95,11891,,WEAKLY_RHYTHMIC,1.5880737979554391,True,,2.112849620921033,0.5308165567931363,0.719447484860046,0.8016459060327294,0.2427619304226302,86.64758204248196,86.64758204248196,17.31150442564656,True
surrogate_burst,duty=0.5,neg,True,96,11892,,WEAKLY_RHYTHMIC,1.4212673338853068,True,,4.659793100467507,0.581488525966451,0.49460581050908325,0.6348297706555951,0.17279135230321005,29.09971348553043,29.09971348553043,51.54689927603107,True
surrogate_burst,duty=0.5,neg,True,97,11893,,ARRHYTHMIC,0.0,True,,2.628829572369099,0.6160896273478178,0.8304370939432177,0.8909027034016297,-0.09103888731962956,59.327812529844444,59.327812529844444,25.28325141341484,True
surrogate_burst,duty=0.5,neg,True,98,11894,,RHYTHMIC,2.059752072943973,True,,7.845289825036929,0.6020807672122265,0.7444518469020692,0.6339912243202781,0.42390082917758937,21.221765449895013,21.221765449895013,70.68214958560013,True
surrogate_burst,duty=0.5,neg,True,99,11895,,WEAKLY_RHYTHMIC,1.7065871579424288,True,,5.0891056543536575,0.6040701273697746,0.8589164950175564,0.8520417792447779,0.38393011613992445,26.76259320135723,26.76259320135723,56.04838024156528,True
shape_randomized,fresh-cycle,neg,True,0,11896,91.74096412379569,ARRHYTHMIC,0.0,True,,1.0700334004709218,0.7477246195506362,0.759228672119516,0.798433915218079,-0.024150413146724798,70.22625437278415,70.22625437278415,21.35953303215496,True
shape_randomized,fresh-cycle,neg,True,1,11897,39.35636493559541,WEAKLY_RHYTHMIC,1.3653945867326003,False,cycles 4.6 < 10,1.3376156213007155,0.5224413792298018,0.0,0.8628075971564428,0.15757823351226857,323.65042874271086,323.65042874271086,4.634630041514451,True
shape_randomized,fresh-cycle,neg,True,2,11898,59.28274031941805,ARRHYTHMIC,0.045586030966307985,False,cycles 3.4 < 10,1.5746576559717367,0.5473286418551897,0.0,0.32583445705782876,0.009117206193261597,441.01622000303865,441.01622000303865,3.4012354466002743,True
shape_randomized,fresh-cycle,neg,True,3,11899,27.32512276141547,WEAKLY_RHYTHMIC,1.6091856693660127,True,,1.0119461609652458,0.5713153132524862,0.4111515048614162,0.6396899509658325,0.3052726294968979,38.67799533098182,38.67799533098182,38.78174106915182,True
shape_randomized,fresh-cycle,neg,True,4,11900,20.832926577745532,WEAKLY_RHYTHMIC,1.6195374957703077,True,,1.5553260479890396,0.34938942432364434,0.6158154392955942,0.6570949757747225,0.2885372969347684,35.356357899245275,35.356357899245275,42.425184298522424,True
shape_randomized,fresh-cycle,neg,True,5,11901,40.45833205014033,WEAKLY_RHYTHMIC,1.345881895194191,False,cycles 7.2 < 10,0.9814452692524237,0.579948440911535,0.9491767593369782,0.7707496889682622,0.15287759085905056,209.0185110971489,209.0185110971489,7.176397880390703,True
shape_randomized,fresh-cycle,neg,True,6,11902,18.139035505492167,WEAKLY_RHYTHMIC,1.4588370258814805,True,,2.277679334757438,0.31830484649392676,0.3028995012892642,0.4619680428196623,0.30218717012144586,20.27825821294079,20.27825821294079,73.97085017108415,True
shape_randomized,fresh-cycle,neg,True,7,11903,35.79835952314108,WEAKLY_RHYTHMIC,1.507745323421612,True,,1.764182819173351,0.5517790619799589,0.47672492735061883,0.5078671913037465,0.25639256548749967,27.84232364473859,27.84232364473859,53.87481372387026,True
shape_randomized,fresh-cycle,neg,True,8,11904,52.54151632035516,WEAKLY_RHYTHMIC,1.4262911510115945,True,,1.368147006528297,0.6408304199661604,0.6696340119592413,0.6546168640614394,0.1743044406170925,37.682499315714395,37.682499315714395,39.80627684572049,True
shape_randomized,fresh-cycle,neg,True,9,11905,88.28700987519206,WEAKLY_RHYTHMIC,1.5566629545519142,True,,0.5173720580346484,0.6991661491821245,0.41631709191835237,0.5639050527512813,0.29228601102182294,84.90471410435876,84.90471410435876,17.666863563739323,True
shape_randomized,fresh-cycle,neg,True,10,11906,34.230774500145856,WEAKLY_RHYTHMIC,1.330847411972842,True,,1.7969467974397464,0.5531417434297025,0.3991713526129287,0.42963249393146363,0.14944274562970294,132.1483074680989,132.1483074680989,11.350883176177687,True
shape_randomized,fresh-cycle,neg,True,11,11907,18.986753468599137,WEAKLY_RHYTHMIC,1.5227254572323026,True,,1.8962743513264058,0.21132685553088976,0.5343261056476398,0.5238075313010814,0.2381727000403544,28.41238323650692,28.41238323650692,52.793881721004595,True
shape_randomized,fresh-cycle,neg,True,12,11908,19.732728213455992,WEAKLY_RHYTHMIC,1.216302041645944,True,,2.2680560267583325,0.3296211669846329,0.3394360933287712,0.3190004482403615,0.2009607996872294,131.32313218672817,131.32313218672817,11.422207002092764,True
shape_randomized,fresh-cycle,neg,True,13,11909,34.26352933739202,ARRHYTHMIC,0.13689375947260815,False,cycles 7.1 < 10,1.0116916763122232,0.5968480264222028,0.9421359952340571,0.43136740284205305,0.027378751894521634,211.97786232266577,211.97786232266577,7.076210617299032,True
shape_randomized,fresh-cycle,neg,True,14,11910,44.80506078071246,WEAKLY_RHYTHMIC,1.6407759306278906,True,,0.5320242312587843,0.6833552009885488,0.7406063522211127,0.7900389643377327,0.27837778291079107,61.54959142607877,61.54959142607877,24.370592318252903,True
shape_randomized,fresh-cycle,neg,True,15,11911,63.8303975975987,WEAKLY_RHYTHMIC,1.495773314051117,True,,1.0285984177396845,0.6448084405466096,0.5937151062665059,0.6621022312817674,0.19832349771772623,129.02635056079126,129.02635056079126,11.625532253531958,True
shape_randomized,fresh-cycle,neg,True,16,11912,28.770227083964713,ARRHYTHMIC,0.43457540254218496,True,,2.928511072972732,0.43619542068368006,0.2912284673903406,0.42691702718430447,0.08691508050843699,23.97290915165366,23.97290915165366,62.57062880899999,True
shape_randomized,fresh-cycle,neg,True,17,11913,80.90569226086066,ARRHYTHMIC,0.23292415975155567,True,,1.1148244019686735,0.6672928990212054,0.4953883812363961,0.7505376648506715,0.046584831950311135,82.3219647313651,82.3219647313651,18.221139460104407,True
shape_randomized,fresh-cycle,neg,True,18,11914,30.78071747613785,WEAKLY_RHYTHMIC,1.6455496397494416,True,,0.7059995451592712,0.5487323272070785,0.5885813039957082,0.7568142755540954,0.28212695264101495,50.11069324135041,50.11069324135041,29.93373076631532,True
shape_randomized,fresh-cycle,neg,True,19,11915,38.84375139065569,WEAKLY_RHYTHMIC,1.5667488464280135,True,,1.409357786830323,0.5262990264959373,0.3855565665594095,0.5770325086011837,0.2533193227241098,39.76618892015722,39.76618892015722,37.720486693148004,True
shape_randomized,fresh-cycle,neg,True,20,11916,64.8537595982822,ARRHYTHMIC,0.144846416917644,False,cycles 3.1 < 10,1.0126314936175151,0.6711141239263507,0.0,0.33449559908860715,0.0289692833835288,477.9241025572201,477.9241025572201,3.1385736604912293,True
shape_randomized,fresh-cycle,neg,True,21,11917,99.60897255976198,WEAKLY_RHYTHMIC,1.4964768131729451,False,cycles 4.3 < 10,0.8472693535299853,0.6850754702427436,0.0,0.5686916414698541,0.1986005860626772,348.36747342503764,348.36747342503764,4.3057980851440565,True
shape_randomized,fresh-cycle,neg,True,22,11918,23.118046113222107,WEAKLY_RHYTHMIC,1.5850270409141616,True,,2.537905889917328,0.3745652236533178,0.4069550875852318,0.602448893418828,0.33915638137387366,25.254512028242917,25.254512028242917,59.39532699434076,True
shape_randomized,fresh-cycle,neg,True,23,11919,33.62820441267904,ARRHYTHMIC,0.6681029896997938,False,cycles 5.3 < 10,1.6856640320481668,0.4608582497997677,0.0,0.15821130443968773,0.13362059793995876,280.4783295201042,280.4783295201042,5.348006751774678,True
shape_randomized,fresh-cycle,neg,True,24,11920,47.084599277623774,WEAKLY_RHYTHMIC,1.3564345063473315,True,,2.2394868093954448,0.4305121770824859,0.5850909006143931,0.7563476739170808,0.1553843408111155,40.85730491701231,40.85730491701231,36.71314109060152,True
shape_randomized,fresh-cycle,neg,True,25,11921,17.868927546536074,WEAKLY_RHYTHMIC,1.4185646585345366,True,,2.651228888505249,0.3397494796223176,0.24972298739859317,0.4299704234866324,0.24232971943832146,17.19761881939589,17.19761881939589,87.22137731697273,True
shape_randomized,fresh-cycle,neg,True,26,11922,56.77515516635895,WEAKLY_RHYTHMIC,1.0739863467230366,False,cycles 5.1 < 10,1.045927519991853,0.6798201668016116,0.0,0.2699744211279215,0.18083471130409873,295.68788617927737,295.68788617927737,5.072916646610747,True
shape_randomized,fresh-cycle,neg,True,27,11923,30.77334648066777,WEAKLY_RHYTHMIC,1.461712002667059,True,,1.2635083831233866,0.5641257052072465,0.6409356100537091,0.7227120997089053,0.185774158991972,32.46069982728236,32.46069982728236,46.20972462027111,True
shape_randomized,fresh-cycle,neg,True,28,11924,67.86668310413698,WEAKLY_RHYTHMIC,1.670934820031792,False,cycles 8.6 < 10,0.764409004836216,0.6447639944356248,0.9116734867815062,0.47064648843379775,0.3292754856384677,174.1632750243784,174.1632750243784,8.612607909388695,True
shape_randomized,fresh-cycle,neg,True,29,11925,38.7395154544665,RHYTHMIC,2.1777929297825045,True,,1.0884944488808614,0.6060297005748021,0.5381022886434793,0.6763649115504274,0.4711171719130018,49.841944847697334,49.841944847697334,30.095133819187215,True
shape_randomized,fresh-cycle,neg,True,30,11926,17.3818271101459,WEAKLY_RHYTHMIC,1.332572751573922,True,,3.954124775859975,0.27562467969181964,0.26323825591160493,0.273132886781697,0.29965812824040156,21.034345529225526,21.034345529225526,71.31194065039348,True
shape_randomized,fresh-cycle,neg,True,31,11927,30.101014252932497,ARRHYTHMIC,0.15062659010947177,False,cycles 9.0 < 10,1.4524289523506595,0.5937862688038869,0.0877093966887395,0.27007853250810465,0.030125318021894356,166.23544134506918,166.23544134506918,9.023346573167398,True
shape_randomized,fresh-cycle,neg,True,32,11928,82.8696477790765,WEAKLY_RHYTHMIC,1.650258475205822,True,,0.8831402696517829,0.6158882179593479,0.7438183857646329,0.7998425146947589,0.2859254418212129,88.51637117046499,88.51637117046499,16.946017783662835,True
shape_randomized,fresh-cycle,neg,True,33,11929,18.63071343640144,WEAKLY_RHYTHMIC,1.3884627021653948,True,,1.4593913530130926,0.47298149627505925,0.24650720316563737,0.4088058093680075,0.2625958098220489,20.12678471311225,20.12678471311225,74.52755228324055,True
shape_randomized,fresh-cycle,neg,True,34,11930,64.23217815812696,WEAKLY_RHYTHMIC,1.2748031436498264,True,,1.3180802503100677,0.608650592360628,0.47589282769324587,0.30222987213168306,0.13789359278705052,50.19632201354778,50.19632201354778,29.88266749095992,True
shape_randomized,fresh-cycle,neg,True,35,11931,22.724454707544346,WEAKLY_RHYTHMIC,1.5515305528676688,True,,2.2499364638193313,0.3200967313620965,0.4759412439412295,0.623536089402134,0.22298063031815119,49.11547199507806,49.11547199507806,30.540274562572,True
shape_randomized,fresh-cycle,neg,True,36,11932,98.83911761114372,WEAKLY_RHYTHMIC,1.6363309363483447,True,,1.2633311379808354,0.6769358332029187,0.6860574085378197,0.732416485742197,0.27497527283702694,90.03674261325308,90.03674261325308,16.65986525571179,True
shape_randomized,fresh-cycle,neg,True,37,11933,47.816203067877005,WEAKLY_RHYTHMIC,1.3054545614838893,True,,1.4242415744271992,0.6154919830868846,0.20548617104929381,0.40347510911043544,0.14397906091450113,46.06193219588513,46.06193219588513,32.564851895943704,True
shape_randomized,fresh-cycle,neg,True,38,11934,62.028631498465394,WEAKLY_RHYTHMIC,1.6004599858427597,True,,1.2890797852007725,0.6358271298907225,0.6911365396943419,0.8573446740146247,0.2502878221369954,50.54167706701873,50.54167706701873,29.678476992581512,True
shape_randomized,fresh-cycle,neg,True,39,11935,29.560411488449343,WEAKLY_RHYTHMIC,1.5554225226866178,True,,0.757927237841363,0.5868067521360653,0.6542265491851454,0.562331680657262,0.28495871931191497,38.17958556396937,38.17958556396937,39.28801158636913,True
shape_randomized,fresh-cycle,neg,True,40,11936,24.404915723153323,WEAKLY_RHYTHMIC,1.472455947433292,True,,0.842838453945375,0.5286142483175417,0.35888684169244606,0.473894073459178,0.20038753623290098,27.351830319326417,27.351830319326417,54.84093687653952,True
shape_randomized,fresh-cycle,neg,True,41,11937,18.640331655934332,WEAKLY_RHYTHMIC,1.4176904216775186,True,,1.237795160680951,0.4574470505326185,0.30272868369890626,0.42932489745437563,0.25197078369686465,25.224177584934743,25.224177584934743,59.46675545512659,True
shape_randomized,fresh-cycle,neg,True,42,11938,66.0499100661445,WEAKLY_RHYTHMIC,1.6478902362303043,True,,1.0363660364706955,0.6019282002908078,0.5178533036437067,0.7100058723833556,0.28959394062043936,77.81135382258107,77.81135382258107,19.277392389549917,True
shape_randomized,fresh-cycle,neg,True,43,11939,17.05175807616452,WEAKLY_RHYTHMIC,1.3920899036607053,True,,4.141357872847153,0.1894163432197272,0.060489632977967285,0.4112450204486599,0.2553383612373368,17.53989417898758,17.53989417898758,85.51933008791855,True
shape_randomized,fresh-cycle,neg,True,44,11940,46.84144434924026,WEAKLY_RHYTHMIC,1.455756481212439,True,,1.2392514386080182,0.5625484233461032,0.6888253664718105,0.7743009799535975,0.18374127857833772,44.86629797822922,44.86629797822922,33.432667003813314,True
shape_randomized,fresh-cycle,neg,True,45,11941,95.62240627192696,WEAKLY_RHYTHMIC,1.4747642512525494,True,,0.572401987660215,0.6845752904328147,0.6025047872716829,0.7450381876015308,0.1903906964415004,94.29370983208351,94.29370983208351,15.907741912702049,True
shape_randomized,fresh-cycle,neg,True,46,11942,52.422094611301965,WEAKLY_RHYTHMIC,1.6324480612012104,True,,1.2084627238412102,0.5454804736890609,0.5599872768916262,0.6801759795283203,0.2816589235923662,50.666895318896046,50.666895318896046,29.605129553706444,True
shape_randomized,fresh-cycle,neg,True,47,11943,87.76938332356481,WEAKLY_RHYTHMIC,1.4618848139818037,True,,0.4950718997028873,0.7351191675976233,0.4458902672967023,0.46458454712992675,0.2575426494885943,96.83523305611733,96.83523305611733,15.490229668066474,True
shape_randomized,fresh-cycle,neg,True,48,11944,65.59012911140857,WEAKLY_RHYTHMIC,1.6468425848000434,True,,0.8787008165377493,0.6386247079551874,0.8465187377328457,0.8567285301612502,0.28315984797708504,85.293783733233,85.293783733233,17.586275744214117,True
shape_randomized,fresh-cycle,neg,True,49,11945,62.21140502301298,RHYTHMIC,2.1278324280206906,True,,0.6741006366488331,0.6722957917638445,0.6058425952283965,0.6994740995280129,0.4511329712082764,71.7394216639428,71.7394216639428,20.909006027768413,True
shape_randomized,fresh-cycle,neg,True,50,11946,73.11789890166513,WEAKLY_RHYTHMIC,1.189133039575371,True,,1.168620078172921,0.6668357820578187,0.6406230759054032,0.7145379961985245,0.12332479294461907,49.93133321120785,49.93133321120785,30.041256732622195,True
shape_randomized,fresh-cycle,neg,True,51,11947,92.24708482747367,WEAKLY_RHYTHMIC,1.6010747222024015,True,,0.8249820457088678,0.6546793398398439,0.9507769582850738,0.8354374936051953,0.2506735109694822,104.9433148417582,104.9433148417582,14.293430717924418,True
shape_randomized,fresh-cycle,neg,True,52,11948,26.081941520849618,WEAKLY_RHYTHMIC,1.3392939105524644,True,,2.1460068298850974,0.3640227882877203,0.18627952705376982,0.3485265171031922,0.30270645782489236,22.603981899746493,22.603981899746493,66.35998943251776,True
shape_randomized,fresh-cycle,neg,True,53,11949,68.11899744105929,ARRHYTHMIC,0.3785727201690865,True,,1.1795918059026156,0.6344614996280916,0.4665370774744129,0.4144040251941967,0.0757145440338173,51.73303500786277,51.73303500786277,28.99501256348132,True
shape_randomized,fresh-cycle,neg,True,54,11950,80.8350388911063,ARRHYTHMIC,0.37744102991558565,True,,1.2003811853129112,0.6607723965469648,0.8551915006869142,0.8773900121490124,0.07548820598311713,88.49856687578587,88.49856687578587,16.949427012816585,True
shape_randomized,fresh-cycle,neg,True,55,11951,38.89470401225691,WEAKLY_RHYTHMIC,1.6655541806569778,True,,2.0828585336334307,0.45383606456332287,0.587984045384232,0.7475052326594913,0.3089217492514581,47.3108136206969,47.3108136206969,31.70522519493937,True
shape_randomized,fresh-cycle,neg,True,56,11952,65.4870746007123,WEAKLY_RHYTHMIC,1.5272258949703665,False,cycles 4.9 < 10,0.8070205181129984,0.6619371349764205,0.0,0.5287937671297163,0.26255737651151856,305.25888256232025,305.25888256232025,4.913861924046606,True
shape_randomized,fresh-cycle,neg,True,57,11953,63.60018675176049,WEAKLY_RHYTHMIC,1.6142220533205855,True,,1.6457781710492896,0.6419914141034518,0.5643636433471869,0.6480411909282952,0.3083808198756139,56.72775710365348,56.72775710365348,26.442081911667795,True
shape_randomized,fresh-cycle,neg,True,58,11954,49.22898047199043,WEAKLY_RHYTHMIC,1.3606042837160701,True,,1.5013371095190295,0.4940462014851511,0.35189765329541794,0.6447046866366166,0.1563976696327975,43.51683323215746,43.51683323215746,34.46941995980422,True
shape_randomized,fresh-cycle,neg,True,59,11955,28.806641463077366,WEAKLY_RHYTHMIC,1.6141363948057652,True,,1.1381899743597295,0.5733314887532371,0.575001085046046,0.647897331167462,0.3535489353778537,34.38195708028598,34.38195708028598,43.627533956177096,True
shape_randomized,fresh-cycle,neg,True,60,11956,50.00620460574651,WEAKLY_RHYTHMIC,1.683139813403542,True,,0.9993737558990178,0.6182451573266765,0.5744151223731871,0.7889915192103049,0.31953281720744126,58.65098636395981,58.65098636395981,25.57501745480837,True
shape_randomized,fresh-cycle,neg,True,61,11957,66.3575849730323,WEAKLY_RHYTHMIC,1.5306397752792043,True,,0.5544268906024076,0.7257761483350516,0.7306944838661793,0.789866411516354,0.21305597435207926,81.35904034340071,81.35904034340071,18.436795636585575,True
shape_randomized,fresh-cycle,neg,True,62,11958,18.54389208334343,ARRHYTHMIC,0.3318529178365854,False,cycles 7.6 < 10,1.1258842737493298,0.46326140567643115,0.7171517693782878,0.4659962835276548,0.06637058356731708,197.69271344551882,197.69271344551882,7.587533065114096,True
shape_randomized,fresh-cycle,neg,True,63,11959,47.067274687570546,WEAKLY_RHYTHMIC,1.4961696791630041,True,,1.2632625666753619,0.46524556923594423,0.6539155362938166,0.7533528480084771,0.19847951952132106,69.21476960215564,69.21476960215564,21.67167511532515,True
shape_randomized,fresh-cycle,neg,True,64,11960,22.514704085317618,ARRHYTHMIC,0.4160709974306032,True,,3.964268655852341,0.26468401874122865,0.8529235445461,0.6358059666602243,0.08321419948612065,146.21722554742604,146.21722554742604,10.258709221051866,True
shape_randomized,fresh-cycle,neg,True,65,11961,32.93479019667501,WEAKLY_RHYTHMIC,1.5212962248304087,True,,1.4515777338610398,0.5023309880710317,0.5326238695309754,0.5222436357670921,0.2872156170299807,31.90015163860753,31.90015163860753,47.02172005303597,True
shape_randomized,fresh-cycle,neg,True,66,11962,21.55031047796903,WEAKLY_RHYTHMIC,1.1327769913082522,True,,1.5756395496358377,0.5194268575544148,0.35233851535238075,0.4403273861313369,0.11531059369706453,17.426823009406007,17.426823009406007,86.07420866043027,True
shape_randomized,fresh-cycle,neg,True,67,11963,23.048935397984444,WEAKLY_RHYTHMIC,1.3278750558641284,True,,2.857975486567987,0.2830978395872856,0.3155880068697199,0.37195465245143755,0.25139429946542396,20.59564943477767,20.59564943477767,72.83091532268512,True
shape_randomized,fresh-cycle,neg,True,68,11964,22.056610360999333,WEAKLY_RHYTHMIC,1.2547729115948463,False,cycles 10.0 < 10,2.541209905167426,0.3774735423777921,0.7779912771578507,0.4928593023159352,0.13418728540049193,150.58021631706265,150.58021631706265,9.961467958324555,True
shape_randomized,fresh-cycle,neg,True,69,11965,39.30961208705347,WEAKLY_RHYTHMIC,1.1530939762611696,False,cycles 5.0 < 10,1.0388786303685826,0.5784771201864407,0.0,0.2336212840436227,0.23615371055818132,298.6682962319484,298.6682962319484,5.02229402626346,True
shape_randomized,fresh-cycle,neg,True,70,11966,43.2968285587891,ARRHYTHMIC,0.1558897556834556,True,,1.3733814849908506,0.5735010758520556,0.6771728129337785,0.6214248839715655,0.03117795113669112,146.95420648818236,146.95420648818236,10.207261403712359,True
shape_randomized,fresh-cycle,neg,True,71,11967,27.873112248674556,WEAKLY_RHYTHMIC,1.3558231268294414,True,,1.3262306619249835,0.5652637693159291,0.22067258734803338,0.3880921691111496,0.25473963045761655,27.8397774853705,27.8397774853705,53.879740985294646,True
shape_randomized,fresh-cycle,neg,True,72,11968,16.90503250247814,WEAKLY_RHYTHMIC,1.4034302077560439,True,,8.981950012031062,0.1761180474991175,0.1106707338758432,0.4190624521225626,0.24341282018346286,14.519548116232684,14.519548116232684,103.30900025208206,True
shape_randomized,fresh-cycle,neg,True,73,11969,18.24803444484793,WEAKLY_RHYTHMIC,1.4918947968789937,True,,3.2106364272070445,0.37608642901032063,0.4858722528624738,0.4920240896263012,0.25511226626227806,15.627434734813356,15.627434734813356,95.98504331990192,True
shape_randomized,fresh-cycle,neg,True,74,11970,27.762815642619938,WEAKLY_RHYTHMIC,1.3415650021744074,True,,3.2619189372460315,0.346472038301768,0.5259034753912548,0.5733233200263887,0.15187528052159852,27.41639683256151,27.41639683256151,54.71178467253952,True
shape_randomized,fresh-cycle,neg,True,75,11971,30.42660563587403,WEAKLY_RHYTHMIC,1.4917888499880845,True,,1.4405322745186082,0.5242907584177566,0.4046438668595226,0.43824697226005915,0.39353721380436224,33.65893838247346,33.65893838247346,44.564685402587294,True
shape_randomized,fresh-cycle,neg,True,76,11972,46.46328140547211,WEAKLY_RHYTHMIC,1.606084124104334,True,,0.5750489903399983,0.6712654635356519,0.8510812555628954,0.8368731009434545,0.2538613092773299,58.241259257201236,58.241259257201236,25.75493763580554,True
shape_randomized,fresh-cycle,neg,True,77,11973,25.361125118551694,WEAKLY_RHYTHMIC,1.6015106343518752,True,,0.8197002075154316,0.6327422032307122,0.396321445374036,0.6273693140929529,0.3478624839090808,30.531690999686496,30.531690999686496,49.12928013110712,True
shape_randomized,fresh-cycle,neg,True,78,11974,70.7759713068395,WEAKLY_RHYTHMIC,1.6069496897745237,True,,0.5528969817806079,0.6991817661891188,0.9152309777100974,0.884087218566003,0.25442035637278654,93.06720194683925,93.06720194683925,16.11738580963047,True
shape_randomized,fresh-cycle,neg,True,79,11975,84.0592748080631,WEAKLY_RHYTHMIC,1.6204615179342134,True,,1.0222704961058484,0.699015994881512,0.694322192664632,0.7396923584157984,0.263477894140565,86.313181708015,86.313181708015,17.37857382055829,True
shape_randomized,fresh-cycle,neg,True,80,11976,60.68956828409873,WEAKLY_RHYTHMIC,1.3855954628805582,True,,0.9138510954719058,0.6241765022986288,0.1943423663738229,0.6434192534286696,0.16275921474935295,67.64541326934214,67.64541326934214,22.174452449975956,True
shape_randomized,fresh-cycle,neg,True,81,11977,36.75969245954414,WEAKLY_RHYTHMIC,1.2948880376072025,True,,1.6837883452947375,0.5313207462951148,0.44277704046667826,0.60841393604279,0.141821448696814,30.588638725079118,30.588638725079118,49.037814774351986,True
shape_randomized,fresh-cycle,neg,True,82,11978,29.330293434043686,WEAKLY_RHYTHMIC,1.037153165046502,True,,3.5912392931060486,0.28680525899508374,0.22036064756422993,0.2494354168614082,0.2077173572572,26.61859471699169,26.61859471699169,56.3515848957455,True
shape_randomized,fresh-cycle,neg,True,83,11979,36.96969647569173,WEAKLY_RHYTHMIC,1.4658126636161262,True,,1.3611513706435026,0.5803117020285015,0.5254320902552811,0.7059203853784534,0.18720024453769293,36.73055148560396,36.73055148560396,40.837938428120374,True
shape_randomized,fresh-cycle,neg,True,84,11980,52.201671915349365,WEAKLY_RHYTHMIC,1.3379220143706536,True,,1.9131446391440627,0.5830239573893645,0.7011745138570241,0.7952325601007455,0.15103960888375373,41.77530954465689,41.77530954465689,35.9063766696099,True
shape_randomized,fresh-cycle,neg,True,85,11981,24.568097813163416,WEAKLY_RHYTHMIC,1.4172013559278598,True,,1.2552795951019078,0.5104926266287106,0.2730042391352259,0.3282096488794149,0.3431716975224183,31.91860471525759,31.91860471525759,46.99453542475736,True
shape_randomized,fresh-cycle,neg,True,86,11982,36.61214886469415,WEAKLY_RHYTHMIC,1.3288459960799113,True,,1.6661550806016678,0.47488793792961764,0.13322449936122982,0.22188958837381953,0.2979941992923179,30.145354185832566,30.145354185832566,49.7589111328125,True
shape_randomized,fresh-cycle,neg,True,87,11983,95.83615566477857,WEAKLY_RHYTHMIC,1.6414707937901767,False,cycles 4.3 < 10,0.9029362051516824,0.7459748817349445,0.0,0.6972932627800803,0.2835742138369766,347.96614305325227,347.96614305325227,4.310764222168713,True
shape_randomized,fresh-cycle,neg,True,88,11984,98.65771657934664,WEAKLY_RHYTHMIC,1.2901863050676647,True,,0.7293587774366571,0.5917586730818736,0.5226436521055928,0.7224017671071388,0.1408820380811795,113.40674498984329,113.40674498984329,13.226726506737673,True
shape_randomized,fresh-cycle,neg,True,89,11985,25.623628382401833,WEAKLY_RHYTHMIC,1.433386363595614,True,,1.7968477262993603,0.4706702603783669,0.3457557954008189,0.4853863819951368,0.17648710439547402,20.518056503106344,20.518056503106344,73.10633927598876,True
shape_randomized,fresh-cycle,neg,True,90,11986,63.03237770462124,ARRHYTHMIC,0.4379806740478015,True,,1.0726886351486022,0.6629929987833503,0.7939701057133544,0.8587204931257538,0.0875961348095603,57.31955727678554,57.31955727678554,26.16907860534891,True
shape_randomized,fresh-cycle,neg,True,91,11987,28.635429611350272,WEAKLY_RHYTHMIC,1.550180598594554,True,,1.6848126444014313,0.5321992383306944,0.45590055753842545,0.5557786063004023,0.3212540653726127,30.145354185832566,30.145354185832566,49.7589111328125,True
shape_randomized,fresh-cycle,neg,True,92,11988,87.2159268651348,ARRHYTHMIC,0.48043396692293333,True,,0.9530417871340762,0.6335219351361847,0.5007427383713745,0.47606213505543593,0.09608679338458667,68.785752869455,68.785752869455,21.806841350515917,True
shape_randomized,fresh-cycle,neg,True,93,11989,73.88855062110179,ARRHYTHMIC,0.26723972881823144,True,,0.9061735048345034,0.6803244049301361,0.6554095707966259,0.8354781906458711,0.053447945763646296,70.24615397248756,70.24615397248756,21.353482221780943,True
shape_randomized,fresh-cycle,neg,True,94,11990,41.2801683742196,WEAKLY_RHYTHMIC,1.1843110613736594,True,,1.2638396708940385,0.579990314979007,0.21377138587071665,0.30648938358905786,0.19392608202704356,38.34098175345687,38.34098175345687,39.12262887907814,True
shape_randomized,fresh-cycle,neg,True,95,11991,26.531510343433773,WEAKLY_RHYTHMIC,1.4335701415448678,True,,2.654887687989066,0.25146726584876206,0.17935152976324245,0.33541553750712605,0.3530887311369415,39.620806604097815,39.620806604097815,37.85889608428268,True
shape_randomized,fresh-cycle,neg,True,96,11992,21.70382941963482,WEAKLY_RHYTHMIC,1.4556428471959828,True,,1.735203627097156,0.3379680252742262,0.4864161058175729,0.4592573069210803,0.3561860092677773,33.173886176385324,33.173886176385324,45.216288258315906,True
shape_randomized,fresh-cycle,neg,True,97,11993,66.36299490544235,WEAKLY_RHYTHMIC,1.2303154480313752,True,,0.8591202410508686,0.6247299225896672,0.7022998134917098,0.7985044339251232,0.12992335593098456,71.77116406919193,71.77116406919193,20.899758551413566,True
shape_randomized,fresh-cycle,neg,True,98,11994,17.837346513659117,WEAKLY_RHYTHMIC,1.1971173860707887,True,,1.2708602524441495,0.5120602192253095,0.24049258937914006,0.2802204077136302,0.2491024173773349,17.804085171492638,17.804085171492638,84.2503271328849,True
shape_randomized,fresh-cycle,neg,True,99,11995,57.34904002726331,WEAKLY_RHYTHMIC,1.4588617915241398,True,,1.0671672148778104,0.7001025432804837,0.4901775096867639,0.6794868871309098,0.18479567406939243,41.906583066420126,41.906583066420126,35.79389895908633,True
shape_randomized,fresh-cycle,neg,True,100,11996,33.76413830467434,WEAKLY_RHYTHMIC,1.509324992459666,True,,0.9247897169133379,0.6491707959716029,0.963176000200539,0.7420621162229173,0.20380088340199373,135.05155944428563,135.05155944428563,11.106869155545088,True
shape_randomized,fresh-cycle,neg,True,101,11997,54.07251102436216,WEAKLY_RHYTHMIC,1.4966484152566273,True,,1.15685061539617,0.6582990598904515,0.4124468888405951,0.49667073190493516,0.288415461578887,59.84563527880779,59.84563527880779,25.064484536120744,True
shape_randomized,fresh-cycle,neg,True,102,11998,91.35888516713237,WEAKLY_RHYTHMIC,1.5588438520260475,True,,0.7336847764841241,0.7878966001151898,0.480188438778032,0.7192975656872777,0.22667710845526826,76.14195692025406,76.14195692025406,19.700045292649868,True
shape_randomized,fresh-cycle,neg,True,103,11999,57.886566636450816,WEAKLY_RHYTHMIC,1.402581933424575,True,,0.79187509689725,0.609143738502976,0.4154065082344272,0.41846742505306717,0.19424799671223272,115.0191934388715,115.0191934388715,13.041301674552216,True
shape_randomized,fresh-cycle,neg,True,104,12000,51.10263353117566,WEAKLY_RHYTHMIC,1.5802849282067857,True,,1.2118073436498589,0.5501869808385271,0.49891230785425594,0.5956421791857175,0.32883241428552706,47.26584239454241,47.26584239454241,31.73539122563483,True
shape_randomized,fresh-cycle,neg,True,105,12001,30.86439249298395,WEAKLY_RHYTHMIC,1.6906719605675937,True,,0.7887817328085708,0.48108233800881883,0.8047907529841606,0.8082034866891835,0.33239024064856365,57.415118141653046,57.415118141653046,26.12552318187764,True
shape_randomized,fresh-cycle,neg,True,106,12002,16.200831024114486,WEAKLY_RHYTHMIC,1.3840550819964026,True,,0.6831162111956314,0.5540869789632564,0.2146773122020696,0.3916100957023622,0.3247043593577177,24.048425707387953,24.048425707387953,62.37414532873903,True
shape_randomized,fresh-cycle,neg,True,107,12003,23.481115505333022,WEAKLY_RHYTHMIC,1.455673785684482,True,,2.5556989341246656,0.26598132942064506,0.17386621920591264,0.38964857546714604,0.36742672820102357,28.59809235646896,28.59809235646896,52.45105097580735,True
shape_randomized,fresh-cycle,neg,True,108,12004,33.340265794463434,WEAKLY_RHYTHMIC,1.3397874854647882,True,,2.4625737616360226,0.4565283853742653,0.33931691091937993,0.3786659514868474,0.24334292217046963,29.65095878104818,29.65095878104818,50.588583360034406,True
shape_randomized,fresh-cycle,neg,True,109,12005,31.03951870522179,ARRHYTHMIC,0.45135081318469583,True,,3.1456275893235865,0.30613613513147836,0.18738104838943556,0.32552920047336065,0.09027016263693917,141.34502377285682,141.34502377285682,10.612329744346136,True
shape_randomized,fresh-cycle,neg,True,110,12006,88.19582128341746,WEAKLY_RHYTHMIC,1.5925136884612032,False,cycles 4.1 < 10,0.9178108587470725,0.6460516823929913,0.0,0.6135175413768408,0.2657498086143576,363.85398730472303,363.85398730472303,4.122532808040301,True
shape_randomized,fresh-cycle,neg,True,111,12007,67.05619487316056,WEAKLY_RHYTHMIC,1.678143760576843,True,,1.3895032720072433,0.6473344091723449,0.7561856036247036,0.776744301890992,0.3113772846633323,72.31495675500872,72.31495675500872,20.742596930283113,True
shape_randomized,fresh-cycle,neg,True,112,12008,23.454188514616543,WEAKLY_RHYTHMIC,1.573828233617439,True,,1.2536482083503033,0.5107912280146024,0.3564183515274581,0.6055977812903464,0.23464717254458656,25.88956598216814,25.88956598216814,57.9383988527714,True
shape_randomized,fresh-cycle,neg,True,113,12009,40.07650147490055,WEAKLY_RHYTHMIC,1.2680430719822215,True,,0.8513971226398372,0.5443267745381203,0.33706614651634537,0.34155015197004573,0.16740693810459598,42.65501055254374,42.65501055254374,35.16585696661016,True
shape_randomized,fresh-cycle,neg,True,114,12010,25.986288061818446,WEAKLY_RHYTHMIC,1.599058352722944,True,,1.5689978807131078,0.26040092603346704,0.515233944369924,0.6235321316651516,0.34015413327663085,39.6369965198623,39.6369965198623,37.84343244191932,True
shape_randomized,fresh-cycle,neg,True,115,12011,19.759308104035185,WEAKLY_RHYTHMIC,1.4454803844736004,True,,2.7218287880901455,0.3553065561895214,0.11483191133527375,0.3269475894792335,0.3606725432248995,15.81947308493942,15.81947308493942,94.81984589158294,True
shape_randomized,fresh-cycle,neg,True,116,12012,73.6579729241953,WEAKLY_RHYTHMIC,1.3124934447808658,True,,1.0295910555107513,0.5768270043389782,0.5568386766664277,0.805721840788423,0.14545315857843163,75.22469624752219,75.22469624752219,19.940259978775362,True
shape_randomized,fresh-cycle,neg,True,117,12013,18.019776893400287,WEAKLY_RHYTHMIC,1.2569625863329597,True,,2.2097002287377996,0.4092285973693482,0.12730433845642217,0.1690149656475666,0.2691654502469256,55.515243126221,55.515243126221,27.01960606728423,True
shape_randomized,fresh-cycle,neg,True,118,12014,60.263947623726224,ARRHYTHMIC,0.48469885672608937,False,cycles 5.0 < 10,1.2780015803764007,0.5765909528550957,0.0,0.26031152996049606,0.09693977134521788,297.30660167210783,297.30660167210783,5.045296645159307,True
shape_randomized,fresh-cycle,neg,True,119,12015,25.8061729501189,WEAKLY_RHYTHMIC,1.4627243792842926,True,,2.5377615772404165,0.4237630585637961,0.29018754732402424,0.3648317346136571,0.3722484182952114,25.671971782647898,25.671971782647898,58.42948148664897,True
shape_randomized,fresh-cycle,neg,True,120,12016,17.530450757604054,WEAKLY_RHYTHMIC,1.4959561301548812,True,,3.63511751998544,0.294165256492052,0.3875727672282786,0.6359806959132396,0.19839542941118946,70.55039268859666,70.55039268859666,21.261398311712743,True
shape_randomized,fresh-cycle,neg,True,121,12017,36.61435295607785,WEAKLY_RHYTHMIC,1.543218728732187,True,,1.5582781986963132,0.56587528172878,0.3882377406451629,0.5473079036408739,0.2757877826915617,28.866830465849567,28.866830465849567,51.962753644690935,True
shape_randomized,fresh-cycle,neg,True,122,12018,51.869947136488136,WEAKLY_RHYTHMIC,1.6595675762946216,True,,0.9661042019048798,0.6901218789412414,0.5904328706954729,0.7343601331474771,0.2952339596841971,49.684112696753886,49.684112696753886,30.19073741248483,True
shape_randomized,fresh-cycle,neg,True,123,12019,25.550769419570468,WEAKLY_RHYTHMIC,1.4494409033747764,True,,1.528376820110427,0.4815340943357914,0.09794790005883432,0.18960754833587695,0.3632670883578986,28.128162719253357,28.128162719253357,53.32733655487814,True
shape_randomized,fresh-cycle,neg,True,124,12020,23.953818397106915,WEAKLY_RHYTHMIC,1.41465718292895,True,,1.5539628312333365,0.5441878623737216,0.4449902084226544,0.6822807290390052,0.17084005660201315,50.51025156074931,50.51025156074931,29.696941782123798,True
shape_randomized,fresh-cycle,neg,True,125,12021,17.524291237460087,WEAKLY_RHYTHMIC,1.1899450028240168,True,,2.1460350464957916,0.4374803005582519,0.20543630413314623,0.308621020636316,0.15997801185511523,12.995849460022317,12.995849460022317,115.42146626230804,True
shape_randomized,fresh-cycle,neg,True,126,12022,18.186481073877474,WEAKLY_RHYTHMIC,1.2024018847713975,True,,5.694170392054975,0.22661807615779037,0.37612927396902873,0.28103504348842284,0.19144985623804855,13.604573691179946,13.604573691179946,110.25703811450359,True
shape_randomized,fresh-cycle,neg,True,127,12023,54.178439830505845,WEAKLY_RHYTHMIC,1.4081312876311272,True,,1.0537079151969304,0.4053253737397594,0.5068691649526318,0.31791949311094453,0.29698891138772626,83.62760536298522,83.62760536298522,17.936660908670735,True
shape_randomized,fresh-cycle,neg,True,128,12024,35.97792059289647,WEAKLY_RHYTHMIC,1.37831104075019,True,,2.042325509184259,0.4853939170742779,0.5335133513626855,0.6390907575776467,0.1608521407886504,36.03109168135268,36.03109168135268,41.63071197690913,True
shape_randomized,fresh-cycle,neg,True,129,12025,38.74896746498605,ARRHYTHMIC,0.2641456699083371,True,,1.7569364655167912,0.4957580652446613,0.43659401313874807,0.491516210026569,0.05282913398166742,35.30447887490962,35.30447887490962,42.48752701646669,True
shape_randomized,fresh-cycle,neg,True,130,12026,72.93764168923101,ARRHYTHMIC,0.45926427456713914,False,cycles 6.7 < 10,1.2120249973557673,0.6636141819551703,0.9999250377986156,0.9567296979293513,0.09185285491342783,222.7159961596769,222.7159961596769,6.7350348689124715,True
shape_randomized,fresh-cycle,neg,True,131,12027,26.91915864339003,WEAKLY_RHYTHMIC,1.324702757834229,True,,1.8798781399549547,0.48861939979500196,0.4205982896814785,0.5024648219425769,0.14808293852835275,25.42809390486415,25.42809390486415,58.989871817056034,True
shape_randomized,fresh-cycle,neg,True,132,12028,26.523455984489523,WEAKLY_RHYTHMIC,1.6353762986112867,True,,2.179869837544716,0.4407770286022398,0.5363533569002465,0.6856383692224198,0.27964980660636196,24.007659118858943,24.007659118858943,62.48006074118622,True
shape_randomized,fresh-cycle,neg,True,133,12029,24.28912874506724,WEAKLY_RHYTHMIC,1.4476543420103867,True,,2.835086621488922,0.3578572844323753,0.31402550687329983,0.45261512674858606,0.2902790113985114,30.100497020651563,30.100497020651563,49.83306418398571,True
shape_randomized,fresh-cycle,neg,True,134,12030,31.73544055073459,WEAKLY_RHYTHMIC,1.4908253872555948,False,cycles 7.6 < 10,1.335010602851237,0.5721846046855937,0.774198775356953,0.3458549055458053,0.19639628036639342,196.21335395752328,196.21335395752328,7.644739615045383,True
shape_randomized,fresh-cycle,neg,True,135,12031,32.949487678987424,WEAKLY_RHYTHMIC,1.4018517995738482,True,,2.205954099759988,0.4421039816145451,0.5464534423617013,0.6840002947678767,0.16718264792697662,38.73722006373346,38.73722006373346,38.722448268928034,True
shape_randomized,fresh-cycle,neg,True,136,12032,67.81900354624327,RHYTHMIC,2.1227607498263388,True,,1.1196583127786075,0.641667139946998,0.2583972834212534,0.39296626243921856,0.5067522810512866,92.95886524822696,92.95886524822696,16.13616943359375,True
shape_randomized,fresh-cycle,neg,True,137,12033,70.05788206027252,RHYTHMIC,2.198351147156798,True,,1.1867571158735517,0.5162432944812977,0.7148591707085618,0.8552162977069434,0.4793404588627192,88.32944292120253,88.32944292120253,16.98187999824848,True
shape_randomized,fresh-cycle,neg,True,138,12034,19.544585025104617,WEAKLY_RHYTHMIC,1.2816641630844077,True,,2.3256273363946702,0.3743230211759371,0.39281135965111513,0.2313687833793145,0.2784213034097878,19.50957029426078,19.50957029426078,76.8853428023098,True
shape_randomized,fresh-cycle,neg,True,139,12035,31.002995913615646,WEAKLY_RHYTHMIC,1.483700660757452,True,,1.1140764028593775,0.5587845168536437,0.4874968958097619,0.48421522360801356,0.211271016980631,38.84393790411469,38.84393790411469,38.61606420293209,True
shape_randomized,fresh-cycle,neg,True,140,12036,24.156389995277937,WEAKLY_RHYTHMIC,1.3155461399338921,True,,2.8519275512824236,0.2678684096426064,0.09249475459428877,0.1966788591147624,0.2922037724802707,45.55189361076516,45.55189361076516,32.9294762763827,True
shape_randomized,fresh-cycle,neg,True,141,12037,45.770836052180115,WEAKLY_RHYTHMIC,1.6258490437147781,True,,0.7824323615679162,0.637995407820976,0.6591211916273043,0.7055950394639916,0.26727180118114746,73.30648769574944,73.30648769574944,20.4620361328125,True
shape_randomized,fresh-cycle,neg,True,142,12038,30.05566285896334,WEAKLY_RHYTHMIC,1.4045028689853023,True,,1.000199566450638,0.6313608995375964,0.27208923898468357,0.4198173038617538,0.27583372349462315,29.656191719652142,29.656191719652142,50.57965682781857,True
shape_randomized,fresh-cycle,neg,True,143,12039,23.76887058101497,WEAKLY_RHYTHMIC,1.2906828484188724,True,,3.8926384500305975,0.3093348342047474,0.17856204456165378,0.35245164936831,0.17514890949480647,18.15745251383599,18.15745251383599,82.6107075789954,True
shape_randomized,fresh-cycle,neg,True,144,12040,75.657173648543,WEAKLY_RHYTHMIC,1.2910324479350814,False,cycles 3.0 < 10,0.8028179476711398,0.7222359197903333,0.0,0.544190885089118,0.14105017882517032,496.66523476841763,496.66523476841763,3.020142935310163,True
shape_randomized,fresh-cycle,neg,True,145,12041,51.46709721440579,WEAKLY_RHYTHMIC,1.6128724647090578,True,,2.4265863358025763,0.43980284570417405,0.516232503773523,0.686417615887301,0.25831280620440983,42.94673781746365,42.94673781746365,34.92698342713349,True
shape_randomized,fresh-cycle,neg,True,146,12042,89.61303522210663,ARRHYTHMIC,0.41703199642183897,True,,1.1301375670356109,0.6653031181557999,0.657992645230407,0.7410447080961244,0.0834063992843678,84.75801967348808,84.75801967348808,17.697440381198444,True
shape_randomized,fresh-cycle,neg,True,147,12043,17.04761043679155,WEAKLY_RHYTHMIC,1.403415590470813,True,,2.169249497754311,0.3038447733757498,0.3316838541542473,0.2728335902277188,0.33524174753047303,18.755316740958932,18.755316740958932,79.97732166923176,True
shape_randomized,fresh-cycle,neg,True,148,12044,47.18544895272093,WEAKLY_RHYTHMIC,1.6199746798062709,True,,0.6164224011918679,0.6299769707265143,0.49331194607677015,0.6578509028623541,0.28632894856940594,55.21693907549475,55.21693907549475,27.165576816004624,True
shape_randomized,fresh-cycle,neg,True,149,12045,34.23382017088859,WEAKLY_RHYTHMIC,1.6491914132605996,True,,1.4602887769937445,0.5462846308278236,0.6393685517354749,0.7126393407973037,0.29955864246833475,34.19474597413295,34.19474597413295,43.866388161932655,True
shape_randomized,fresh-cycle,neg,True,150,12046,21.1526698183562,WEAKLY_RHYTHMIC,1.368926191842764,True,,4.428642394222727,0.269141751870065,0.30537953670707446,0.39615017572985833,0.23640854679819473,17.97266189290686,17.97266189290686,83.46009116167673,True
shape_randomized,fresh-cycle,neg,True,151,12047,17.483815064016675,WEAKLY_RHYTHMIC,1.4899772596311014,True,,2.4462669546435274,0.3698257675164786,0.29481294083602966,0.49017422207326566,0.3092320954023328,19.54125308056038,19.54125308056038,76.76068642149662,True
shape_randomized,fresh-cycle,neg,True,152,12048,34.88064103571947,ARRHYTHMIC,0.38240833687221065,False,cycles 8.9 < 10,1.9125654454084737,0.4489896230876724,0.6691231870165779,0.5407133232720898,0.07648166737444213,168.90972161226492,168.90972161226492,8.880483525058878,True
shape_randomized,fresh-cycle,neg,True,153,12049,63.90743184610777,ARRHYTHMIC,0.38485819449571984,True,,1.945114840863417,0.5607365416452654,0.32159077559284954,0.5442842318530389,0.07697163889914398,54.09139003056599,54.09139003056599,27.730845873111768,True
shape_randomized,fresh-cycle,neg,True,154,12050,19.828245028698518,WEAKLY_RHYTHMIC,1.498650033699053,True,,1.4458977582052077,0.49727813819959726,0.3173785982026381,0.498653668702815,0.2918238484086441,21.225035410387093,21.225035410387093,70.67126018861345,True
shape_randomized,fresh-cycle,neg,True,155,12051,21.154079503118425,WEAKLY_RHYTHMIC,1.4871097608460158,True,,1.7046515691397555,0.45421776970058564,0.32550470506935114,0.48882899277710623,0.1949734901661429,19.15273387349832,19.15273387349832,78.31780099422534,True
shape_randomized,fresh-cycle,neg,True,156,12052,32.15725840352855,WEAKLY_RHYTHMIC,1.5668360120374787,True,,1.0772159642644992,0.565092917360213,0.3753107121495738,0.5771486248797553,0.3273852984042403,35.089403844632,35.089403844632,42.74794768932704,True
shape_randomized,fresh-cycle,neg,True,157,12053,85.41231574534996,WEAKLY_RHYTHMIC,1.5341029371859518,True,,1.5839453776189725,0.5754966229420645,0.5349073417799137,0.8242134902446191,0.21463968756530377,71.45562812921219,71.45562812921219,20.99204834205042,True
shape_randomized,fresh-cycle,neg,True,158,12054,25.894446945173232,WEAKLY_RHYTHMIC,1.4253445570593213,True,,3.449333579868623,0.3150332710566926,0.3480023831904265,0.43504329954777327,0.2184010917317739,21.137290171543388,21.137290171543388,70.96463112473201,True
shape_randomized,fresh-cycle,neg,True,159,12055,18.09675441841616,WEAKLY_RHYTHMIC,1.2922047153704175,True,,2.128029371867133,0.3940447143261367,0.30024199372502625,0.3374171884964165,0.2825675789923749,16.56937174301805,16.56937174301805,90.52847767943075,True
shape_randomized,fresh-cycle,neg,True,160,12056,21.531443987401357,WEAKLY_RHYTHMIC,1.512177200331428,True,,3.300788545409752,0.3350706802314994,0.33120780085851653,0.5124811717899422,0.24267694684103397,18.212485720907782,18.212485720907782,82.36108035917428,True
shape_randomized,fresh-cycle,neg,True,161,12057,22.360025140469634,WEAKLY_RHYTHMIC,1.4218910909396167,True,,1.304455452012961,0.36862757368458837,0.33961183957181706,0.3708969620389207,0.3459555749193792,30.73382749561124,30.73382749561124,48.806156675871186,True
shape_randomized,fresh-cycle,neg,True,162,12058,61.92084254982127,WEAKLY_RHYTHMIC,1.6425712649940065,False,cycles 9.1 < 10,0.36497223807242324,0.6285128705763708,0.7629508570758102,0.7169405729479322,0.2797760510170599,164.69403555593678,164.69403555593678,9.107797953560613,True
shape_randomized,fresh-cycle,neg,True,163,12059,94.51874980617903,WEAKLY_RHYTHMIC,1.2949749611364878,True,,0.78445729655095,0.6451502916247421,0.8926361988180822,0.9138709533250795,0.1418389340628217,108.64432528338028,108.64432528338028,13.806519540597307,True
shape_randomized,fresh-cycle,neg,True,164,12060,35.44311395824865,WEAKLY_RHYTHMIC,1.3777707609160204,True,,1.4753901184289524,0.4902173264724411,0.3249450434877041,0.24081108194120815,0.32142494668754523,71.74630233877701,71.74630233877701,20.907000794510477,True
shape_randomized,fresh-cycle,neg,True,165,12061,30.162182481296178,WEAKLY_RHYTHMIC,1.4843095576750804,True,,2.479458717416524,0.424600121795856,0.40387365074236453,0.4847869564402033,0.30519091711813007,30.00243721114702,30.00243721114702,49.995938311394724,True
shape_randomized,fresh-cycle,neg,True,166,12062,24.15132236538964,WEAKLY_RHYTHMIC,1.4395885330014306,True,,1.1180765471482164,0.5724077982945803,0.49898808819939744,0.5473738843257212,0.17844031731823087,20.263349462837514,20.263349462837514,74.0252741902795,True
shape_randomized,fresh-cycle,neg,True,167,12063,83.72863359382485,ARRHYTHMIC,0.09968899534829777,True,,1.16483823186609,0.6906745794968424,0.7018315473125979,0.7851993911714504,0.019937799069659555,59.51121782197195,59.51121782197195,25.20533195081398,True
shape_randomized,fresh-cycle,neg,True,168,12064,89.62470891519433,WEAKLY_RHYTHMIC,1.2901933554832752,False,cycles 8.4 < 10,0.7957232067383567,0.7325270946640758,0.4226503123315455,0.24713804919709959,0.22745667121839946,179.16017269981137,179.16017269981137,8.372396484085211,True
shape_randomized,fresh-cycle,neg,True,169,12065,97.90042768249607,WEAKLY_RHYTHMIC,1.3527473735649673,True,,0.7891503032095051,0.6298301833366834,0.9146567421881455,0.8514756872114172,0.1544991799427444,108.33692227786925,108.33692227786925,13.845695156012528,True
shape_randomized,fresh-cycle,neg,True,170,12066,39.41809003073247,WEAKLY_RHYTHMIC,1.5682148198942507,True,,0.959056305730776,0.5897281461497359,0.34846457901446337,0.5789916178660233,0.37542472868608884,55.23771468035763,55.23771468035763,27.155359498125573,True
shape_randomized,fresh-cycle,neg,True,171,12067,27.930611776504062,WEAKLY_RHYTHMIC,1.0354610633180266,True,,2.7277129845528814,0.29827285021842737,0.11039224549122008,0.21035442990434294,0.20735295631299513,93.88607175710553,93.88607175710553,15.97681074441669,True
shape_randomized,fresh-cycle,neg,True,172,12068,33.02200625627407,WEAKLY_RHYTHMIC,1.2420068333124927,False,cycles 9.7 < 10,3.5895751334142787,0.2484870210261956,0.5470035173811256,0.5517689144306355,0.13192731068672858,154.6346102589544,154.6346102589544,9.700286355609963,True
shape_randomized,fresh-cycle,neg,True,173,12069,60.01008638253905,WEAKLY_RHYTHMIC,1.6862957512647543,False,cycles 8.0 < 10,0.9793180100511172,0.7047429692188683,0.9563147493523058,0.5791369730417588,0.3212824869579864,187.35055021394652,187.35055021394652,8.006381610766889,True
shape_randomized,fresh-cycle,neg,True,174,12070,41.956686997117714,WEAKLY_RHYTHMIC,1.3099838316005235,True,,1.218777347424819,0.5713935470820574,0.24898741081541043,0.3623103507558181,0.2163014066256228,41.10003755157929,41.10003755157929,36.49631701960237,True
shape_randomized,fresh-cycle,neg,True,175,12071,61.11930555515937,ARRHYTHMIC,0.4559461928228921,True,,1.2108899918343092,0.5692964100757887,0.3444741517821194,0.5832372037822097,0.09118923856457843,53.84108340117592,53.84108340117592,27.85976628336641,True
shape_randomized,fresh-cycle,neg,True,176,12072,41.3491744204753,ARRHYTHMIC,0.45733450283213667,False,cycles 5.4 < 10,1.4641092750171019,0.5527947594147118,0.0,0.2757454705439169,0.09146690056642734,275.25266934178893,275.25266934178893,5.449538431677871,True
shape_randomized,fresh-cycle,neg,True,177,12073,70.43759687082836,WEAKLY_RHYTHMIC,1.525216409682489,True,,1.6428196596882982,0.478019990384724,0.8812151760191436,0.8562294860400912,0.2106222751572461,85.4722782893411,85.4722782893411,17.549549749009778,True
shape_randomized,fresh-cycle,neg,True,178,12074,86.39654627035253,WEAKLY_RHYTHMIC,1.6504033041028892,True,,1.0098598492703266,0.6542958800531413,0.7181141314172893,0.7151097333985588,0.3630040219324437,86.66760714038234,86.66760714038234,17.307504493233925,True
shape_randomized,fresh-cycle,neg,True,179,12075,58.128525106225624,WEAKLY_RHYTHMIC,1.6234250827796042,True,,1.4167871414685762,0.5441714710285648,0.45735049199513833,0.6638785234165876,0.323612435537004,68.54364319373632,68.54364319373632,21.883867418022998,True
shape_randomized,fresh-cycle,neg,True,180,12076,22.554208692108794,WEAKLY_RHYTHMIC,1.2695780639679937,True,,1.3689682049771223,0.5589577467854112,0.22275322405810394,0.3422679244247743,0.2537606422107638,18.2687557251648,18.2687557251648,82.10739814829226,True
shape_randomized,fresh-cycle,neg,True,181,12077,45.38877747393308,ARRHYTHMIC,0.3911515991099635,True,,0.7304878937967932,0.6312106468902923,0.5937815044694953,0.7580226133077601,0.0782303198219927,41.873292138352255,41.873292138352255,35.82235652845007,True
shape_randomized,fresh-cycle,neg,True,182,12078,48.656004710037294,WEAKLY_RHYTHMIC,1.541169618031301,True,,1.349852904508842,0.5448702296951417,0.4904033660949242,0.5954692558924337,0.2179454629201558,44.33697168723512,44.33697168723512,33.83180995268243,True
shape_randomized,fresh-cycle,neg,True,183,12079,72.67079718040067,WEAKLY_RHYTHMIC,1.5819931076351263,True,,1.0505799299463605,0.5166594948098212,0.38753452496616947,0.7020062324625841,0.23923050511021499,92.70616042002442,92.70616042002442,16.180154514046748,True
shape_randomized,fresh-cycle,neg,True,184,12080,90.43050205410056,ARRHYTHMIC,0.8002609107538752,False,cycles 5.1 < 10,1.0521975414037867,0.7336376845063337,0.0,0.2000652276884688,0.13130755858830875,292.35943060347955,292.35943060347955,5.1306708215423225,True
shape_randomized,fresh-cycle,neg,True,185,12081,52.89238942124792,WEAKLY_RHYTHMIC,1.5208928475411938,True,,0.9879052778691507,0.6704534640280223,0.7509231415397536,0.8019842618219009,0.20872157613760117,46.42412455670884,46.42412455670884,32.31078699540565,True
shape_randomized,fresh-cycle,neg,True,186,12082,33.25571340554378,WEAKLY_RHYTHMIC,1.137870967947777,False,cycles 6.2 < 10,1.1612546647407138,0.6118152091059331,0.3479757540305493,0.2648196950300861,0.2033007384810356,241.60980644750472,241.60980644750472,6.208357276780938,True
shape_randomized,fresh-cycle,neg,True,187,12083,22.20349019902909,WEAKLY_RHYTHMIC,1.4816905902777084,True,,3.3593823502224143,0.25446122792601705,0.4078784078103301,0.4823373747622086,0.26276157645397397,26.756313578820738,26.756313578820738,56.06153461990152,True
shape_randomized,fresh-cycle,neg,True,188,12084,52.175078397302116,WEAKLY_RHYTHMIC,1.4295661150087673,False,cycles 6.7 < 10,1.1389828536759947,0.65817597322246,0.4895539806806459,0.4628039573303335,0.17530515390322043,223.82956921614405,223.82956921614405,6.701527440065369,True
shape_randomized,fresh-cycle,neg,True,189,12085,20.306563403836208,WEAKLY_RHYTHMIC,1.4759737396011312,True,,1.2417294273041422,0.4964798656930334,0.47590658579729206,0.4770753278847316,0.2431681893538529,19.447697034223992,19.447697034223992,77.12995514894669,True
shape_randomized,fresh-cycle,neg,True,190,12086,55.051982333312964,ARRHYTHMIC,0.33214734409386437,True,,1.501319695655728,0.6059251891625733,0.2710533254522572,0.45286625868148567,0.06642946881877287,39.580342748507476,39.580342748507476,37.89760006705761,True
shape_randomized,fresh-cycle,neg,True,191,12087,82.51247038539479,ARRHYTHMIC,0.22584515564106267,True,,0.8543860702684523,0.7063284740014365,0.6250822323850901,0.7325866699486406,0.045169031128212536,62.0580197725813,62.0580197725813,24.170929164303363,True
shape_randomized,fresh-cycle,neg,True,192,12088,22.263203807442927,WEAKLY_RHYTHMIC,1.4775068831053595,True,,1.3447748722693327,0.4306739201005128,0.2890157711864736,0.4784752026703002,0.3364323506681243,26.087255520194166,26.087255520194166,57.499340965125626,True
shape_randomized,fresh-cycle,neg,True,193,12089,17.253008828395238,WEAKLY_RHYTHMIC,1.3414918425441114,True,,1.7629584870532138,0.4142628915407172,0.021352468033278994,0.37964601830577427,0.2551271668185639,15.50780880265026,15.50780880265026,96.7254638671875,True
shape_randomized,fresh-cycle,neg,True,194,12090,75.59441629331847,WEAKLY_RHYTHMIC,1.587225446350902,True,,1.1856261991978738,0.6390419824115282,0.6122072776559002,0.7545513933575099,0.2422629959040802,87.2131524655972,87.2131524655972,17.199240683241005,True
shape_randomized,fresh-cycle,neg,True,195,12091,47.49879328875489,WEAKLY_RHYTHMIC,1.6024829424395106,True,,1.3829187885207268,0.4758487114529159,0.6139395839472609,0.7644171115906374,0.25156153200993947,50.024717276476764,50.024717276476764,29.985176961816602,True
shape_randomized,fresh-cycle,neg,True,196,12092,22.94467077257763,WEAKLY_RHYTHMIC,1.45963522014931,True,,1.644770693919957,0.4980553068810839,0.4416341664219703,0.4855740356612631,0.1850601736620054,21.52334211052371,21.52334211052371,69.69177892064374,True
shape_randomized,fresh-cycle,neg,True,197,12093,16.54119755982869,WEAKLY_RHYTHMIC,1.198230611345,True,,3.117625951412617,0.2778002144894833,0.32081538384890035,0.31181035786285755,0.21307571150133237,14.642706640773488,14.642706640773488,102.44007728893241,True
shape_randomized,fresh-cycle,neg,True,198,12094,30.048974634521812,WEAKLY_RHYTHMIC,1.161158091610941,True,,2.6383446593091002,0.3193471971514024,0.15822563593528535,0.16779557758690677,0.23842394854125365,121.22625995398204,121.22625995398204,12.373556691177356,True
shape_randomized,fresh-cycle,neg,True,199,12095,21.819987832363697,WEAKLY_RHYTHMIC,1.4869539166034242,True,,1.713082703341357,0.3964936099892111,0.33361704948147036,0.4872856612507347,0.2623634646699243,22.2252804208259,22.2252804208259,67.49071199994603,True
surrogate_sustained,sigma=0.2,diag,False,0,12096,,WEAKLY_RHYTHMIC,1.4194323632721004,True,,8.455792357033483,0.6200883778040345,0.6378959265781576,0.7891548446219103,0.1722452194607396,17.434446723186657,17.434446723186657,86.03657023455179,True
surrogate_sustained,sigma=0.2,diag,False,1,12097,,RHYTHMIC,2.6966918457332976,True,,7.362875296520869,0.6913621015353598,0.3823399437604712,0.7207186056545647,0.6786767382933191,16.538352777052616,16.538352777052616,90.69827087503467,True
surrogate_sustained,sigma=0.2,diag,False,2,12098,,RHYTHMIC,2.3624053103045304,True,,7.862455550178953,0.7524697715261063,0.2088789984299441,0.7101656243368609,0.5449621241218122,16.4907975784077,16.4907975784077,90.95982124988494,True
surrogate_sustained,sigma=0.2,diag,False,3,12099,,RHYTHMIC,2.5911592644131005,True,,6.224973455741797,0.6023201221556,0.5714866282462258,0.7440048789337925,0.6364637057652403,28.129328399637853,28.129328399637853,53.32512666812591,True
surrogate_sustained,sigma=0.2,diag,False,4,12100,,WEAKLY_RHYTHMIC,1.5398702977463878,True,,2.0520777654201594,0.6781909001810947,0.9995042893276865,0.9953238639700196,0.21733002566498624,57.70252937370424,57.70252937370424,25.995394244945675,True
surrogate_sustained,sigma=0.2,diag,False,5,12101,,RHYTHMIC,2.8325386928619287,True,,9.313927301084266,0.7472216916907541,0.9790189472221623,0.736676338379984,0.7330154771447716,16.32340006617329,16.32340006617329,91.89262003744092,True
surrogate_sustained,sigma=0.2,diag,False,6,12102,,RHYTHMIC,2.648312427754993,True,,4.506179046580308,0.7154589042445777,0.9727797160775301,0.9379411692918982,0.6593249711019973,33.407767819188585,33.407767819188585,44.89973733409502,True
surrogate_sustained,sigma=0.2,diag,False,7,12103,,RHYTHMIC,2.4818694862118322,True,,8.938251792126998,0.658255785739211,0.5486179618209538,0.8146803472964983,0.592747794484733,19.48225843913879,19.48225843913879,76.99312708975168,True
surrogate_sustained,sigma=0.2,diag,False,8,12104,,RHYTHMIC,2.6057908135840977,True,,5.452048364800278,0.5844457982445602,0.889756797900881,0.8122343684437219,0.642316325433639,31.431947590124526,31.431947590124526,47.722146255782086,True
surrogate_sustained,sigma=0.2,diag,False,9,12105,,RHYTHMIC,2.1192301672708966,True,,2.4399447161696086,0.701593175877081,0.9818075566236817,0.9897257775266508,0.4476920669083587,59.75178324439859,59.75178324439859,25.10385328358576,True
surrogate_sustained,sigma=0.2,diag,False,10,12106,,RHYTHMIC,2.3289231661806573,True,,4.184553223881212,0.753177479409414,0.4974535285328466,0.5723029443447241,0.531569266472263,33.675033712631134,33.675033712631134,44.54338525093641,True
surrogate_sustained,sigma=0.2,diag,False,11,12107,,RHYTHMIC,2.2260874928532877,True,,2.9953196712100674,0.548162393610154,0.9675218298856041,0.9614090915099107,0.490434997141315,39.454868533142275,39.454868533142275,38.01812186346516,True
surrogate_sustained,sigma=0.2,diag,False,12,12108,,RHYTHMIC,2.4416481125189753,True,,7.767295133426183,0.7605583853120477,0.8042151546908352,0.8279297225261507,0.5766592450075902,23.001513665572126,23.001513665572126,65.2130995294083,True
surrogate_sustained,sigma=0.2,diag,False,13,12109,,RHYTHMIC,2.5700495735125717,True,,7.050581380244236,0.5327910552559433,0.5176600147360397,0.7930841996078949,0.6280198294050287,20.81526906953134,20.81526906953134,72.06248427485606,True
surrogate_sustained,sigma=0.2,diag,False,14,12110,,RHYTHMIC,2.70501459617822,True,,5.801588247867639,0.7302136789980608,0.819029709195376,0.8684604388608893,0.6820058384712879,24.224512592365592,24.224512592365592,61.92075049108432,True
surrogate_sustained,sigma=0.2,diag,False,15,12111,,RHYTHMIC,3.0790970218243543,True,,5.219603109528146,0.6201821418013745,0.9897376301624126,0.9645398539888191,0.8316388087297417,36.60685382361249,36.60685382361249,40.975933283631605,True
surrogate_sustained,sigma=0.2,diag,False,16,12112,,RHYTHMIC,2.6357203315135216,True,,9.839521944397003,0.5549467903302647,0.5455234817674862,0.753328131870916,0.6542881326054086,18.133407265956457,18.133407265956457,82.72025097104009,True
surrogate_sustained,sigma=0.2,diag,False,17,12113,,RHYTHMIC,2.2977408653185485,True,,5.133038430529527,0.5946953175736728,0.9401779036419287,0.9183671560302619,0.5190963461274195,36.64765490493011,36.64765490493011,40.93031338270458,True
surrogate_sustained,sigma=0.2,diag,False,18,12114,,WEAKLY_RHYTHMIC,1.6715781956832103,True,,10.65730971785759,0.7004206553331055,0.6850669661371716,0.7612162064576401,0.32091904806921395,17.240748801122887,17.240748801122887,87.00318166588595,True
surrogate_sustained,sigma=0.2,diag,False,19,12115,,RHYTHMIC,2.47723706002039,True,,9.454912985687876,0.6767028684971718,0.9494655248063782,0.7364696577060913,0.590894824008156,16.298568640349405,16.298568640349405,92.03262158166076,True
surrogate_sustained,sigma=0.2,diag,False,20,12116,,RHYTHMIC,2.412523681386544,True,,3.8683388622433816,0.6311948516694583,0.9257693168626674,0.9563460932740879,0.5650094725546176,43.65483967288213,43.65483967288213,34.360451469754956,True
surrogate_sustained,sigma=0.2,diag,False,21,12117,,RHYTHMIC,2.534253027021218,True,,2.4975247891439043,0.7283238167735149,0.9785755363154437,0.9868022637400383,0.6137012108084872,68.02769152495004,68.02769152495004,22.04984420866105,True
surrogate_sustained,sigma=0.2,diag,False,22,12118,,WEAKLY_RHYTHMIC,1.711167538485418,True,,1.5607045994966546,0.6357564100288672,0.7258643627339333,0.8655536801128512,0.3892329091002609,75.50656679153745,75.50656679153745,19.865821791914865,True
surrogate_sustained,sigma=0.2,diag,False,23,12119,,RHYTHMIC,2.4938193173252716,True,,8.206825242317036,0.6879265912360883,0.9952099779486534,0.7470135763583108,0.5975277269301087,16.675015883150483,16.675015883150483,89.95493680552936,True
surrogate_sustained,sigma=0.2,diag,False,24,12120,,RHYTHMIC,2.7634185943071667,True,,7.606474247245337,0.6001681811856725,0.8975941008254545,0.8072288908082692,0.7053674377228667,21.714006968294537,21.714006968294537,69.07983414531496,True
surrogate_sustained,sigma=0.2,diag,False,25,12121,,RHYTHMIC,2.0081129470166457,True,,2.2066151098284736,0.6979988343930783,0.9964780615706361,0.9981245152175764,0.40324517880665833,83.0588718408496,83.0588718408496,18.05947958063015,True
surrogate_sustained,sigma=0.2,diag,False,26,12122,,RHYTHMIC,2.566043656573575,True,,7.967399234336355,0.5173313591557401,0.9051620587825676,0.6977148914711145,0.6264174626294301,16.71536389269052,16.71536389269052,89.73780108107229,True
surrogate_sustained,sigma=0.2,diag,False,27,12123,,WEAKLY_RHYTHMIC,1.63497964529346,True,,6.118452460098719,0.5136776443173223,0.7217586271975704,0.6848933128701514,0.29378747205600114,23.705516203398872,23.705516203398872,63.27641157988922,True
surrogate_sustained,sigma=0.2,diag,False,28,12124,,ARRHYTHMIC,0.23258565837988382,True,,2.5116157638096044,0.820558836696072,0.9858818026621661,0.994050112558963,0.046517131675976764,46.874883224865414,46.874883224865414,32.00007971869047,True
surrogate_sustained,sigma=0.2,diag,False,29,12125,,RHYTHMIC,2.602756196642922,True,,4.5866377690523565,0.6079504683350729,0.9777379324424499,0.9375316208937117,0.6411024786571686,33.347783714486795,33.347783714486795,44.980500438725606,True
surrogate_sustained,sigma=0.2,diag,False,30,12126,,RHYTHMIC,2.7766691108202703,True,,4.861192993478848,0.6326784638229178,0.9942118121215305,0.9685945508124314,0.7106676443281081,35.71621265835713,35.71621265835713,41.99773403603082,True
surrogate_sustained,sigma=0.2,diag,False,31,12127,,RHYTHMIC,2.0606805591359825,True,,4.058220801055813,0.6564008773748363,0.6947094420451079,0.7272974037551101,0.42427222365439304,38.56988597182173,38.56988597182173,38.89044424699273,True
surrogate_sustained,sigma=0.2,diag,False,32,12128,,WEAKLY_RHYTHMIC,1.4650919264833973,True,,1.89865424802141,0.7259078580731889,0.97987056743929,0.9843207529090772,0.186948010230203,78.38977815349232,78.38977815349232,19.135147915113393,True
surrogate_sustained,sigma=0.2,diag,False,33,12129,,RHYTHMIC,2.4210930297076905,True,,3.236701176172969,0.5590940605264111,0.9950643736583867,0.9901763888218659,0.5684372118830762,53.55459048770177,53.55459048770177,28.008803472121752,True
surrogate_sustained,sigma=0.2,diag,False,34,12130,,WEAKLY_RHYTHMIC,1.4374158613790264,True,,1.5820885383294847,0.6961984096624781,0.6241335418896983,0.756270146258889,0.17775118979558074,98.09095990251953,98.09095990251953,15.291929057383722,True
surrogate_sustained,sigma=0.2,diag,False,35,12131,,RHYTHMIC,2.9672724687383383,True,,2.4476982955418993,0.8281298587453786,0.9998417002103719,0.999909821495532,0.7869089874953354,59.99490972726707,59.99490972726707,25.002121126923964,True
surrogate_sustained,sigma=0.2,diag,False,36,12132,,WEAKLY_RHYTHMIC,1.72705831864562,True,,5.45741932799991,0.5943213501784005,0.9438096617306251,0.9521827456124845,0.3663786326213868,31.195188718349986,31.195188718349986,48.084338054273516,True
surrogate_sustained,sigma=0.2,diag,False,37,12133,,RHYTHMIC,2.5393898191233175,True,,2.51636433379241,0.8119853954031658,0.9894543670626814,0.9944248437433784,0.6157559276493271,46.90067823012899,46.90067823012899,31.9824799257679,True
surrogate_sustained,sigma=0.2,diag,False,38,12134,,RHYTHMIC,2.862107958041253,True,,6.5551693611668655,0.6475292943556938,0.7031827858342292,0.6517377853144385,0.7821764960030355,20.688231213832672,20.688231213832672,72.50499013163882,True
surrogate_sustained,sigma=0.2,diag,False,39,12135,,WEAKLY_RHYTHMIC,1.7158231168683002,True,,5.274077709567279,0.5398976290937788,0.8484385733546851,0.8797337673808581,0.39046282344554945,31.080239238334364,31.080239238334364,48.26217676438926,True
surrogate_sustained,sigma=0.2,diag,False,40,12136,,RHYTHMIC,2.888021259028661,True,,8.630368633748562,0.5417588240121906,0.45486358921037134,0.779101491829501,0.7552085036114643,21.508818938826938,21.508818938826938,69.73883616139678,True
surrogate_sustained,sigma=0.2,diag,False,41,12137,,WEAKLY_RHYTHMIC,1.6277692564793216,True,,4.692524066156178,0.5292302018541091,0.5960794026261828,0.6716264154739594,0.37752760849753286,32.317278115591144,32.317278115591144,46.414799991350144,True
surrogate_sustained,sigma=0.2,diag,False,42,12138,,RHYTHMIC,2.9157766866041923,True,,5.145113710069313,0.7045876274574666,0.7517854768465894,0.8329025715951739,0.7663106746416769,26.865758496073255,26.865758496073255,55.83315282980909,True
surrogate_sustained,sigma=0.2,diag,False,43,12139,,ARRHYTHMIC,0.3145165079609253,True,,2.1157561098217172,0.6220310605301039,0.9767523628754575,0.9735786393942699,0.06290330159218506,83.77885347089553,83.77885347089553,17.904279395767748,True
surrogate_sustained,sigma=0.2,diag,False,44,12140,,RHYTHMIC,2.823432078417162,True,,9.302644037738814,0.5539239252131305,0.5371345682069573,0.8195107141005098,0.7293728313668649,18.5343462872548,18.5343462872548,80.93082846042861,True
surrogate_sustained,sigma=0.2,diag,False,45,12141,,RHYTHMIC,2.886423062865299,True,,8.463229013691862,0.6100113944355183,0.9035883287371321,0.9124264627389129,0.7545692251461196,19.958954074034896,19.958954074034896,75.15423876601768,True
surrogate_sustained,sigma=0.2,diag,False,46,12142,,RHYTHMIC,2.2884568503289078,True,,3.98164987347009,0.63713806690159,0.9589415240275261,0.9697324391654478,0.515382740131563,34.095330247852,34.095330247852,43.9942945000364,True
surrogate_sustained,sigma=0.2,diag,False,47,12143,,RHYTHMIC,2.2023471116356816,True,,3.945222439101685,0.7957397473783114,0.7681409061728421,0.7914365523621931,0.4809388446542726,38.560019975456925,38.560019975456925,38.90039478596576,True
surrogate_sustained,sigma=0.2,diag,False,48,12144,,RHYTHMIC,2.6798980076039816,True,,5.584621209179332,0.7615796989958442,0.6351483535274847,0.7071116350182147,0.6719592030415926,31.55776222838782,31.55776222838782,47.53188737351831,True
surrogate_sustained,sigma=0.2,diag,False,49,12145,,RHYTHMIC,2.0210706344800173,True,,1.5602690839968902,0.6388075769570899,0.9958345488530979,0.9966105300769573,0.4084282537920069,74.88188771275635,74.88188771275635,20.031546289991173,True
