scale,m_t_c,m_t_cw,m_t_r,m_t_rw,m_t_min,dz,p,n_up,ec_frac_rhythmic,eo_frac_rhythmic,rho,top1,exemplar_RI,comparison_RI,frac_label_changed,hold,eeg_hold
0.1,0.4702281290243182,0.3136643640649547,0.43083219613798773,0.18603883085798745,0.0918823198724486,1.3449329040542308,0.00013241313562871457,15,0.44649446494464945,0.010638297872340425,0.02687211532994079,1.0,2.279525246878106,1.3878965896053679,0.032417490366895625,True,True
0.1,0.5231615051307102,0.3061265733706305,0.3710303189428291,0.21891076153789155,0.09836989222419518,1.4493699154050572,6.392870324539508e-05,15,0.5645756457564576,0.06382978723404255,-0.04435210878409657,1.0,2.4857564031349075,1.2797416373159471,0.029318143742670465,True,True
0.1,0.535646419139974,0.32886038789108846,0.39793480117871627,0.20226339338957008,0.09122043650433315,1.371615350237155,0.00010970515779809112,15,0.4944649446494465,0.031914893617021274,0.003173564507120606,1.0,2.385304000790117,1.3345146692184158,0.025046071368738484,True,True
0.1,0.5267506884375792,0.3086447236022956,0.39413721564366216,0.183302734296114,0.09979623011331402,1.4191481988289987,7.874410141151809e-05,15,0.5055350553505535,0.031914893617021274,0.03467713997364864,1.0,2.39865166304135,1.3968988717040456,0.012481152621879711,True,True
0.1,0.45489067428814123,0.32367416322962017,0.3731220902171666,0.20155514736913316,0.0905565703726896,1.3906737416895254,9.599481878099846e-05,15,0.5535055350553506,0.06382978723404255,-0.004681755619797092,1.0,2.4578356355613096,1.3368449343706348,0.03392528061651868,True,True
0.1,0.5114915776966807,0.30749494351749485,0.3757417410362007,0.18439195568477856,0.10376528233875607,1.449117671890696,6.403951902155315e-05,15,0.5498154981549815,0.06382978723404255,0.03240459004449993,1.0,2.4671265178211446,1.3933151245712478,0.025464901993633774,True,True
0.1,0.48079528667689236,0.27211781280445885,0.43502918981684635,0.20448735879352428,0.10266835827530847,1.422894334139267,7.672788565305213e-05,15,0.44280442804428044,0.010638297872340425,-0.037135284914867554,1.0,2.2671808812612877,1.3271973967861936,0.02839671636790082,True,True
0.1,0.5272794741273746,0.30022868911559153,0.3677396819902368,0.185798564050901,0.10531115517216405,1.4849639590616193,5.013366384843715e-05,15,0.5682656826568265,0.06382978723404255,0.02633052933052562,1.0,2.4990513646583583,1.3886871134510832,0.028731780867817056,True,True
0.1,0.5391682377888299,0.3283693044216785,0.4374142105605094,0.1820595043188899,0.09656127133533397,1.3604459582377928,0.00011867348521891907,15,0.4354243542435424,0.010638297872340425,0.05362744610534301,1.0,2.2602715202601704,1.4009893366110444,0.03761099011559725,True,True
0.1,0.4559938707513887,0.2847206328653605,0.40249171566330494,0.20899144864922392,0.10740453335506116,1.4521383908387073,6.272552453899604e-05,15,0.4833948339483395,0.031914893617021274,-0.024355014190053755,1.0,2.3696199217865135,1.3123780778908705,0.01424024124643994,True,True
0.1,0.5093117442805091,0.3187339724235721,0.36756560735892363,0.20110743762321542,0.09200946899954077,1.4259957442743372,7.509941874626792e-05,15,0.5682656826568265,0.06382978723404255,-0.0058509085120559716,1.0,2.477367294540798,1.3383179852443652,0.0330876193667281,True,True
0.1,0.47015828656778935,0.2921524141385354,0.37379179695575687,0.19543187972574805,0.10212626015159379,1.4499975375454521,6.36538435093667e-05,15,0.5535055350553506,0.06382978723404255,-0.0010441707075109314,1.0,2.474780015548988,1.3569916585248851,0.02018763611995309,True,True
0.1,0.5085706361374256,0.31360078879863984,0.3693952659313166,0.1886418372345029,0.09028417011261129,1.4165387942519323,8.01810955035168e-05,15,0.5645756457564576,0.06382978723404255,0.013910770761149594,1.0,2.4923328016580317,1.379332199725062,0.0336739822415815,True,True
0.1,0.5322505281909184,0.27641305758745954,0.3757405635547971,0.18902625665612946,0.10192994158420668,1.454514227137071,6.171183450234619e-05,15,0.5498154981549815,0.06382978723404255,-0.004012890136127247,1.0,2.467131115446099,1.3780673861487007,0.023119450494220137,True,True
0.1,0.5273571999961609,0.3170120113588248,0.419662330849929,0.18460961712500557,0.10937116352826315,1.4702992797151049,5.53968333212187e-05,15,0.4612546125461255,0.02127659574468085,0.04564561040567987,1.0,2.3135814954133345,1.392598976715126,0.03174736136706316,True,True
0.1,0.5274497099733305,0.27127762575531056,0.39455701215276695,0.19261117938510297,0.09173383638426717,1.3964519543571796,9.220028735990809e-05,15,0.5055350553505535,0.031914893617021274,-0.03506095345791487,1.0,2.3971635407484655,1.366272303271186,0.015412966996146759,True,True
0.1,0.5177594756686521,0.3291366494782095,0.41500966918476057,0.18267838333592,0.1040146495543002,1.3997910059452232,9.00790894874453e-05,15,0.46863468634686345,0.02127659574468085,0.05624116339894787,1.0,2.3283080204116313,1.3989531060284357,0.030742167867314457,True,True
0.1,0.4949168319959299,0.3061225807748084,0.36835319927603855,0.20273556529469944,0.09457599747780354,1.4355542415296774,7.030344266456734e-05,15,0.5645756457564576,0.06382978723404255,-0.016174713431083197,1.0,2.496554592738554,1.3329611331523736,0.02638632936840342,True,True
0.1,0.5424532639076012,0.3288624041517523,0.4259473740655917,0.19027681428395762,0.10179789413765675,1.4046702214759872,8.707046118706516e-05,15,0.4575645756457565,0.010638297872340425,0.04351937547576711,1.0,2.2941990153966922,1.3739528118667705,0.03183112749204222,True,True
0.1,0.5175884398035501,0.2825053218428352,0.3976419240171756,0.18501027103211615,0.09593608777763737,1.4144605249141249,8.134514015376061e-05,15,0.4944649446494465,0.031914893617021274,0.001987038039598219,1.0,2.3863243255574944,1.3912807485699623,0.010470765622382309,True,True
0.1,0.4890460225923449,0.29022588579936714,0.435922788492561,0.1800907506927141,0.0909449004768379,1.342094826038866,0.00013510072457102848,15,0.4354243542435424,0.010638297872340425,0.013819486654328085,1.0,2.2645832855693953,1.407466913379568,0.032417490366895625,True,True
0.1,0.46178391524289086,0.3187400149007265,0.4060453632315472,0.19903833914638847,0.09962387674480351,1.3839114967581245,0.00010064297002631215,15,0.47601476014760147,0.031914893617021274,0.015179608656763658,1.0,2.3576332155088275,1.3451257158039862,0.01424024124643994,True,True
0.1,0.5443407760472988,0.30060109386194467,0.3899904944548045,0.1846488113335259,0.09112197848431426,1.378795496323937,0.00010431490877496283,15,0.5092250922509225,0.031914893617021274,0.013558006361325899,1.0,2.4135233549657205,1.392470020256991,0.017172055620706984,True,True
0.1,0.48637048538607836,0.27984323356615215,0.3919948922542251,0.21229096009663162,0.09108338301903265,1.392327909167108,9.489219887805652e-05,15,0.5055350553505535,0.031914893617021274,-0.07646246407779562,1.0,2.4062955487924564,1.3015220528326603,0.018177249120455687,True,True
0.1,0.465223429018574,0.28098301636169165,0.431091322806008,0.1856335256541692,0.10955873884818788,1.4908772502437762,4.8161694948847975e-05,15,0.44649446494464945,0.010638297872340425,0.015587364366413503,1.0,2.2787561311563764,1.389230121408184,0.0326687887418328,True,True
0.1,0.4599750082349534,0.32676781846173475,0.42117441611544226,0.21329600069642252,0.09799979110838286,1.3731622093469,0.00010851989670062094,15,0.4575645756457565,0.02127659574468085,-0.009943436417731965,1.0,2.30886552229563,1.29821527662965,0.03392528061651868,True,True
0.1,0.4827206533786753,0.3109719545964086,0.37580686323408563,0.21621249921420596,0.10451887406934067,1.450332318505657,6.350773481019875e-05,15,0.5498154981549815,0.06382978723404255,-0.02118215630125553,1.0,2.4668722848287143,1.2886194375195403,0.03141229686714692,True,True
0.1,0.5068441668827632,0.28271645918575306,0.404583461795856,0.19565165756487213,0.1010758720972369,1.4201158335408886,7.821807377391431e-05,15,0.4797047970479705,0.031914893617021274,-0.011071518438951876,1.0,2.362538818763307,1.3562685473107554,0.00712012062321997,True,True
0.1,0.46133697537271834,0.2825793936349635,0.3671346536600466,0.19290391971011778,0.09573902570136919,1.450391187381965,6.348207883111107e-05,15,0.5682656826568265,0.06382978723404255,-0.01557349570520662,1.0,2.50152176219503,1.365309131494223,0.02730775674317306,True,True
0.1,0.5394822507051182,0.2891034435454773,0.3716868493814134,0.1910505536601999,0.1096746135385721,1.5347022380827349,3.5852792584071746e-05,15,0.5608856088560885,0.06382978723404255,0.013156374512561892,1.0,2.483132031827171,1.37140706102126,0.030407103367398224,True,True
0.1,0.4937950116512751,0.27838255707221665,0.4109009877271321,0.21783352566240768,0.09687308031534014,1.39266765237,9.466737334164499e-05,15,0.46863468634686345,0.02127659574468085,-0.0742244916202134,1.0,2.341590038942842,1.2832859498131939,0.018512313620371923,True,True
0.1,0.45372950621362557,0.3099685361282829,0.3771049363230726,0.2178712079661178,0.09581183295610593,1.4067380640021057,8.582715318522537e-05,15,0.5461254612546126,0.06382978723404255,-0.04465593527345874,1.0,2.4618230074140963,1.2831619678116617,0.030574635617356342,True,True
0.1,0.45099001236265857,0.27075568830326036,0.3784006602483825,0.21476074434237513,0.09866610968357654,1.4342412719915798,7.09428370848981e-05,15,0.5461254612546126,0.06382978723404255,-0.06877510255704136,1.0,2.4568174161341245,1.2933959892964273,0.02345451499413637,True,True
0.1,0.4920301378103274,0.2923041057035274,0.37331033281524895,0.19712496158253343,0.10871698658856266,1.521008708501206,3.929954187939157e-05,15,0.5535055350553506,0.06382978723404255,0.004836185204802916,1.0,2.476682062265107,1.3514210947138992,0.025799966493550007,True,True
0.1,0.45946496176455076,0.3047633078954294,0.40193381076736356,0.20306899062928987,0.09096932752068504,1.3641388885412058,0.00011562677906264822,15,0.4833948339483395,0.031914893617021274,-0.025233380982149497,1.0,2.371521025001704,1.3318640998960716,0.011475959122131011,True,True
0.1,0.45965948323310285,0.3024460051096009,0.4162902904975514,0.2183621208572662,0.09609076762402248,1.373943117436852,0.00010792660559217863,15,0.46863468634686345,0.02127659574468085,-0.0524574470823604,1.0,2.3242217863588097,1.281546770309652,0.022198023119450495,True,True
0.1,0.545210080622113,0.27079856238875094,0.3785814104944193,0.18317476837249996,0.09723963377851275,1.427197174827124,7.447830212755733e-05,15,0.5461254612546126,0.06382978723404255,-0.004609210807439568,1.0,2.4561218719285782,1.397319904119145,0.023370748869157312,True,True
0.1,0.450185830092949,0.3002091159401797,0.4288658132021292,0.2060210637323636,0.10468464829311293,1.4264241274167515,7.48773355171683e-05,15,0.45387453874538747,0.010638297872340425,-0.009038426791412129,1.0,2.285391969134831,1.322151213582004,0.023119450494220137,True,True
0.1,0.5338100652039045,0.2778167883819894,0.3831028995495836,0.18243439526459931,0.09164935924394559,1.3690436723508266,0.00011170558023955904,15,0.5202952029520295,0.06382978723404255,-0.004750052596927797,1.0,2.438936308690474,1.3997558735467126,0.02412464399396884,True,True
0.1,0.4791258147111663,0.2976440746613323,0.3812319962040728,0.19450958818928968,0.09298088143048967,1.3804283738490886,0.00010312801552769631,15,0.5313653136531366,0.06382978723404255,-0.008055110307175742,1.0,2.445997916269878,1.360026174449548,0.018177249120455687,True,True
0.1,0.488965532520135,0.30006877188131303,0.37506102479422565,0.18949754807383706,0.10549321970228334,1.4607049668382674,5.914997904921483e-05,15,0.5498154981549815,0.06382978723404255,0.020365241625596615,1.0,2.4697892761023095,1.3765167470550335,0.02345451499413637,True,True
0.1,0.4659616373756174,0.2913805639701065,0.41113552253785884,0.18735750030274922,0.10623610497625442,1.430976354764543,7.255923251495749e-05,15,0.46863468634686345,0.02127659574468085,0.01889951408872316,1.0,2.3408247205779533,1.38355791439117,0.017590886245602278,True,True
0.1,0.45619787444379645,0.27230798550140073,0.401356262592367,0.19379436244922899,0.10402972279618453,1.4494901066593957,6.387597116659644e-05,15,0.4870848708487085,0.031914893617021274,-0.012743422840559281,1.0,2.37349463184128,1.3623794042170871,0.011140894622214776,True,True
0.1,0.5127790884550704,0.29214319308974473,0.3869963338745879,0.20257478480878116,0.1013018040409549,1.4337044684233469,7.120599582096744e-05,15,0.5202952029520295,0.0425531914893617,-0.015870866727234558,1.0,2.4244596753858136,1.3334901317668115,0.0108895962472776,True,True
0.1,0.5493495396315593,0.3162348611734203,0.39636089761949633,0.19197098679860103,0.092241943608219,1.3797719953689784,0.00010360342007674123,15,0.5055350553505535,0.031914893617021274,0.01593557291048059,1.0,2.39080488372418,1.3683786595823926,0.018512313620371923,True,True
0.1,0.45433432125816,0.3281061256121851,0.42104635033947624,0.19882956830646348,0.09831813214088417,1.3762643891478088,0.00010618288080233036,15,0.4575645756457565,0.02127659574468085,0.023288280476194686,1.0,2.309263627821572,1.3458126118811102,0.026553861618361534,True,True
0.1,0.47714697824149244,0.3102312859989432,0.39337978788901573,0.21561206087119555,0.09313888374718866,1.3862651694014854,9.899909826343433e-05,15,0.5055350553505535,0.031914893617021274,-0.04497692050450341,1.0,2.4013446778359198,1.2905949947502184,0.02194672474451332,True,True
0.1,0.476930334816899,0.30877187989727967,0.42123583385770325,0.18818436485697232,0.10965364886063628,1.4857161074569485,4.987822184270373e-05,15,0.4575645756457565,0.02127659574468085,0.03480064323525063,1.0,2.308674684862436,1.3808373715279398,0.02848048249287988,True,True
0.1,0.46732876029395665,0.2810254769631342,0.4071663010319526,0.2084558915955284,0.09226580485720169,1.3689321429865429,0.00011179318925521948,15,0.47601476014760147,0.031914893617021274,-0.062270989829922054,1.0,2.3538956213452322,1.3141401632443208,0.015999329871000167,True,True
0.1,0.5365166535298932,0.2827812228611657,0.3911324484735389,0.20054745831003584,0.10678157201698296,1.4651467214591427,5.738047058988362e-05,15,0.5055350553505535,0.031914893617021274,-0.011871499765157709,1.0,2.409396418726915,1.3401604245123764,0.014324007371418998,True,True
0.1,0.46166505150136,0.2857124988454165,0.41161097391369506,0.18464320382095412,0.09989268503269245,1.4020471492651645,8.867466217689344e-05,15,0.46863468634686345,0.02127659574468085,0.011771380333726883,1.0,2.3392759354420942,1.3924884700481082,0.013235047746691238,True,True
0.1,0.48616475465203113,0.28747530437101587,0.4018378724919012,0.2192435939720026,0.10130793987359342,1.4273540986729196,7.439757194352235e-05,15,0.4870848708487085,0.031914893617021274,-0.056000468288412555,1.0,2.3718484738832215,1.2786465548158596,0.01197855587200536,True,True
0.1,0.5028866489105853,0.319827794788793,0.4354257951380868,0.21149517466243553,0.0911020116946683,1.3355128242326464,0.00014155421458441413,15,0.43911439114391143,0.010638297872340425,-0.0289903714553394,1.0,2.266026676145068,1.3041403394342659,0.039705143240073716,True,True
0.1,0.49974453922263556,0.276851748382149,0.37101394396481424,0.18403895027935283,0.10752805950613341,1.5051526749646558,4.3727931194461475e-05,15,0.5645756457564576,0.06382978723404255,0.012081595447196426,1.0,2.4858219781054243,1.394476580013385,0.03233372424191657,True,True
0.1,0.503438399729296,0.32907566305686,0.36952251989702767,0.20237131905091033,0.10665852054687075,1.472431798341396,5.459693153826214e-05,15,0.5645756457564576,0.06382978723404255,0.023876236455076274,1.0,2.437062740593248,1.3341595731071858,0.03844865136538784,True,True
0.1,0.5128546251307873,0.278011225303184,0.3783298181192834,0.18640693807326686,0.09670171238821129,1.4220763541399557,7.716349165524297e-05,15,0.5461254612546126,0.06382978723404255,-0.004958539682640635,1.0,2.457090204697238,1.386685446314345,0.022030490869492377,True,True
0.1,0.48509364108133035,0.32223744607042637,0.3997585055962962,0.19669320075723976,0.09744227438206857,1.3995539534858092,9.022799172919628e-05,15,0.4907749077490775,0.031914893617021274,0.02016089946179168,1.0,2.378984222747712,1.3528416705819493,0.0153292008711677,True,True
0.1,0.5270105177943287,0.3015725439465947,0.37608830358019885,0.21401357024806794,0.10698415601265453,1.4660584042483777,5.702416150503633e-05,15,0.5498154981549815,0.06382978723404255,-0.02000708237713637,1.0,2.465774571766074,1.2958543352727738,0.02789411961802647,True,True
0.1,0.4872975870549704,0.2934805388700322,0.39023881702703833,0.18245945608133174,0.10718167854048613,1.4538417734127582,6.199700113407215e-05,15,0.5092250922509225,0.031914893617021274,0.02814366696746365,1.0,2.4126238807460822,1.3996734186564166,0.018847378120288156,True,True
0.1,0.528026628214492,0.27711858543635565,0.4242634754592903,0.19245607421631844,0.0942484006949469,1.3876095095745664,9.807274107278306e-05,15,0.4575645756457565,0.010638297872340425,-0.023154156836566655,1.0,2.2993356817475816,1.366782629004502,0.023789579494052606,True,True
0.1,0.45164234174164475,0.2851800731481377,0.41655034123911083,0.19641976340765863,0.1007493608289491,1.4045079284878081,8.71688321888236e-05,15,0.46863468634686345,0.02127659574468085,-0.010995976218873754,1.0,2.323395079899976,1.3537413318700575,0.013905176746523706,True,True
0.1,0.49357426034601687,0.296176610689269,0.4024133730364063,0.20192159657126474,0.09837766803016117,1.4017286827238455,8.88715136407414e-05,15,0.4833948339483395,0.031914893617021274,-0.01563335604015906,1.0,2.369886562086551,1.3356392462606488,0.003769475624057631,True,True
0.1,0.5165340552017775,0.28573202612143445,0.4335677570090418,0.20277805137196425,0.10585419581810199,1.4343379387488449,7.089555576071892e-05,15,0.44280442804428044,0.010638297872340425,-0.01461428449530137,1.0,2.2714521853039895,1.3328213458151381,0.027223990618194003,True,True
0.1,0.45855497174240395,0.2950663654902981,0.38421167652796745,0.19598986719632516,0.10550888955103287,1.421399240724763,7.752603124287926e-05,15,0.5202952029520295,0.06382978723404255,0.005869575560537805,1.0,2.4347837554238625,1.3551557728007997,0.017255821745686045,True,True
0.1,0.4605723810138158,0.2755664595439916,0.406709551145777,0.21397533789489598,0.09921719979227524,1.4059122338173997,8.632145701662874e-05,15,0.47601476014760147,0.031914893617021274,-0.06150697176790555,1.0,2.355416096262039,1.29598012704246,0.013402579996649355,True,True
0.1,0.5394467445091513,0.3214661675598947,0.3718622896393918,0.21717590028402867,0.09821326088888513,1.433124329013382,7.149154437865377e-05,15,0.5608856088560885,0.06382978723404255,-0.025456456198331704,1.0,2.466501013600002,1.2854496633509074,0.03677332886580667,True,True
0.1,0.462466042716822,0.27521815751789214,0.3812345090537372,0.2045747963103328,0.10031037017042972,1.4211339398533578,7.76685622862559e-05,15,0.5313653136531366,0.06382978723404255,-0.03802163393228202,1.0,2.4459883851930937,1.3269097105973042,0.01742335399564416,True,True
0.1,0.4511772612360341,0.29007258713885414,0.3764942938218885,0.211393671053236,0.0975075503205541,1.4301035361887457,7.299782214204794e-05,15,0.5498154981549815,0.06382978723404255,-0.045441285324738234,1.0,2.4641939630226775,1.3044743057630792,0.021192829619701793,True,True
0.1,0.5136787235885586,0.3183035371191836,0.4326530782129531,0.18181318355810758,0.10586490100468,1.4241093305414139,7.608558010217604e-05,15,0.44280442804428044,0.010638297872340425,0.04974458602016424,1.0,2.274140182715083,1.4017997791247416,0.03493047411626738,True,True
0.1,0.5284549059019159,0.2832232634134562,0.4125065105395459,0.20434883624435646,0.09147695459632402,1.3630869429340813,0.00011648626608615903,15,0.46863468634686345,0.02127659574468085,-0.05165337393077634,1.0,2.3363684161141194,1.327653162522686,0.018344781370413805,True,True
0.1,0.46853887370210984,0.3134891304297724,0.38055324613125796,0.1803577694130138,0.09197040559187786,1.3785481036872465,0.00010449596822203265,15,0.5350553505535055,0.06382978723404255,0.035106977802107496,1.0,2.4485769803060835,1.4065883706120133,0.028564248617858938,True,True
0.1,0.5308639650873648,0.28508567666297063,0.43149175476281193,0.20760136788841793,0.093428456359119,1.3599440231975901,0.00011909398794109359,15,0.44649446494464945,0.010638297872340425,-0.053125746969495145,1.0,2.2775694229186825,1.3169517100218033,0.02747528899313118,True,True
0.1,0.5358148520283539,0.28591041582448307,0.4390309523071797,0.18147577604016288,0.09440671242160131,1.3529299823156338,0.00012513496857113454,15,0.4280442804428044,0.010638297872340425,0.011000442724625295,1.0,2.2556305409209303,1.4029099145275188,0.03174736136706316,True,True
0.1,0.5267938966555088,0.28058828024247806,0.3610649210350659,0.18582317180642882,0.106240081276976,1.5070875861782485,4.316065982188184e-05,15,0.5756457564575646,0.06382978723404255,0.010700659033811108,1.0,2.5267633049098057,1.3886061492189858,0.03627073211593232,True,True
0.1,0.48681871044595637,0.3093327178188209,0.4365140247435901,0.21783213595431894,0.09791261279360464,1.3657031977577825,0.00011436084872138984,15,0.4354243542435424,0.010638297872340425,-0.039322566260846785,1.0,2.2628704712301233,1.2832905222191622,0.0336739822415815,True,True
0.1,0.4717023881889487,0.2936164260147718,0.412854718585548,0.2155772910852446,0.1038413531948172,1.4179216599886462,7.941618037887275e-05,15,0.46863468634686345,0.02127659574468085,-0.036178432995090645,1.0,2.3352413023523866,1.2907093940100993,0.01951750712012062,True,True
0.1,0.4599947030294366,0.2803367694749187,0.3777812012020678,0.1820826741780932,0.10690069249852555,1.4668109975078003,5.673176976338007e-05,15,0.5461254612546126,0.06382978723404255,0.017312752229506054,1.0,2.459206202882596,1.400913103333447,0.027223990618194003,True,True
0.1,0.4516692571499629,0.3037163764501126,0.3771759055286692,0.1998234737731896,0.09600746555429125,1.4108849900601301,8.338921093058811e-05,15,0.5461254612546126,0.06382978723404255,-0.009148145790462166,1.0,2.461547951621724,1.3425424724000825,0.017758418495560396,True,True
0.1,0.46958625131930326,0.31444456014737576,0.36531666480805114,0.207340052776793,0.09833993724404343,1.4624798353305744,5.84361671105108e-05,15,0.5756457564575646,0.06382978723404255,-0.011164281172684724,1.0,2.4947555014249714,1.3178114868236441,0.031496062992125984,True,True
0.1,0.5109379075112291,0.30019713507983775,0.3665028806498252,0.18405782491206538,0.1013491410469512,1.4725407763099665,5.455637961366092e-05,15,0.5719557195571956,0.06382978723404255,0.025240316370733738,1.0,2.504110066335868,1.3944144788541806,0.0262187971184453,True,True
0.1,0.47179163723086615,0.3063224762297693,0.4022839021120273,0.21018500582344518,0.09528604942760456,1.3821084121964844,0.00010192150716818916,15,0.4833948339483395,0.031914893617021274,-0.030348325944299443,1.0,2.370327445946324,1.308451046026219,0.013235047746691238,True,True
0.1,0.510328306953366,0.31571317597456977,0.3877607045786251,0.2064884802192124,0.09513530701998205,1.3938427763082808,9.389400221456906e-05,15,0.5202952029520295,0.0425531914893617,-0.012825229484852183,1.0,2.421651718746343,1.3206133237535456,0.02236555536940861,True,True
0.1,0.493407124591434,0.3258692449531696,0.3694259876170333,0.21160101769205047,0.10596165402364638,1.471024029251613,5.512361754900914e-05,15,0.5645756457564576,0.06382978723404255,0.004107779270201779,1.0,2.4493218547651225,1.3037920955805766,0.041799296364550174,True,True
0.1,0.47037006650415436,0.2894688670762698,0.42023172918182744,0.21256418165859234,0.0926508633361585,1.3679007474777733,0.0001126067711811896,15,0.4575645756457565,0.02127659574468085,-0.06209553416022144,1.0,2.3118016414414386,1.3006231015271819,0.023705813369073545,True,True
0.1,0.4974740756344648,0.2949397984323356,0.37687837505510013,0.2080701900405785,0.09325994055775169,1.4036417085817627,8.769583803648845e-05,15,0.5461254612546126,0.06382978723404255,-0.04287015428333664,1.0,2.462701785545271,1.3154091952850542,0.023789579494052606,True,True
0.1,0.4841337151693827,0.29368304388996974,0.42103480885263517,0.2063980991408274,0.10475412363656432,1.4259680208170045,7.511381483968841e-05,15,0.4575645756457565,0.02127659574468085,-0.01579839545159576,1.0,2.3092995176069637,1.3209106948241947,0.020522700619869324,True,True
0.1,0.5149457182801657,0.3073843530126749,0.43978101880380277,0.20246643585516974,0.10524270761055253,1.3882552482604256,9.7630989314632e-05,15,0.42435424354243545,0.010638297872340425,0.005532962591824752,1.0,2.2534890060192128,1.3338466205907435,0.029653208242586698,True,True
0.1,0.5259771135391059,0.31243730777673157,0.4390068636842068,0.21573237736251807,0.09844325939170462,1.358849325705305,0.00012001647010146509,15,0.4280442804428044,0.010638297872340425,-0.029649573680945937,1.0,2.2556994382735587,1.2901991304334757,0.034679175741330205,True,True
0.1,0.4900526798479125,0.30791752410856343,0.42866050770254827,0.19943030075893475,0.09313757075767778,1.3650048828330457,0.00011492417474664199,15,0.45387453874538747,0.010638297872340425,-0.007730691209011706,1.0,2.2860076032686933,1.3438360869739356,0.024794772993801308,True,True
0.1,0.49820883241368974,0.3271147279397595,0.38290967063465225,0.20716075237845502,0.10142420492403892,1.383028123265848,0.00010126725591341653,15,0.5202952029520295,0.06382978723404255,0.008797181333371642,1.0,2.439662443658867,1.3184014194995357,0.030239571117440106,True,True
0.1,0.541418378701071,0.3076384298296333,0.40095862124502013,0.20314144659023903,0.09849743762007866,1.4047834275668014,8.700191182367272e-05,15,0.4870848708487085,0.031914893617021274,-0.006339874404637124,1.0,2.3748567630614126,1.3316257058973786,0.00762271737309432,True,True
0.1,0.5199217108269938,0.32381275541584637,0.4260946687449867,0.1926132726504608,0.09334005171764642,1.3655037093323825,0.000114521480985864,15,0.4575645756457565,0.010638297872340425,0.02475996363384734,1.0,2.293751629773193,1.366265416026956,0.03258502261685375,True,True
0.1,0.47954764196713895,0.27314795371963874,0.3676566919646916,0.19806867772830483,0.09523371787013638,1.450538610791536,6.341787685217757e-05,15,0.5682656826568265,0.06382978723404255,-0.03711325982827681,1.0,2.499389740958221,1.3483160877182785,0.028312950242921762,True,True
0.1,0.5419096469465566,0.2837353692761669,0.4061968931905722,0.20394781438819393,0.09323605734936227,1.3727280582931471,0.00010885120797348132,15,0.47601476014760147,0.031914893617021274,-0.045344223175688016,1.0,2.357126756427122,1.328972601290753,0.013067515496733122,True,True
0.1,0.4522168960820541,0.28472118716929357,0.36959663816944943,0.20027565200704323,0.10630145983142232,1.4897468387545985,4.8532301184975244e-05,15,0.5645756457564576,0.06382978723404255,-0.010096230406741919,1.0,2.491519714185707,1.3410547193445965,0.02680515999329871,True,True
0.1,0.520704239670723,0.30849062731891086,0.3695075356377605,0.1903534929927697,0.0912128986269717,1.420836870812476,7.782848485203695e-05,15,0.5645756457564576,0.06382978723404255,0.007013859415073617,1.0,2.491879377168949,1.3737005242182616,0.030742167867314457,True,True
0.1,0.5222987152351882,0.3271729802541636,0.42708288460333094,0.1921569998002323,0.10054987509135496,1.398030279927839,9.119121397166442e-05,15,0.4575645756457565,0.010638297872340425,0.037758105275601875,1.0,2.290758051890792,1.3677666411551042,0.029736974367565755,True,True
0.1,0.4869933097299875,0.3032954525203597,0.37309787416123436,0.19023106917979213,0.09624991817201067,1.4220894398529986,7.715650274837863e-05,15,0.5535055350553506,0.06382978723404255,0.010658935868237178,1.0,2.4775229512250396,1.3741033220271464,0.02244932149438767,True,True
0.1,0.4590899004619352,0.2900661297850017,0.39610062398182627,0.1944327891049011,0.0913957425612404,1.3872910060041512,9.829139631941397e-05,15,0.5055350553505535,0.031914893617021274,-0.019194920701376135,1.0,2.391718767279165,1.3602788581567755,0.011475959122131011,True,True
0.1,0.45482673602244783,0.2912368588261867,0.4136027487618308,0.2116089383729806,0.1051487046522126,1.4255985337622137,7.530595516012116e-05,15,0.46863468634686345,0.02127659574468085,-0.027646869252114136,1.0,2.3328264228822464,1.3037660350222104,0.0187636119953091,True,True
0.1,0.4644233021983297,0.3110528632010757,0.41397136941257495,0.2021069425235413,0.10538220411973664,1.4128833373770902,8.224027648929465e-05,15,0.46863468634686345,0.02127659574468085,0.009493093948048075,1.0,2.3316396080935107,1.3350294225535868,0.019768805495057797,True,True
0.1,0.5410102484793768,0.2967959507666408,0.3948501971650613,0.18880859273103223,0.10784906085431706,1.470752276701184,5.522589742341834e-05,15,0.5055350553505535,0.031914893617021274,0.02252468770835292,1.0,2.3961261158900955,1.378783542180522,0.014072708996481822,True,True
0.1,0.489846726114182,0.32779219074699467,0.38083723985692364,0.19644353405166873,0.10664467087086274,1.4188910829397599,7.88844945733042e-05,15,0.5313653136531366,0.06382978723404255,0.034019952933442205,1.0,2.4419448696585517,1.353663121895297,0.032501256491874686,True,True
0.1,0.5479893968239501,0.30097471609129445,0.40536309028947565,0.2175615181452868,0.1002535793635076,1.406792824102266,8.579448077091834e-05,15,0.4797047970479705,0.031914893617021274,-0.0412193994962621,1.0,2.3599182691567506,1.2841809066784613,0.01197855587200536,True,True
0.1,0.48430565368977513,0.3091968473306144,0.39042793112484925,0.1842259409540824,0.10579741050938007,1.445468324866351,6.566537533968739e-05,15,0.5055350553505535,0.031914893617021274,0.03707722699832335,1.0,2.4119396389963086,1.3938613448542188,0.020103869994974034,True,True
0.1,0.4860728536324983,0.31442429625060975,0.39660918038125287,0.21304093244996408,0.10895521256069365,1.499224816934725,4.551487586516325e-05,15,0.5055350553505535,0.031914893617021274,-0.002718242319306037,1.0,2.389934220878546,1.2990545000477964,0.025381135868654717,True,True
0.1,0.5471411288657857,0.2960067186485738,0.4112937804594643,0.18656496917833765,0.09775908693982352,1.387020574551291,9.847744814877605e-05,15,0.46863468634686345,0.02127659574468085,0.015271015531677073,1.0,2.3403087970614855,1.3861654936898518,0.012648684871837828,True,True
0.1,0.494412764746551,0.28101355562760133,0.4330441700605987,0.20894159375518667,0.10762189652844292,1.4588780069855742,5.989425561406267e-05,15,0.44280442804428044,0.010638297872340425,-0.027728997141696823,1.0,2.2729894783004556,1.3125421100476213,0.03141229686714692,True,True
0.1,0.5369750972929965,0.32609206405962954,0.3703591997069329,0.2120794424749206,0.105873775196202,1.4701853269263199,5.5439919696670446e-05,15,0.5645756457564576,0.06382978723404255,0.0033695534046874324,1.0,2.448463191072074,1.3022179863483183,0.041966828614508296,True,True
0.1,0.48893567345507644,0.28309398141383835,0.40849221647362166,0.18694003612564775,0.09934534532444954,1.3877183647423041,9.799812731726004e-05,15,0.46863468634686345,0.031914893617021274,0.004033749687591078,1.0,2.349501042848127,1.3849314515465205,0.010638297872340425,True,True
0.1,0.5348111354899798,0.2742032555622399,0.435876530273526,0.2037607447601391,0.09081902255971347,1.350220985030826,0.00012755268242909608,15,0.43911439114391143,0.010638297872340425,-0.06356736023697362,1.0,2.2647174918561506,1.3295880962214914,0.03224995811693751,True,True
0.1,0.49439951578963226,0.29976071740550014,0.4120894581503001,0.2089780377923982,0.10724222654186562,1.4306822819299119,7.270669571664981e-05,15,0.46863468634686345,0.02127659574468085,-0.01058225972549841,1.0,2.3377208788617825,1.3124222021802,0.018344781370413805,True,True
0.1,0.4740786993725157,0.2871135618597472,0.3958026069558036,0.18848206112870458,0.10061935086684803,1.431106544330479,7.249404844110134e-05,15,0.5055350553505535,0.031914893617021274,0.006667261611506833,1.0,2.392766652969647,1.3798578937364019,0.00762271737309432,True,True
0.1,0.5208543040819497,0.32231912113751293,0.4077359272635088,0.21108319959851396,0.1056190139717736,1.4003783027564631,8.971128635190383e-05,15,0.47232472324723246,0.031914893617021274,0.003381978176019206,1.0,2.352004165603563,1.3054958163551913,0.027642821243089293,True,True
0.1,0.5392528263888271,0.2782009754945306,0.43714550380022166,0.21340361683406456,0.1088057943312295,1.4909222004407343,4.81470192789909e-05,15,0.4354243542435424,0.010638297872340425,-0.03662591739312515,1.0,2.2610461901912298,1.2978611989107114,0.03660579661584855,True,True
0.1,0.5316189401311229,0.3244227004126828,0.37580988649201785,0.1858669010666089,0.10960366502326922,1.504847859399158,4.381800444335974e-05,15,0.5498154981549815,0.06382978723404255,0.04701344094085469,1.0,2.4549211643532107,1.3884622715716857,0.03727592561568102,True,True
0.1,0.4742972454627287,0.32083661363048316,0.3853280248883785,0.1853987369451763,0.10496406272398247,1.4046238827149606,8.709853679659956e-05,15,0.5202952029520295,0.06382978723404255,0.044284103478165714,1.0,2.4306269892676093,1.3900026212612195,0.02680515999329871,True,True
0.1,0.49748889705901217,0.3135971760378398,0.4395684123900556,0.18519783750276275,0.10795209318588002,1.4142440289104277,8.146740918058675e-05,15,0.42435424354243545,0.010638297872340425,0.04218935202550511,1.0,2.2540952820725626,1.3906636189318702,0.03727592561568102,True,True
0.1,0.4767121085502949,0.2839656155532152,0.38997927145379147,0.21674645418936486,0.10084155903758502,1.4288534087303582,7.363083076085544e-05,15,0.5092250922509225,0.031914893617021274,-0.05509462716677005,1.0,2.41356403398434,1.2868626233115354,0.015161668621209583,True,True
0.1,0.5370345852025156,0.2820623825479649,0.3977234382943308,0.21844073077459922,0.09387763526455228,1.4050690260108285,8.682922398107691e-05,15,0.4944649446494465,0.031914893617021274,-0.08044648854088067,1.0,2.3860401953946226,1.2812881286149667,0.01474283799631429,True,True
0.1,0.4671791810368895,0.3209054968851656,0.3748551525424022,0.19790510301285824,0.10692467557527496,1.4552196391835814,6.141416235379476e-05,15,0.5535055350553506,0.06382978723404255,0.024634632322488963,1.0,2.468717815776543,1.3488542798834164,0.030825933992293518,True,True
0.1,0.47193091732997217,0.3029289174296829,0.39314951663531733,0.19695488967308095,0.09323554533298825,1.3918152527131604,9.523250322449647e-05,15,0.5055350553505535,0.031914893617021274,-0.007736579767914666,1.0,2.402165458180738,1.3519806638925922,0.010470765622382309,True,True
0.1,0.536401968677186,0.27670050988756767,0.37794568099825265,0.2154620632279524,0.09154289834877127,1.400610907724868,8.956604698141502e-05,15,0.5461254612546126,0.06382978723404255,-0.08551483340568722,1.0,2.458571164698781,1.2910885157455767,0.028731780867817056,True,True
0.1,0.4852762673595066,0.3260514417266141,0.39266384647330665,0.21684217804945483,0.09608996814183869,1.390447750818637,9.614649048170875e-05,15,0.5055350553505535,0.031914893617021274,-0.02399735578970371,1.0,2.4038997403953006,1.28654767346506,0.031998659742000335,True,True
0.1,0.4826539948742053,0.2797379976859017,0.3696209295442945,0.19524272536027182,0.10893246467749092,1.5443827253739895,3.360805868257759e-05,15,0.5645756457564576,0.06382978723404255,-0.0017348097604696,1.0,2.491421691964642,1.3576140126413083,0.030993466242251633,True,True
0.1,0.45611192301070913,0.30418779395583645,0.38959775400179797,0.21992471992657456,0.10569697921666961,1.448730772424837,6.420988166734111e-05,15,0.5129151291512916,0.031914893617021274,-0.031880079206284134,1.0,2.4149482805384737,1.2764055198782662,0.023203216619199194,True,True
0.1,0.459763488619039,0.2946889870935482,0.3804039478327774,0.21321864493706602,0.10723679703520801,1.4506233140683156,6.338101975874538e-05,15,0.5350553505535055,0.06382978723404255,-0.023649184691103706,1.0,2.4491455077349125,1.298469791904216,0.02571620036857095,True,True
0.1,0.487351284608804,0.2858790746150556,0.39330215333646507,0.2043465254978806,0.10180675277857348,1.4382922445467585,6.898934397514264e-05,15,0.5055350553505535,0.031914893617021274,-0.024477960756265772,1.0,2.401621291544007,1.3276607653214776,0.009800636622549841,True,True
0.1,0.46608930664749915,0.28465762238872916,0.3878135497196615,0.18188223498036393,0.09058851177722554,1.3885405203092618,9.743649422011478e-05,15,0.5202952029520295,0.0425531914893617,0.0017825422851941082,1.0,2.421457998373148,1.4015725867108744,0.0207739989948065,True,True
0.1,0.5303213143704164,0.30471322896409997,0.39833818844341956,0.20709006216166934,0.1088342598272121,1.5108409004804688,4.208210491095197e-05,15,0.4944649446494465,0.031914893617021274,-0.000645093423917925,1.0,2.3839011375752066,1.318634003861502,0.0153292008711677,True,True
0.1,0.47419014969892936,0.3043029985155903,0.3710295332346757,0.20740937135873644,0.10501829998506956,1.4760454616215641,5.326888116944222e-05,15,0.5645756457564576,0.06382978723404255,-0.008530691240318064,1.0,2.485759549436793,1.3175834154032013,0.027223990618194003,True,True
0.1,0.4557549663452832,0.3287440441147447,0.3931771065279459,0.18731186422528548,0.10000383280627373,1.410164580841463,8.380749647436657e-05,15,0.5055350553505535,0.031914893617021274,0.04536983907732306,1.0,2.402067065894421,1.3837080658328007,0.02244932149438767,True,True
0.1,0.47350101612545664,0.29546413048097325,0.4336840679027617,0.21238504947974846,0.10191898704047378,1.4074755300751611,8.538823307833126e-05,15,0.44280442804428044,0.010638297872340425,-0.03218593743491932,1.0,2.2711111911311805,1.3012124807286962,0.026470095493382476,True,True
0.1,0.49713407578248575,0.30154630371528474,0.394200584265721,0.21721774270320282,0.10879236092655309,1.510517721300885,4.217385517146638e-05,15,0.5055350553505535,0.031914893617021274,-0.022075073961736903,1.0,2.3984268266708195,1.2853119937721558,0.02035516836991121,True,True
0.1,0.4711458888218781,0.27876450553598153,0.39944740590854105,0.21574818533495776,0.09835869293797894,1.4251785256403118,7.552498998127219e-05,15,0.4907749077490775,0.031914893617021274,-0.0645526759945789,1.0,2.3800582103485084,1.290147119174336,0.010470765622382309,True,True
0.1,0.4739658419888316,0.3131185525893696,0.40952766245992134,0.20019998161038602,0.09283171173264715,1.3410913630903332,0.00013606449409527894,15,0.46863468634686345,0.031914893617021274,-0.0048721731269980575,1.0,2.3460889767866284,1.3413036894528592,0.017758418495560396,True,True
0.1,0.5427526545094206,0.2751547746373072,0.373530341958759,0.21658838571365302,0.10720585257342177,1.4792130356731543,5.213252594397758e-05,15,0.5535055350553506,0.06382978723404255,-0.047122465262658966,1.0,2.4758122974314074,1.2873826988926003,0.032417490366895625,True,True
0.1,0.48824046871203974,0.3034474762849699,0.41101231876526845,0.1989942347966942,0.10340399833468317,1.4093758388862299,8.426796613657105e-05,15,0.46863468634686345,0.02127659574468085,0.005742332731791202,1.0,2.3412266420202448,1.3452708275676788,0.011392192997151952,True,True
0.1,0.5086714830734302,0.28883192906195715,0.3992994882118024,0.18076203430539436,0.09295127925577269,1.39635367259426,9.226350542817707e-05,15,0.4907749077490775,0.031914893617021274,0.013040427363932067,1.0,2.3805694432397755,1.405258261633217,0.012816217121795946,True,True
0.1,0.5136840747324686,0.27447249604414853,0.36261981617263067,0.2152283018626088,0.098880052065389,1.4771627830882883,5.2865120842478855e-05,15,0.5756457564575646,0.06382978723404255,-0.06449775958274011,1.0,2.5202166223151448,1.2918576354411013,0.03325515161668621,True,True
0.1,0.4966527174470183,0.29227386235698727,0.3653887539582973,0.18305328676914318,0.0960411865167863,1.4598879820053303,5.9481605928843276e-05,15,0.5756457564575646,0.06382978723404255,0.013894315407421453,1.0,2.508696330017349,1.3977196018777902,0.030407103367398224,True,True
0.1,0.4799580001053323,0.27558743648114853,0.4318116357084618,0.20418757982022925,0.10272451102440389,1.4135057111090972,8.188582667954225e-05,15,0.44649446494464945,0.010638297872340425,-0.03292798187758434,1.0,2.2766230146208466,1.328183727065051,0.026302563243424358,True,True
0.1,0.49730132724876647,0.30934305673236123,0.383186830798312,0.21538450506214107,0.10411091233237957,1.4050840563541407,8.68201457436363e-05,15,0.5202952029520295,0.06382978723404255,-0.020584741028902256,1.0,2.4386211315718413,1.291343696976173,0.026637627743340594,True,True
0.1,0.5254145577355752,0.3217092369987562,0.42992392654404415,0.18437797698166042,0.10302858474213533,1.397854090810525,9.130328454636111e-05,15,0.44649446494464945,0.010638297872340425,0.04773795098812157,1.0,2.28222840854153,1.3933611171837148,0.03283632099179092,True,True
0.1,0.49958814998181966,0.2922693232177067,0.39991621095974506,0.20301998393262047,0.09796474342911035,1.4165612781762267,8.016859756762571e-05,15,0.4907749077490775,0.031914893617021274,-0.023095480600777547,1.0,2.378440425817058,1.3320253413209138,0.0041883062489529235,True,True
0.1,0.509648740219127,0.30562567905710414,0.417529950378642,0.20579092021230078,0.10570328332402366,1.4165424362455046,8.017907092360407e-05,15,0.46863468634686345,0.02127659574468085,-0.0020063185899857174,1.0,2.3202901291909193,1.322908429873146,0.020606466744848385,True,True
0.1,0.5358404311898946,0.3170637802209379,0.41579211765567337,0.21600684336560547,0.10436645683221307,1.4040146164311262,8.746855610509845e-05,15,0.46863468634686345,0.02127659574468085,-0.013942254555795989,1.0,2.325808375672495,1.2892960846781762,0.030574635617356342,True,True
0.1,0.5390140846660092,0.2876140429186778,0.36337312504030334,0.18206344388506446,0.10314200940390941,1.4901999266167971,4.8383399381186557e-05,15,0.5756457564575646,0.06382978723404255,0.01979079685852919,1.0,2.5170650610590766,1.4009763746832586,0.03233372424191657,True,True
0.1,0.4940594164155552,0.3245150124320542,0.43085698526092636,0.19918024868982115,0.1033771028234527,1.393046606846467,9.441725409147808e-05,15,0.44649446494464945,0.010638297872340425,0.02564681826733881,1.0,2.2794516300870757,1.3446588062071991,0.030993466242251633,True,True
0.1,0.5157959728401856,0.32740103766889134,0.3908699734804931,0.21411476943605603,0.09577492916530973,1.389416781168083,9.684158918556473e-05,15,0.5055350553505535,0.031914893617021274,-0.01689060377022758,1.0,2.4103428493567995,1.2955213705480926,0.03283632099179092,True,True
0.1,0.4979680020372075,0.2777191965070089,0.4099904725735063,0.21288866933117806,0.10468170493574745,1.418163593862178,7.928314142377111e-05,15,0.46863468634686345,0.031914893617021274,-0.04382390562110543,1.0,2.3445694693006827,1.2995554748918998,0.017758418495560396,True,True
0.1,0.48862104308336884,0.2972710172872209,0.42142472325968977,0.19357762586017585,0.10679530095913359,1.4346880537994153,7.072458358809104e-05,15,0.4575645756457565,0.02127659574468085,0.014389091102814895,1.0,2.308088115624859,1.3630925091355865,0.020690232869827442,True,True
0.1,0.482172469131318,0.2904438927871529,0.3710859008443337,0.2089822301827037,0.09948975891562226,1.4581768703890783,6.018247866057229e-05,15,0.5645756457564576,0.06382978723404255,-0.0346056426610269,1.0,2.485533863917247,1.3124084084125662,0.02253308761936673,True,True
0.1,0.475510066900974,0.31627322412869124,0.4307885612705016,0.20132601245293433,0.0942400320961937,1.3517072442671991,0.00012622027776372198,15,0.44649446494464945,0.010638297872340425,-0.0006994580917168869,1.0,2.279654850863941,1.3375988321617513,0.028983079242754232,True,True
0.1,0.4970709766114576,0.2830686655265345,0.3983692796952301,0.191860806774632,0.09292701756767524,1.3998443877544602,9.00455935425727e-05,15,0.4944649446494465,0.031914893617021274,-0.018030762677532966,1.0,2.383793129199706,1.3687411729787504,0.010638297872340425,True,True
0.1,0.5114449165124935,0.29174342841467454,0.4176399079151463,0.18588074286571926,0.1094097968772869,1.4856300957931898,4.99073638280207e-05,15,0.46863468634686345,0.02127659574468085,0.02397171826294114,1.0,2.319942519091105,1.3884167293996437,0.024292176243926957,True,True
0.1,0.5316784284148884,0.30616573675541636,0.36226584740205214,0.21921642340818198,0.10067922781505068,1.4768654485816177,5.297225382066109e-05,15,0.5756457564575646,0.06382978723404255,-0.039503384644780475,1.0,2.5217020209876195,1.2787359511784375,0.034260345116434915,True,True
0.1,0.5152026037888415,0.3122519838475045,0.3790906208471803,0.19160261736893835,0.09277404093635253,1.3928133026470984,9.457115903752614e-05,15,0.5461254612546126,0.06382978723404255,0.011503476101218263,1.0,2.4541659482224976,1.3695906656089933,0.02554866811861283,True,True
0.1,0.5006218753392597,0.2871867381884873,0.41252724780212874,0.21226512531856803,0.09406347690161529,1.3737769282823107,0.00010805258361542388,15,0.46863468634686345,0.02127659574468085,-0.05967589349210222,1.0,2.336301238435796,1.301607054204076,0.01859607974535098,True,True
0.1,0.5148402236112511,0.30009548925404184,0.4023405471495063,0.18481947226107975,0.09414982091110169,1.3816811302549903,0.00010222695670734946,15,0.4833948339483395,0.031914893617021274,0.018213489997381732,1.0,2.3701345192078085,1.391908513095851,0.010638297872340425,True,True
0.1,0.46180259342573854,0.2756651085167243,0.41781149123037076,0.21364777823151537,0.09554835815674653,1.383622026953204,0.0001008470976766958,15,0.46863468634686345,0.02127659574468085,-0.07179292235965068,1.0,2.319400456179756,1.297057861116246,0.022616853744345786,True,True
0.1,0.5023762390472432,0.28879084388247134,0.36295351563312095,0.18332668072830668,0.1006757612782743,1.4800705572075428,5.182926984308859e-05,15,0.5756457564575646,0.06382978723404255,0.01603050178936713,1.0,2.5188189351600556,1.396820083352472,0.029318143742670465,True,True
0.1,0.5483993607221206,0.3223225142293997,0.43793437589338063,0.2043471421583738,0.09236505801110302,1.3269428509830066,0.00015044027682671693,15,0.4280442804428044,0.010638297872340425,-0.0051846977208599345,1.0,2.2587746075012505,1.3276587363902634,0.0375272239906182,True,True
0.1,0.4841766569410458,0.2714295034969941,0.4294109396876957,0.213917901945142,0.10772357010228406,1.470035341792125,5.5496683519170346e-05,15,0.45387453874538747,0.010638297872340425,-0.04564661154469705,1.0,2.2837601960663116,1.2961691023255315,0.03392528061651868,True,True
0.1,0.4859697797158758,0.28402471623059206,0.43302881547974953,0.21481763047360208,0.0991860441577104,1.3983503525469374,9.09879882905941e-05,15,0.44280442804428044,0.010638297872340425,-0.05593346927739196,1.0,2.273034616681935,1.2932088230216898,0.026302563243424358,True,True
0.1,0.4636955703275131,0.27531053515455356,0.3882683650985874,0.19215497120168143,0.10385632076961092,1.4571641360555312,6.060135197683333e-05,15,0.5129151291512916,0.031914893617021274,-0.007384023289530776,1.0,2.419792910469339,1.367773315633145,0.016250628245937343,True,True
0.1,0.5291506667401723,0.28637382881837564,0.411341039862551,0.21128404045423663,0.09858368538442039,1.396458131627042,9.219631544382136e-05,15,0.46863468634686345,0.02127659574468085,-0.04631616057565465,1.0,2.3401548075793706,1.3048350114459824,0.01373764449656559,True,True
0.1,0.4608232816235684,0.2963777436519895,0.4212521470474708,0.18700726177757818,0.09231894349124352,1.362836801130184,0.0001166916196518113,15,0.4575645756457565,0.02127659574468085,0.007122792172166349,1.0,2.3086240058127796,1.384710266266959,0.02236555536940861,True,True
0.1,0.46587604687001793,0.28627053770799804,0.40598105945372087,0.18486997461472382,0.09933126585125174,1.4093721845420204,8.427010567824598e-05,15,0.4797047970479705,0.031914893617021274,0.010989684992478734,1.0,2.357848252497935,1.3917423506728994,0.01038699949740325,True,True
0.1,0.4548979492071306,0.28840962549012844,0.4220304997472383,0.21266677876080842,0.09731871549783461,1.3898288801189747,9.656311873268044e-05,15,0.4575645756457565,0.02127659574468085,-0.05109635535588416,1.0,2.3062105048252564,1.300285537396761,0.02127659574468085,True,True
0.1,0.5208367571129368,0.3265025264408619,0.4073619022921487,0.20332783084171463,0.09066305464579436,1.3393594711931105,0.00013774472372422736,15,0.47601476014760147,0.031914893617021274,-0.0031800772253224798,1.0,2.3532455269495145,1.3310124659869476,0.02730775674317306,True,True
0.1,0.465005057065894,0.3281937267355702,0.37822701494948036,0.21532509098098973,0.10136326196336731,1.4187910825173375,7.893916833284061e-05,15,0.5461254612546126,0.06382978723404255,-0.008060366898881491,1.0,2.4404139273985956,1.2915391806906775,0.037359691740660075,True,True
0.1,0.5462414016293452,0.32696510688046965,0.3662319927740283,0.18844324262550233,0.10497086377955248,1.4791085470780905,5.2169604052193656e-05,15,0.5719557195571956,0.06382978723404255,0.04269917058562169,1.0,2.445108582470017,1.3799856140520315,0.03903501424024124,True,True
0.1,0.5129517829113805,0.2983464932828511,0.4280609542560121,0.19680831335389826,0.10866431924013296,1.49579778630169,4.6582621851979614e-05,15,0.45387453874538747,0.010638297872340425,0.011737703429522833,1.0,2.287808819387906,1.352462928076048,0.025297369743675656,True,True
0.1,0.47717038118019073,0.31239604746584654,0.4187360563755187,0.19071897070351934,0.10393370522068704,1.4046763390136738,8.70667554137429e-05,15,0.46863468634686345,0.02127659574468085,0.029389608218958026,1.0,2.3164872327883073,1.372498032501122,0.02253308761936673,True,True
0.1,0.46834480654591215,0.31400742175615004,0.43177655981113117,0.20480588683909207,0.10038860251994602,1.381889311639508,0.00010207801594067693,15,0.44649446494464945,0.010638297872340425,0.00034054392458418917,1.0,2.2767267226540255,1.3261493784660439,0.026470095493382476,True,True
0.1,0.46839236066707157,0.28029796688131403,0.43672662935422946,0.18274290799154236,0.09151830436365266,1.3471897542478197,0.00013031565172333224,15,0.4354243542435424,0.010638297872340425,-0.0026348555313175375,1.0,2.2622556882817584,1.3987408075444105,0.033338917741665273,True,True
0.1,0.46634619324350013,0.27662728969920125,0.3745828923276382,0.21104631336231014,0.1039850912821953,1.4644061252508438,5.767162572109166e-05,15,0.5535055350553506,0.06382978723404255,-0.04256431790553155,1.0,2.4716653734530984,1.3056171791420506,0.025883732618529068,True,True
0.1,0.5108143602659502,0.29258832337649826,0.37443099427206633,0.21676924170521494,0.09269431631562475,1.4111754865848378,8.32211583360998e-05,15,0.5535055350553506,0.06382978723404255,-0.06815012061457719,1.0,2.472262394298326,1.2867876480168514,0.028815546992796114,True,True
0.1,0.49075075302852694,0.2846191442319814,0.39902367730365473,0.18751304285992085,0.09294641441251161,1.397350845750619,9.162418009889272e-05,15,0.4907749077490775,0.031914893617021274,-0.006262692681087384,1.0,2.3815237127068754,1.3830461495662292,0.011475959122131011,True,True
0.1,0.45240360443820415,0.2893890341499695,0.3858221508480051,0.19700373883352384,0.09722321061332519,1.3875707009762477,9.809935636568068e-05,15,0.5202952029520295,0.06382978723404255,-0.014421310645521664,1.0,2.4287947721893888,1.3518199407921292,0.012816217121795946,True,True
0.1,0.5369757138179672,0.2806108914416825,0.3957455268750036,0.18922786853299156,0.10164625575668632,1.4392090279629186,6.855508363063826e-05,15,0.5055350553505535,0.031914893617021274,0.00041055367388344023,1.0,2.392967537699071,1.3774040444321667,0.009046741497738315,True,True
0.1,0.46584387234796965,0.31318668498091534,0.3651994225924227,0.20225493587445673,0.09188152230538982,1.438775494287529,6.876008256614126e-05,15,0.5756457564575646,0.06382978723404255,-0.014460530896547197,1.0,2.4999324969012,1.3345424960641368,0.0330876193667281,True,True
0.1,0.5386859137955535,0.3176417815552537,0.36040158038756576,0.2167052042042696,0.09585313417285085,1.4655912256364731,5.720645739344266e-05,15,0.5793357933579336,0.06382978723404255,-0.03425243273138238,1.0,2.481756259966392,1.2869983436686194,0.0425531914893617,True,True
0.1,0.5132210895258954,0.3062322534613366,0.3892804589981327,0.19078115181391486,0.10990130387301045,1.5074785886658846,4.304696445880744e-05,15,0.5129151291512916,0.031914893617021274,0.027943327822128664,1.0,2.4161015776266836,1.3722934447300652,0.020606466744848385,True,True
0.1,0.542650680880963,0.32824725560132634,0.43845629286227894,0.21203957982085223,0.10083774899310077,1.3634004872062573,0.00011622939318445109,15,0.4280442804428044,0.010638297872340425,0.00046313012842968943,1.0,2.257276223652351,1.302349142120423,0.039537610990115594,True,True
0.1,0.5049188302269297,0.3008991765900449,0.4004677558890861,0.21554157008605357,0.09694646417449777,1.4015311325756923,8.899385267575446e-05,15,0.4870848708487085,0.031914893617021274,-0.04459132863209948,1.0,2.3765419662879745,1.2908269229438532,0.010722063997319484,True,True
0.1,0.4632482737720669,0.324819484822935,0.38173422928046497,0.2124863411605686,0.10207469262997707,1.3916102764110405,9.536892316550694e-05,15,0.5239852398523985,0.06382978723404255,-0.0033604683825031647,1.0,2.444095472301692,1.3008792116848698,0.031998659742000335,True,True
0.1,0.5350964722537818,0.28847681099278916,0.3622455182487776,0.18617606850213947,0.10307798585296989,1.490433177769829,4.830693046576091e-05,15,0.5756457564575646,0.06382978723404255,0.013608373364037751,1.0,2.5217874186311082,1.387445051452647,0.03174736136706316,True,True
0.1,0.4742224346375908,0.3234800721303685,0.3657612346324251,0.18733142195116817,0.10357559739760253,1.4812810181231764,5.140433267389112e-05,15,0.5756457564575646,0.06382978723404255,0.04067355439765121,1.0,2.4585932473916285,1.3836437171661427,0.03635449824091137,True,True
0.1,0.4555510609774995,0.2980839507552093,0.38101089839088237,0.18005943167971172,0.10974200759985409,1.488390211303977,4.898101067473324e-05,15,0.5313653136531366,0.06382978723404255,0.03571085283014385,1.0,2.446837018191937,1.4075699589350608,0.026302563243424358,True,True
0.1,0.4615792453613082,0.3203740136772287,0.3781101792555681,0.18368390299926446,0.10546340244874644,1.4431921796421763,6.670120386043168e-05,15,0.5461254612546126,0.06382978723404255,0.04543523982496356,1.0,2.4579366078211113,1.3956447536145151,0.030909700117272575,True,True
0.1,0.4660967255989086,0.27122485231036325,0.38285676965321636,0.21538044503889697,0.100172932765758,1.4109218410070161,8.336787303932977e-05,15,0.5202952029520295,0.06382978723404255,-0.06526226266547407,1.0,2.4398613680667465,1.2913570552308047,0.020941531244764618,True,True
0.1,0.4995872833588261,0.2959107810308364,0.4293974942916471,0.18152033321806504,0.10462716993223445,1.4295990291417011,7.325259612573083e-05,15,0.45387453874538747,0.010638297872340425,0.03114085982626757,1.0,2.283800393469643,1.4027633128722319,0.026972692243256827,True,True
0.1,0.4898349466395782,0.2735981082170704,0.3781450351117289,0.2106289072912421,0.09492714701848931,1.416308022875835,8.030948977250802e-05,15,0.5461254612546126,0.06382978723404255,-0.06704838413497688,1.0,2.457802221212865,1.3069905251174143,0.024711006868822247,True,True
0.1,0.5085832980041566,0.3262174213267545,0.4235548146468984,0.20870412212629882,0.09125898274852552,1.3529899027886807,0.00012508203289594854,15,0.4575645756457565,0.010638297872340425,-0.014747831217999762,1.0,2.3015096347944017,1.3133234372213294,0.03761099011559725,True,True
0.1,0.45521281276055103,0.31515054302356,0.40618909535881775,0.21416334761167644,0.10627723328327254,1.4154578941257356,8.07843279323973e-05,15,0.47601476014760147,0.031914893617021274,-0.008694435894853067,1.0,2.3571528099234786,1.2953615390396334,0.025799966493550007,True,True
0.1,0.5488116942227056,0.2856636981545077,0.3788134682349153,0.2007449337834514,0.10656429323713429,1.4629492779791422,5.824887601973445e-05,15,0.5461254612546126,0.06382978723404255,-0.009944258419440273,1.0,2.455229864701219,1.3395106923559794,0.021025297369743675,True,True
0.1,0.4760933771230375,0.3256912971164005,0.40271695036000726,0.20069375800827213,0.10954700828087943,1.4784838061281604,5.239187090496875e-05,15,0.4797047970479705,0.031914893617021274,0.028989567368772614,1.0,2.3688539100072594,1.3396790704648525,0.02571620036857095,True,True
0.1,0.49384810512937644,0.29438621708625756,0.36112878213561905,0.20717149789320405,0.10963431052232123,1.560288013956695,3.023373875394477e-05,15,0.5756457564575646,0.06382978723404255,-0.0090640627312035,1.0,2.5264933159480867,1.3183660646964874,0.037359691740660075,True,True
0.1,0.5127804057720129,0.29253641739562514,0.3617906586557488,0.20975015984092074,0.10372306864988932,1.4926688265208683,4.7580371916196816e-05,15,0.5756457564575646,0.06382978723404255,-0.024997351122585405,1.0,2.523700678659675,1.3098817726528704,0.03216619199195845,True,True
0.1,0.45087236105115214,0.2706194154499634,0.37904854521252884,0.19109949160175485,0.09800920717004105,1.4308777684353198,7.260863396672838e-05,15,0.5461254612546126,0.06382978723404255,-0.019596778965084306,1.0,2.4543273654233624,1.3712460458139222,0.020020103869994973,True,True
0.1,0.518275958475267,0.3023311504310977,0.4189634737723714,0.19639672013136628,0.10038245434165836,1.4009198453452176,8.937352388557012e-05,15,0.46494464944649444,0.02127659574468085,0.0056308919818422384,1.0,2.315772630876177,1.3538171486656165,0.012397386496900654,True,True
0.1,0.5246208903572187,0.3141728934673007,0.4010125156921796,0.21038751175442438,0.10449750973494143,1.4274789402872055,7.433341179001578e-05,15,0.4870848708487085,0.031914893617021274,-0.0050124717068249,1.0,2.374671987917822,1.3077847627002819,0.0187636119953091,True,True
0.1,0.4877917432400449,0.29145312132907564,0.39710140854200365,0.19114157453212377,0.10981769244885109,1.5251308084121231,3.822693222404336e-05,15,0.4981549815498155,0.031914893617021274,0.016056182749768097,1.0,2.3882113240305602,1.3711075849072425,0.014575305746356173,True,True
0.1,0.4646683016168765,0.2936495453609452,0.40774544968136567,0.21434679926364264,0.09278099905046443,1.359308940388328,0.0001196282590889707,15,0.47232472324723246,0.031914893617021274,-0.0608620193446153,1.0,2.3519725911283134,1.2947579479436606,0.017674652370581335,True,True
0.1,0.49077744612551144,0.28316478568133135,0.43450142933824476,0.2039684018997946,0.10937236053742723,1.5026119089108099,4.448468895518795e-05,15,0.44280442804428044,0.010638297872340425,-0.01357516460928401,1.0,2.2687200430297256,1.32890486443171,0.031496062992125984,True,True
0.1,0.4906346275447609,0.3027238102482501,0.4250139213498824,0.21096815318244047,0.10790115515221106,1.4578100497701305,6.033384777495279e-05,15,0.4575645756457565,0.010638297872340425,-0.01096522398973698,1.0,2.297041448373366,1.3058743411142832,0.027726587368068354,True,True
0.1,0.5216712458619466,0.2729650232157028,0.4388393013837423,0.20368757287715564,0.10006153946931298,1.3888753472122173,9.720872781555156e-05,15,0.4280442804428044,0.010638297872340425,-0.04037481714859201,1.0,2.256178902819933,1.3298288457408933,0.026972692243256827,True,True
0.1,0.48715223478781533,0.27912245149313636,0.40179445953099746,0.1863626091595654,0.09852953602013767,1.4175275464605774,7.963340120594072e-05,15,0.4870848708487085,0.031914893617021274,-0.00016752399470445367,1.0,2.3719966989339905,1.3868312969366619,0.008795443122801139,True,True
0.1,0.5054281206475376,0.2791646610206977,0.4277925344188078,0.19708991929236364,0.09661314341231345,1.395092292025995,9.307888727616887e-05,15,0.45387453874538747,0.010638297872340425,-0.026586016663079616,1.0,2.288616859280701,1.3515363905648894,0.02186295861953426,True,True
0.1,0.5479578853975113,0.2823253913257614,0.39251348676019016,0.184576579390626,0.09327309319642342,1.400399622805249,8.969796382903472e-05,15,0.5055350553505535,0.031914893617021274,-0.002044249310534703,1.0,2.4044375307371113,1.3927076771933657,0.015580499246104875,True,True
0.1,0.48415010154660804,0.29376048575976105,0.3908599039257856,0.21641633411053196,0.09610116666002945,1.4099522852777617,8.393117668163263e-05,15,0.5055350553505535,0.031914893617021274,-0.056981270008715605,1.0,2.410379183409833,1.287948781642898,0.016920757245769812,True,True
0.1,0.45993194442207164,0.3010003523119625,0.40295551112927097,0.21640917175962457,0.09590438173626697,1.3879331544316937,9.785107507556085e-05,15,0.4797047970479705,0.031914893617021274,-0.0491627303374095,1.0,2.3680435107627726,1.2879723471501454,0.013067515496733122,True,True
0.1,0.5191425515809251,0.29402769975197807,0.3795997207295958,0.1829843713972136,0.09298126393284321,1.3950207422416239,9.312536286535705e-05,15,0.5424354243542435,0.06382978723404255,0.012681032838250639,1.0,2.452215694645309,1.3979463466600066,0.023203216619199194,True,True
0.1,0.45600044501755316,0.29509693942134857,0.4016186939297498,0.20537019209256657,0.10938246047034875,1.5082199143605473,4.283226132731063e-05,15,0.4870848708487085,0.031914893617021274,-0.005457812628707632,1.0,2.372597143655172,1.324292706025337,0.013402579996649355,True,True
0.1,0.5218317748974513,0.2736769438256111,0.36143639245114567,0.21563519935549205,0.09606505973318015,1.4660556138441723,5.7025248534806034e-05,15,0.5756457564575646,0.06382978723404255,-0.07375047777528361,1.0,2.525194152110755,1.2905188647020778,0.03668956274082761,True,True
0.1,0.4642142419332678,0.2945289730162374,0.39811621801049313,0.19800757673654595,0.1084602238292788,1.514133648109081,4.115910767292256e-05,15,0.4944649446494465,0.031914893617021274,0.0058462482124348935,1.0,2.38467273421141,1.348517121692001,0.010638297872340425,True,True
0.1,0.4846836524762029,0.27485684471239136,0.4271049104763616,0.18494845219976774,0.10279715674277588,1.433116110072213,7.149559836726743e-05,15,0.4575645756457565,0.010638297872340425,0.00420090347365438,1.0,2.290691487278054,1.3914841443768085,0.026637627743340594,True,True
0.1,0.49737588481700334,0.28331015630119466,0.36731928289498006,0.2195842270357765,0.10142190201729445,1.4743383895246227,5.3891988014560787e-05,15,0.5682656826568265,0.06382978723404255,-0.05910355636385031,1.0,2.500767037825525,1.2775258067490847,0.030574635617356342,True,True
0.1,0.4619129527582588,0.31867694840121225,0.36758106351116293,0.20390377638157153,0.1043515246421648,1.4732186925011341,5.43048249243623e-05,15,0.5682656826568265,0.06382978723404255,0.00913126366138616,1.0,2.4775958019807205,1.3291174947730235,0.0330876193667281,True,True
0.1,0.5476304118958402,0.3047532932297204,0.41091037772711153,0.19128875593545278,0.09977178554339261,1.3923659296794166,9.486701114050674e-05,15,0.46863468634686345,0.02127659574468085,0.017048006972492435,1.0,2.341559381332032,1.3706233298809727,0.0108895962472776,True,True
0.1,0.529196253953187,0.27159964887554366,0.42835653489957237,0.21623955933500955,0.10804903022076745,1.5112540827661012,4.196510678514827e-05,15,0.45387453874538747,0.010638297872340425,-0.049306485756645466,1.0,2.2869201873055065,1.2885304045356565,0.034176578991455854,True,True
0.1,0.5092463261808285,0.28907152358865557,0.4011235476737337,0.1827019223020253,0.1020901317108032,1.430923776788245,7.25855748905621e-05,15,0.4870848708487085,0.031914893617021274,0.020610906241221288,1.0,2.3742914753408604,1.3988756583183863,0.009633104372591723,True,True
0.1,0.5159248336193809,0.29901531513326735,0.38402982973449556,0.1944270199730903,0.09517731924122462,1.3763352080613014,0.000106130145338848,15,0.5202952029520295,0.06382978723404255,-0.002476430213802862,1.0,2.435463157920876,1.3602978397061656,0.014826604121293349,True,True
0.1,0.46363568985015685,0.29597102232933403,0.3747686673114833,0.1941636626837081,0.09959785904034633,1.437609884462695,6.93144254264361e-05,15,0.5535055350553506,0.06382978723404255,0.0009083899313979669,1.0,2.4709358604632854,1.361164335664239,0.017590886245602278,True,True
0.1,0.4647043636845146,0.31887187651723653,0.36328545990089683,0.2166741525879724,0.10831178133676807,1.5461232258375952,3.3220323001320356e-05,15,0.5756457564575646,0.06382978723404255,-0.00828257375263678,1.0,2.476814975400378,1.287100509437702,0.04657396548835651,True,True
0.1,0.5470145391525645,0.30105432312681707,0.3863935394205873,0.20539163660241,0.09187518397305672,1.3895574911270299,9.674641237327547e-05,15,0.5202952029520295,0.0425531914893617,-0.03301959935415559,1.0,2.42668190817355,1.3242221494778204,0.016166862120958286,True,True
0.1,0.5037921776628813,0.32367035845665426,0.39586435073953397,0.19457168470118275,0.09686866134063278,1.395441717697152,9.285226259802621e-05,15,0.5055350553505535,0.031914893617021274,0.025057312572289398,1.0,2.392549420266457,1.359821865023779,0.018931144245267213,True,True
0.1,0.50009756022343,0.28248936476937553,0.3600449983969351,0.20442123806089288,0.10643498240207204,1.5221873977218454,3.8989658943623295e-05,15,0.5830258302583026,0.06382978723404255,-0.019047712780452322,1.0,2.5310882655804945,1.3274149466694884,0.03526553861618362,True,True
0.1,0.4954778824360676,0.27920041762182746,0.3951780643901539,0.21028514778848142,0.09540685531555763,1.4105238031776328,8.3598651375595e-05,15,0.5055350553505535,0.031914893617021274,-0.059251211182916784,1.0,2.3949677924993407,1.30812155976768,0.012648684871837828,True,True
0.1,0.4814527496403719,0.30351713879826964,0.41723467323512503,0.2118280188461381,0.09991956556082811,1.3907085562902621,9.597147544022333e-05,15,0.46863468634686345,0.02127659574468085,-0.027201706882124237,1.0,2.32122449903832,1.3030452182757704,0.016920757245769812,True,True
0.1,0.5237794650399741,0.3210503672921844,0.437472157673599,0.18644935421122705,0.09418560482816715,1.3483551965188345,0.00012924605949416482,15,0.4354243542435424,0.010638297872340425,0.03667138816649777,1.0,2.2601045859878353,1.3865458890908262,0.03627073211593232,True,True
0.1,0.5358236877013527,0.2709577422193595,0.39754106976388925,0.19848326502729827,0.10817586715212456,1.5261041994460853,3.797814518049502e-05,15,0.4944649446494465,0.031914893617021274,-0.01569512237689316,1.0,2.3866760293569276,1.3469520160432964,0.014575305746356173,True,True
0.1,0.48799827744021135,0.3076840615458003,0.38866683584431083,0.1917630544184811,0.0932350465984783,1.392032263885838,9.508829506091722e-05,15,0.5129151291512916,0.031914893617021274,0.008490152484248503,1.0,2.4183373040536833,1.3690627969660554,0.017255821745686045,True,True
0.1,0.5071355488798921,0.32142741087527066,0.4282581366961596,0.20484844734803875,0.09283459613192638,1.3585014250103826,0.00012031119368844047,15,0.45387453874538747,0.010638297872340425,-0.006796612213079854,1.0,2.287215874937605,1.326009346234309,0.033841514491539625,True,True
0.1,0.4930655933155034,0.27267760379457073,0.4137760150550852,0.21973308688329074,0.1026706047827676,1.424810131940042,7.571765470109428e-05,15,0.46863468634686345,0.02127659574468085,-0.06795909618611112,1.0,2.332268309590412,1.2770360293197487,0.02194672474451332,True,True
0.1,0.48145866167455376,0.2935655313884506,0.38861368032479815,0.21849347544412728,0.09148324454470957,1.3918532249935935,9.520725347095306e-05,15,0.5129151291512916,0.031914893617021274,-0.07462590898100345,1.0,2.4185313076620436,1.281114588542986,0.02194672474451332,True,True
0.1,0.49696079375592744,0.32489494920995365,0.36220245046441135,0.19241658616094226,0.09285350069820558,1.4423664089112784,6.708119812563366e-05,15,0.5756457564575646,0.06382978723404255,0.020705795657424038,1.0,2.453088424884627,1.3669125522751124,0.03886748199028313,True,True
0.1,0.5127327207034134,0.31426597826787245,0.4041028804826639,0.1993959784230761,0.10969930483850993,1.4869090064903097,4.9475878919297284e-05,15,0.4797047970479705,0.031914893617021274,0.021861439658373304,1.0,2.3641592246708685,1.3439490140372532,0.01968503937007874,True,True
0.1,0.5167741063659116,0.31314214259904155,0.4334006038453403,0.2199994097288415,0.09269914755749188,1.3521963463993003,0.00012578497808851162,15,0.44280442804428044,0.010638297872340425,-0.05387310199615269,1.0,2.2719425566910694,1.2761597761134915,0.03995644161501089,True,True
0.1,0.490023395917258,0.27556428335417493,0.36541197286199906,0.18680159760808573,0.10160996703897701,1.486625027693661,4.957135116575693e-05,15,0.5756457564575646,0.06382978723404255,-0.0007582707294437928,1.0,2.5086004648640334,1.385386940802924,0.03007203886748199,True,True
0.1,0.492312288178262,0.30814227024078583,0.42488070062687805,0.21594522914673325,0.09197184088643287,1.3625065103536427,0.00011696334850168079,15,0.4575645756457565,0.010638297872340425,-0.05159698181910643,1.0,2.2974481338247505,1.2894988072674687,0.032082425866979396,True,True
0.1,0.5203304617840986,0.30957855000227813,0.40614152205508075,0.18133217960380904,0.09178972101543224,1.3570168007889671,0.00012157737663296915,15,0.47601476014760147,0.031914893617021274,0.031695430967124454,1.0,2.3573117797390184,1.4033823743253329,0.01951750712012062,True,True
0.1,0.48862981520863796,0.31964509937996605,0.37706616365022555,0.20803933486820242,0.10734429823139041,1.447881554422575,6.458547663727212e-05,15,0.5461254612546126,0.06382978723404255,0.007077552652236754,1.0,2.4619733226390905,1.3155107147159848,0.03451164349137209,True,True
0.1,0.5281492014589854,0.27856291915421916,0.4033330286855368,0.2021940290684602,0.0941596776701158,1.3891157662985611,9.704552447964624e-05,15,0.4797047970479705,0.031914893617021274,-0.044306866449938045,1.0,2.3667630293582826,1.334742891129483,0.0108895962472776,True,True
0.1,0.5462038275987807,0.30593219962470836,0.4193603631396672,0.1890107438374311,0.10797286006123497,1.4710408799495547,5.511728194675589e-05,15,0.4612546125461255,0.02127659574468085,0.03020391914744521,1.0,2.314527362575034,1.3781184262954609,0.024375942368906015,True,True
0.1,0.4681027112403004,0.3071267495209656,0.41382116172854694,0.2120222096216324,0.10757334600610712,1.437600851674178,6.931873941580406e-05,15,0.46863468634686345,0.02127659574468085,-0.009433085841390848,1.0,2.332122963030354,1.302406293405091,0.024711006868822247,True,True
0.1,0.5108524834018938,0.30382712762488834,0.37593441927550897,0.1915201981581705,0.1055695296541674,1.4581198677543754,6.020597484676634e-05,15,0.5498154981549815,0.06382978723404255,0.020036881986255403,1.0,2.4663745692370243,1.369861840609182,0.022951918244262022,True,True
0.1,0.4850675837225586,0.325116082186016,0.4157559561789822,0.20019768716091388,0.10769165753636684,1.425858282717257,7.517082731847603e-05,15,0.46863468634686345,0.02127659574468085,0.027978709817560662,1.0,2.3259236913714316,1.341311238631385,0.029234377617691404,True,True
0.1,0.45280014569692023,0.2708056876561922,0.4012303744098071,0.19826718615929229,0.1015789735050337,1.43832696026273,6.897284772749945e-05,15,0.4870848708487085,0.031914893617021274,-0.027136189721329824,1.0,2.373925573150778,1.3476629569334895,0.008041547997989612,True,True
0.1,0.5255094342702614,0.3219017173506982,0.37940896534019797,0.21720077076598476,0.10499369569567472,1.429799210282626,7.31513946673744e-05,15,0.5424354243542435,0.06382978723404255,-0.011174476051993065,1.0,2.4529458249153553,1.2853678346985058,0.03719215949070196,True,True
0.1,0.5462131020813625,0.2744650612332721,0.39584678885898994,0.207944031245925,0.10462666693476363,1.4578602345137681,6.0313115513468836e-05,15,0.5055350553505535,0.031914893617021274,-0.036456459882085075,1.0,2.3926112012061,1.3158242818995127,0.013570112246607473,True,True
0.1,0.4846187335736312,0.29747991678121366,0.36158959625909654,0.20537213408658858,0.10063302205402394,1.479020337497736,5.220092694628585e-05,15,0.5756457564575646,0.06382978723404255,-0.017814662474842525,1.0,2.5245479345359545,1.3242863164927952,0.026721393868319652,True,True
0.1,0.5482621445554071,0.31258447561774066,0.42220845742210145,0.2041470982970323,0.10473208619455301,1.4141735220268385,8.15072702310598e-05,15,0.4575645756457565,0.02127659574468085,0.0062730474001348215,1.0,2.305659946966373,1.3283169190352035,0.0252136036186966,True,True
0.1,0.5382815938971484,0.3216379996055025,0.42505490219673114,0.21356505185317787,0.10362759140114022,1.4129722134840463,8.218956268675438e-05,15,0.4575645756457565,0.010638297872340425,-0.005294848601778494,1.0,2.296916396629044,1.297330046756612,0.03551683699112079,True,True
0.1,0.5448684361268255,0.2716126314424256,0.3713820379261924,0.21903519274814146,0.09001214877421851,1.4225366045814916,7.691807416148052e-05,15,0.5645756457564576,0.06382978723404255,-0.1031776481072271,1.0,2.484349311034939,1.2793322347852913,0.03526553861618362,False,True
0.1,0.518828933966071,0.2820423648442857,0.3650055364134785,0.20338637442502208,0.09814809086294832,1.470662074422789,5.5259890774512624e-05,15,0.5756457564575646,0.06382978723404255,-0.03370892534009153,1.0,2.5102803029870397,1.3308198463771923,0.0262187971184453,True,True
0.1,0.48337997626147944,0.29885781956710195,0.3626187974084708,0.18803203345706254,0.10953797111917113,1.5528985956451995,3.175499183024601e-05,15,0.5756457564575646,0.06382978723404255,0.024773695942488863,1.0,2.5202208933077714,1.3813385710300274,0.035600603116099847,True,True
0.1,0.4528256845474229,0.3248537744870542,0.36794101520062344,0.21391412013501476,0.09692747896708412,1.4375595450899896,6.933847068784832e-05,15,0.5645756457564576,0.06382978723404255,-0.017749325248369183,1.0,2.453248035157526,1.2961815452056853,0.03987267549003183,True,True
0.1,0.46411010944277536,0.2765621533616184,0.4336827401794421,0.21256756434492377,0.1079604868612545,1.5010971603253713,4.494235467307856e-05,15,0.44280442804428044,0.010638297872340425,-0.037938067802441695,1.0,2.2711150826486746,1.3006119718408136,0.0336739822415815,True,True
0.1,0.5353765404362438,0.3240497865021749,0.3687688754572952,0.2189168774086837,0.09150241202026616,1.4174942555584167,7.96517782698023e-05,15,0.5645756457564576,0.06382978723404255,-0.043708211506216677,1.0,2.4563716673623244,1.2797215149288512,0.04548500586362875,True,True
0.1,0.49698838702918746,0.2967338533389255,0.4296844800196678,0.2144462780882051,0.104231757097909,1.4202661478693095,7.81366889166493e-05,15,0.45018450184501846,0.010638297872340425,-0.03048827565848445,1.0,2.282942944788843,1.2944306435443806,0.02797788574300553,True,True
0.1,0.5339314337597848,0.2708316013535628,0.39071853927061534,0.2056057975809615,0.10025236805937009,1.4404358712161434,6.79784117558497e-05,15,0.5055350553505535,0.031914893617021274,-0.04520983992167834,1.0,2.410889468300062,1.323517518811522,0.012732450996816887,True,True
0.1,0.5188361155250665,0.2942598209822668,0.36685420574890426,0.18243147784706995,0.0990359664265604,1.4643053089487525,5.771137938331516e-05,15,0.5719557195571956,0.06382978723404255,0.020688707257358274,1.0,2.5026696259380197,1.399765472409547,0.026470095493382476,True,True
0.1,0.5433294394789533,0.3287734708043753,0.393811200489506,0.19449682356118078,0.09296848998497079,1.3785173211105237,0.00010451851996489722,15,0.5055350553505535,0.031914893617021274,0.02369865227612559,1.0,2.3998095316773114,1.360068172522541,0.02571620036857095,True,True
0.1,0.5290711907395077,0.3232127976681049,0.426596714606411,0.188462797481713,0.10696151338415681,1.4328282044458025,7.163775909594629e-05,15,0.4575645756457565,0.010638297872340425,0.04463214842313526,1.0,2.2922290614335896,1.379921274827144,0.03501424024124644,True,True
0.1,0.4505000965914341,0.3278718939112933,0.4335033230272092,0.18471800683605374,0.09514224559732287,1.3673557056305616,0.0001130391949695616,15,0.44280442804428044,0.010638297872340425,0.04727323029135881,1.0,2.2716411682313566,1.3922423537914153,0.037024627240743846,True,True
0.1,0.4988417928446342,0.3200440216793338,0.4103476052197989,0.20966980819312445,0.10117384675675226,1.3884102008363894,9.752529438115732e-05,15,0.46863468634686345,0.02127659574468085,-0.00287274296535552,1.0,2.34339926714381,1.3101461449746061,0.02253308761936673,True,True
0.1,0.5257447856176951,0.3055742214225926,0.361585801082849,0.18510091342109816,0.10057847718481179,1.4768755047688527,5.2968626759832976e-05,15,0.5756457564575646,0.06382978723404255,0.02666972323634439,1.0,2.524563936071668,1.3909825177373651,0.029150611492712347,True,True
0.1,0.46919222020597595,0.30018055029343865,0.3638861962005703,0.18882346896306168,0.09002984204152842,1.4364461001611215,6.987255309468207e-05,15,0.5756457564575646,0.06382978723404255,0.0005755702399880884,1.0,2.5149260342446356,1.3787345965259128,0.032417490366895625,True,True
0.1,0.4637089334502676,0.31430803671068946,0.3816527521135854,0.19064469862742828,0.10391802255648355,1.4072478578284933,8.552348736786278e-05,15,0.5276752767527675,0.06382978723404255,0.02953975227640777,1.0,2.444403765133684,1.372742401866715,0.023789579494052606,True,True
0.1,0.5243020702833867,0.2875547687369601,0.3986098898724524,0.19603939393640307,0.09306483793914816,1.3970648227779061,9.180708682755309e-05,15,0.4907749077490775,0.031914893617021274,-0.022547377651237318,1.0,2.382957839563108,1.3549928203334702,0.009130507622717374,True,True
0.1,0.463249670563678,0.3183391300097744,0.3969104427516951,0.19811001342278123,0.09171995459063868,1.3848947036611559,9.995284067240949e-05,15,0.5018450184501845,0.031914893617021274,0.0031297318265785423,1.0,2.3888792350856862,1.3481800853609034,0.018177249120455687,True,True
0.1,0.47351455828267475,0.2752499783900709,0.362833380010556,0.18922996813583837,0.09531689050082902,1.4615038013793453,5.882758581726794e-05,15,0.5756457564575646,0.06382978723404255,-0.01582072042637056,1.0,2.519321822348477,1.3773971363363833,0.03342268386664433,True,True
0.1,0.4644825213975006,0.3194916695011678,0.3756477885167526,0.18214062439786163,0.09549844786300121,1.4128067824632424,8.228398581404903e-05,15,0.5498154981549815,0.06382978723404255,0.039765642927489735,1.0,2.467493457909472,1.4007224360034611,0.03049086949237728,True,True
0.1,0.47543452880842085,0.2858981391655121,0.4242221336617291,0.1822655335891512,0.09340949816570435,1.3804189738740948,0.00010313480772864577,15,0.4575645756457565,0.010638297872340425,0.007805085865530083,1.0,2.2994623061465846,1.4003114608235734,0.025883732618529068,True,True
0.1,0.5238690890017975,0.2703446499672479,0.36178244671016996,0.1914896891350294,0.09563944155083265,1.4646787987673393,5.756424888882418e-05,15,0.5756457564575646,0.06382978723404255,-0.024582646284707344,1.0,2.523735264492032,1.3699622211427855,0.03350644999162339,True,True
0.1,0.5210272367089541,0.2866364897947574,0.43226906286848155,0.21730392978070873,0.09169229743703287,1.3590400480648783,0.00011985521869534636,15,0.44280442804428044,0.010638297872340425,-0.0805646819661299,1.0,2.2752720920354577,1.285028421768236,0.032920087116769976,True,True
0.1,0.4620640657972583,0.29416952880198594,0.4330046750928716,0.18768405970740604,0.10125435434624586,1.4064564834153273,8.599536208663026e-05,15,0.44280442804428044,0.010638297872340425,0.01594456222772179,1.0,2.273105589467966,1.3824834713602985,0.023286982744178255,True,True
0.1,0.45681714116654176,0.30588033898296957,0.3997530280861857,0.21999629137554286,0.09331383623617297,1.3894261024845458,9.683528119288596e-05,15,0.4907749077490775,0.031914893617021274,-0.05979841384016959,1.0,2.3790031179142064,1.2761700360935189,0.018428547495392862,True,True
0.1,0.45648708531729676,0.30924440691072247,0.4249814590057713,0.1878301265663617,0.10344892250215904,1.421092838636836,7.769066805861351e-05,15,0.4575645756457565,0.010638297872340425,0.0313405705239548,1.0,2.297140523297533,1.3820028833986344,0.025381135868654717,True,True
0.1,0.5006964681531463,0.28514483783244926,0.4001961265019506,0.19154226993671752,0.09696956476604025,1.4079404637399289,8.511271975480391e-05,15,0.4870848708487085,0.031914893617021274,-0.00734812757388886,1.0,2.3774762813048076,1.369789220227406,0.00712012062321997,True,True
0.1,0.5160674166630292,0.3259437730604391,0.40541714657788375,0.19824277081495936,0.1072342802960848,1.4239998310155493,7.614323626686515e-05,15,0.4797047970479705,0.031914893617021274,0.031482368022764703,1.0,2.3597369444772456,1.3477432880958777,0.02512983749371754,True,True
0.1,0.5362386642784325,0.311333990774627,0.39328125552722776,0.195380075855301,0.10030466250793087,1.418282131354646,7.921804272010764e-05,15,0.5055350553505535,0.031914893617021274,0.01538607790507119,1.0,2.401695769577125,1.357162103187572,0.01097336237225666,True,True
0.1,0.5283035909280234,0.282091720609512,0.4351947410885729,0.19765780716983036,0.10845497477820872,1.4904028514297856,4.8316865487102325e-05,15,0.43911439114391143,0.010638297872340425,-0.004623761753410455,1.0,2.2666988363591005,1.3496679306045896,0.03007203886748199,True,True
0.1,0.5136215098995588,0.30620360954427933,0.4096547101946942,0.19210665178835573,0.09321973035891412,1.34705556125694,0.0001304393976535571,15,0.46863468634686345,0.031914893617021274,0.0075590378094510646,1.0,2.345671509219315,1.3679322957640594,0.01524543474618864,True,True
0.1,0.505271183172429,0.31313743504241726,0.3923711794689666,0.2021167110813994,0.10210582088769149,1.4247335515950794,7.575776944621073e-05,15,0.5055350553505535,0.031914893617021274,0.006251220917699644,1.0,2.4049468996998433,1.3349972821259568,0.014491539621377116,True,True
0.1,0.5231381673958425,0.27530016347796465,0.4243563343866466,0.18948328879980653,0.0981602222352706,1.409182948451326,8.438097683753147e-05,15,0.4575645756457565,0.010638297872340425,-0.010973773948712013,1.0,2.29905135721203,1.3765636627995779,0.0217791924945552,True,True
0.1,0.4592674205498252,0.2981482268278225,0.41381804480634976,0.20386039645432283,0.10240375606539165,1.40664004576872,8.588566778630158e-05,15,0.46863468634686345,0.02127659574468085,-0.010420196477527868,1.0,2.3321329967243534,1.3292602230480246,0.012816217121795946,True,True
0.1,0.5202380706177201,0.29268557633206616,0.4332660019857733,0.21416268999370613,0.09945536479918604,1.3956861797180693,9.269405525574526e-05,15,0.44280442804428044,0.010638297872340425,-0.044734937549207626,1.0,2.2723377084745193,1.295363702728797,0.025632434243591892,True,True
0.1,0.48658641087609567,0.29948410330680236,0.3904679742288015,0.21746382451853466,0.09002244633198106,1.3807248614963852,0.00010291401933059973,15,0.5055350553505535,0.031914893617021274,-0.06983633362107368,1.0,2.4117948423690043,1.284502337434788,0.020941531244764618,True,True
0.1,0.5364357649187189,0.3261773718470357,0.4109013830685748,0.20509630761646186,0.0947348756973217,1.355815015674594,0.00012261248339241106,15,0.46863468634686345,0.02127659574468085,0.0013639450583716331,1.0,2.3415887481558952,1.325193838445406,0.02747528899313118,True,True
0.1,0.49504195768660114,0.32486515046494574,0.4312655417295075,0.19934763436890796,0.10905260844597194,1.4666283450188184,5.680258832607254e-05,15,0.44649446494464945,0.010638297872340425,0.030827059526211585,1.0,2.2782395503145705,1.3441080752412617,0.03618696599095326,True,True
0.1,0.514318766808189,0.2798948952321054,0.3798999713219624,0.18902553693496926,0.1044873682994144,1.4499805195721678,6.366128003960393e-05,15,0.5424354243542435,0.06382978723404255,0.0032423974291112133,1.0,2.4510679487767213,1.3780697541692621,0.021527894119618026,True,True
0.1,0.46376855483909596,0.27064728295370366,0.3780299173047539,0.18579649450509375,0.09765350538360107,1.4294105490311049,7.334801560545115e-05,15,0.5461254612546126,0.06382978723404255,-0.009396538839822333,1.0,2.458246151671877,1.3886939226534456,0.022784385994303904,True,True
0.1,0.4593544195835344,0.2909676508048067,0.4022724040555459,0.19036001559853452,0.10040510223020659,1.4138981323954252,8.166315657422516e-05,15,0.4833948339483395,0.031914893617021274,0.006273604906643405,1.0,2.370366613689904,1.3736790635951492,0.005779862623555034,True,True
0.1,0.4887066282489868,0.3026136605157485,0.3914891535110765,0.21109292395089985,0.09758306128914179,1.4118319165752895,8.284271148641193e-05,15,0.5055350553505535,0.031914893617021274,-0.031588730387293686,1.0,2.4081122482768818,1.305463821372037,0.011894789747026303,True,True
0.1,0.5335805510022706,0.2926513568069331,0.40766915877474913,0.20624447628714093,0.1018287348194912,1.4018937263120343,8.876943964566798e-05,15,0.47232472324723246,0.031914893617021274,-0.021659543228781192,1.0,2.35222559828492,1.3214161434567324,0.010219467247445133,True,True
0.1,0.47922165121243016,0.3283109158420647,0.43267955644656786,0.18572829795461868,0.09012052142020782,1.3429425258162988,0.00013429208626656162,15,0.44280442804428044,0.010638297872340425,0.039467853297725695,1.0,2.274062210504672,1.388918302375305,0.039537610990115594,True,True
0.1,0.5082564700337078,0.3032654018933087,0.4291320869568165,0.20269968505919134,0.10365614844137838,1.4190501790973713,7.879759244223429e-05,15,0.45387453874538747,0.010638297872340425,-0.0011968481352496692,1.0,2.2845943915211557,1.3330791860041304,0.022784385994303904,True,True
0.1,0.5018888311348273,0.3238520016740893,0.3797272979013659,0.19508673026507176,0.10767451524052135,1.4499147352848198,6.369003504862804e-05,15,0.5424354243542435,0.06382978723404255,0.03328582047322406,1.0,2.451727793006036,1.3581272664030979,0.03183112749204222,True,True
0.1,0.5035587582719739,0.2752519506946874,0.3890500551069245,0.18792756387091192,0.09603781425516578,1.4187808019205392,7.894479133689196e-05,15,0.5129151291512916,0.031914893617021274,-0.011693259073855279,1.0,2.4169402237328814,1.3816822959914798,0.01641816049589546,True,True
0.1,0.545909346824958,0.3115640381419515,0.37989355258806323,0.2025353959954238,0.10599535607366523,1.438673165300155,6.880856265333137e-05,15,0.5424354243542435,0.06382978723404255,0.008509762764931787,1.0,2.451092466221067,1.333619728512159,0.02395711174401072,True,True
0.1,0.5309503841181511,0.277184823919741,0.40715979257972856,0.19610791358734292,0.09557812457104475,1.3862152915604518,9.903364284747081e-05,15,0.47601476014760147,0.031914893617021274,-0.028239866008724916,1.0,2.3539172633765144,1.354767377549155,0.012146088121963479,True,True
0.1,0.5180943355209818,0.3229861057003735,0.37913709762782744,0.21819931255292496,0.10449066305002389,1.4342655282691261,7.093096984434956e-05,15,0.5461254612546126,0.06382978723404255,-0.013172662176333408,1.0,2.4539876882943004,1.2820824408353602,0.03761099011559725,True,True
0.1,0.4527624470882084,0.2919378099174943,0.43983984723120995,0.20941960108498334,0.09445863598800062,1.3409012911618856,0.00013624785097255678,15,0.42435424354243545,0.010638297872340425,-0.04720360408125879,1.0,2.2533213522982942,1.310969374315985,0.029736974367565755,True,True
0.1,0.47130354674978847,0.2997044937434276,0.37563995646008985,0.19102795917990723,0.09153300663917542,1.4037156675293354,8.765071225953669e-05,15,0.5498154981549815,0.06382978723404255,-0.0022323625919813063,1.0,2.4675240550057524,1.3714814011919625,0.023286982744178255,True,True
0.1,0.5477534010839307,0.3235661690833444,0.40093474448276567,0.21030994885831122,0.10549371712952038,1.4252242449197379,7.55011151248985e-05,15,0.4870848708487085,0.031914893617021274,0.0059263355109718885,1.0,2.374938639547592,1.308039959494478,0.025297369743675656,True,True
0.1,0.4830239501274781,0.31066619900751313,0.38470667295732874,0.2162274585247641,0.10543136939142582,1.409071297553372,8.444646305813583e-05,15,0.5202952029520295,0.06382978723404255,-0.018674170963740817,1.0,2.4329376402255454,1.2885702185206487,0.02789411961802647,True,True
0.1,0.4796273764028652,0.31814592703873007,0.4159225910355937,0.20899717820092956,0.09761789270349319,1.3713762807097363,0.00010988954029403063,15,0.46863468634686345,0.02127659574468085,-0.010020589004490503,1.0,2.3253924744840795,1.3123592265676123,0.024459708493885072,True,True
0.1,0.4986182216299581,0.28201518049172075,0.41866574491074826,0.21748846609176212,0.10167852846880705,1.4113061461051706,8.314568676607676e-05,15,0.46863468634686345,0.02127659574468085,-0.05713560216779626,1.0,2.3167083259797474,1.284421261935977,0.02127659574468085,True,True
0.1,0.5416057544024413,0.3074815736160822,0.4101415270632557,0.18438085401701076,0.10504722100775321,1.4020157297680884,8.869406307284572e-05,15,0.46863468634686345,0.031914893617021274,0.03622783943587556,1.0,2.3440742664457748,1.3933516511859894,0.018177249120455687,True,True
0.1,0.4647057840895663,0.29396847711742646,0.3628642223393543,0.21751041459322418,0.1020529939107878,1.4850187178767629,5.011502079613719e-05,15,0.5756457564575646,0.06382978723404255,-0.04337367280760474,1.0,2.519192684725337,1.2843490471594379,0.0340928128664768,True,True
0.1,0.48253861589635916,0.3241375049261223,0.38857734987929365,0.20088610505815221,0.10575486031229386,1.4363087778346715,6.993871868841318e-05,15,0.5129151291512916,0.031914893617021274,0.023044224605013198,1.0,2.4186639347294356,1.339046211804819,0.025632434243591892,True,True
0.1,0.49174226437622137,0.31163954021899504,0.37619215260393657,0.1846236591233538,0.10062041571428662,1.435062764680421,7.054207690539766e-05,15,0.5498154981549815,0.06382978723404255,0.03358148121286493,1.0,2.465369940097806,1.3925527758492202,0.023203216619199194,True,True
0.1,0.4770266200850408,0.2835849712260093,0.4378618584020839,0.21325478785361077,0.0989819930816585,1.383083919168804,0.0001012277055474799,15,0.4354243542435424,0.010638297872340425,-0.053650957880658774,1.0,2.2589830823315937,1.2983508747815025,0.028145417992963644,True,True
0.1,0.5045835048193082,0.2932180818230251,0.37558580082950327,0.1945096549701804,0.09639324438048802,1.4255018110038828,7.535633743639143e-05,15,0.5498154981549815,0.06382978723404255,-0.0077776075509223015,1.0,2.4677356569630797,1.3600259547276181,0.01968503937007874,True,True
0.1,0.45643660081054244,0.28675867274851174,0.3640822102075161,0.19889297121858046,0.09786072606639123,1.4687768785863176,5.597536325292123e-05,15,0.5756457564575646,0.06382978723404255,-0.020128595823717812,1.0,2.5141104307521456,1.345604004148215,0.025381135868654717,True,True
0.1,0.48862689110587476,0.2898467109519517,0.37934713652263596,0.2104123425664299,0.10294936411696398,1.4387352049818398,6.877916605103131e-05,15,0.5424354243542435,0.06382978723404255,-0.03093523414837024,1.0,2.4531826368316376,1.3077030645696208,0.02027140224493215,True,True
0.1,0.4709868337424821,0.29713618609303255,0.38590911243254405,0.2043183564722936,0.09272883829265856,1.3660847124331443,0.00011405429760777264,15,0.5202952029520295,0.06382978723404255,-0.03232033483765888,1.0,2.428472804520402,1.3277534468146355,0.016920757245769812,True,True
0.1,0.5060761340609122,0.2752126769762735,0.4370272759059187,0.19159437658383816,0.09122813039840895,1.346379706537287,0.00013106449600760477,15,0.4354243542435424,0.010638297872340425,-0.030344076218813597,1.0,2.261387337858446,1.3696177793714315,0.03258502261685375,True,True
0.1,0.4585786630135334,0.27907443750800576,0.42158210336713353,0.1828234545100291,0.09390545590008771,1.3769081118739828,0.00010570453222851854,15,0.4575645756457565,0.02127659574468085,-0.00013287087751084667,1.0,2.3075997954458507,1.3984757940607535,0.024794772993801308,True,True
0.1,0.5140176195772637,0.2993269699919884,0.42972377680049734,0.19419933517896257,0.09641557804878759,1.379583025943164,0.00010374071017339692,15,0.45018450184501846,0.010638297872340425,0.0011664509150965683,1.0,2.2828256240110782,1.361046966317733,0.02085776511978556,True,True
0.1,0.4834065054147727,0.322786300344223,0.3884003409245741,0.20793538081353238,0.09049187411753623,1.3723268377476423,0.00010915832513686036,15,0.5129151291512916,0.031914893617021274,-0.01946368426820885,1.0,2.4193104743786726,1.3158527434800575,0.030407103367398224,True,True
0.1,0.5235432424098776,0.327801048057704,0.4323389883178808,0.20137945526336046,0.10496036902393491,1.4091894211885971,8.437718202840566e-05,15,0.44280442804428044,0.010638297872340425,0.02659027118474508,1.0,2.275065832649764,1.3374229950724081,0.03534930474116267,True,True
0.1,0.5284850657114083,0.31631641421943746,0.42160682812486255,0.21546811581392156,0.09062672641497149,1.34436041398756,0.00013295075952613974,15,0.4575645756457565,0.02127659574468085,-0.04485182314796569,1.0,2.3075231124179867,1.2910686015776776,0.03526553861618362,True,True
0.1,0.4882315918139982,0.31205444137552407,0.38505191015464757,0.2175518733710754,0.10880812689125073,1.467950538618667,5.629202052562845e-05,15,0.5202952029520295,0.06382978723404255,-0.014011932437678239,1.0,2.43165286962242,1.284212639834169,0.0330876193667281,True,True
0.1,0.45249040983081507,0.3047769919362891,0.3860297279819435,0.21474324096628938,0.09496979798773285,1.3706146678293365,0.00011047908775044794,15,0.5202952029520295,0.06382978723404255,-0.04391074844443765,1.0,2.428026476117094,1.2934535787585095,0.021695426369576144,True,True
0.1,0.5480208390669684,0.28586656823502843,0.39267720444641,0.2189109505051322,0.0936026089086373,1.4010922672649004,8.926626186702453e-05,15,0.5055350553505535,0.031914893617021274,-0.07841106872900769,1.0,2.40385198296309,1.2797410155775073,0.01809348299547663,True,True
0.1,0.478486551470307,0.29476950343070907,0.4123798063648722,0.19296569679943526,0.09178736070442636,1.3582986423224197,0.0001204833279287823,15,0.46863468634686345,0.02127659574468085,-0.009400399877269074,1.0,2.336779016862775,1.3651058730299495,0.016250628245937343,True,True
0.1,0.46621743529778337,0.2886904233287518,0.37506762377503966,0.20850914404521528,0.10972789564589658,1.5288652111454917,3.7281638298170725e-05,15,0.5498154981549815,0.06382978723404255,-0.016664963275055483,1.0,2.4697634164689557,1.3139649524782948,0.029150611492712347,True,True
0.1,0.5499427697623925,0.32935012970359695,0.38141270383460474,0.18743173071672134,0.10760560728580618,1.4333281320798312,7.139109526931581e-05,15,0.5313653136531366,0.06382978723404255,0.049135213469981405,1.0,2.4360229998348375,1.3833136821019334,0.035098006366225495,True,True
0.1,0.49285105280288066,0.2713037776773084,0.38622159528367717,0.1875333038772935,0.10689825198084978,1.4694156465621473,5.5731859500610975e-05,15,0.5202952029520295,0.0425531914893617,0.0014402838110336312,1.0,2.427317060615417,1.3829794869357737,0.02244932149438767,True,True
0.1,0.5032667866586815,0.27351170565545296,0.3854967687478352,0.20721728614845647,0.09539076820731344,1.3872136619056963,9.834457022466552e-05,15,0.5202952029520295,0.06382978723404255,-0.05795437714046631,1.0,2.430000759583775,1.318215412560765,0.019601273245099683,True,True
0.1,0.4959816898351581,0.2895084680899738,0.4210201143396405,0.18185923982280067,0.10259355847114558,1.4178021261405083,7.94819976833515e-05,15,0.4575645756457565,0.02127659574468085,0.02323905763034441,1.0,2.3093452149931935,1.4016482451865921,0.020941531244764618,True,True
0.1,0.47660826705292125,0.2831448845725984,0.4322568460978722,0.18846946018775995,0.09222643858403246,1.3640305995768538,0.00011571495060853893,15,0.44280442804428044,0.010638297872340425,-0.011327779056724987,1.0,2.2753081347419033,1.3798993532472514,0.02906684536773329,True,True
0.1,0.5194686406245286,0.2721881592055854,0.4257731858251539,0.18591614238457535,0.09946506277831271,1.416945018990138,7.995560384916382e-05,15,0.4575645756457565,0.010638297872340425,-0.004862857091179748,1.0,2.2947284856798698,1.3883002581978081,0.023370748869157312,True,True
0.1,0.4881736977193207,0.31391224935517975,0.38399951642281077,0.20444883656836935,0.10357854990513914,1.400165146181459,8.98445975336712e-05,15,0.5202952029520295,0.06382978723404255,0.00426882235666038,1.0,2.4355764748399267,1.3273241422902617,0.022784385994303904,True,True
0.1,0.4821653908648777,0.32807811641242757,0.37324889173809805,0.18077873418031698,0.09099190914517556,1.394543016028306,9.34362929011978e-05,15,0.5535055350553506,0.06382978723404255,0.045436370700639515,1.0,2.4408543832524963,1.4052033158439634,0.03853241749036689,True,True
0.1,0.5001363507863521,0.28832910997983674,0.37667377048838513,0.190391961071809,0.1039397835348172,1.458240247886658,6.015636602776668e-05,15,0.5498154981549815,0.06382978723404255,0.007468309100229744,1.0,2.4634963071937435,1.3735739568652918,0.02186295861953426,True,True
0.1,0.47778979947094835,0.3035939914868671,0.41557055648476493,0.18458020192336788,0.10969728154512531,1.4796569323127422,5.197531446239986e-05,15,0.46863468634686345,0.02127659574468085,0.035573541508475144,1.0,2.326515229542507,1.3926957583663373,0.02412464399396884,True,True
0.1,0.4850775354062037,0.28341989378240784,0.3908148427232588,0.21556905048241545,0.092749859984675,1.399075865669114,9.052907863750054e-05,15,0.5055350553505535,0.031914893617021274,-0.07560361327913437,1.0,2.4105418010360737,1.2907365071728307,0.019349974870162507,True,True
0.1,0.48333055443534795,0.2768078060779477,0.4226621002570907,0.20934386622289536,0.10627250154976167,1.4538959093340906,6.197399295160914e-05,15,0.4575645756457565,0.010638297872340425,-0.03469533267291268,1.0,2.3042585833723503,1.3112185565278707,0.025799966493550007,True,True
0.1,0.5083522232655855,0.3135513148793711,0.37133207165026244,0.20761004437956052,0.10449035020660279,1.4700183597819072,5.550311440587469e-05,15,0.5645756457564576,0.06382978723404255,-0.001924866947623282,1.0,2.4845490444081486,1.316923162702977,0.031244764617188808,True,True
0.1,0.5409841954299437,0.312721161120756,0.38126685695623447,0.198808246508994,0.10722358149093839,1.4285187813481033,7.380124052068261e-05,15,0.5313653136531366,0.06382978723404255,0.017747440490841968,1.0,2.445865702902611,1.3458827646813971,0.024292176243926957,True,True
0.1,0.4902813886410392,0.2925205735746795,0.4219598618650746,0.19473607135811843,0.09300705564418568,1.3670534385094377,0.0001132797512654676,15,0.4575645756457565,0.02127659574468085,-0.01383177465695538,1.0,2.3064291700397934,1.3592810014155225,0.020438934494890267,True,True
0.1,0.5303144623813859,0.2930905853474803,0.39110950568731256,0.2141333681764973,0.09018982934833714,1.3833984393685614,0.00010100506169163382,15,0.5055350553505535,0.031914893617021274,-0.06847258137617605,1.0,2.4094790950113643,1.295460177127339,0.019601273245099683,True,True
0.1,0.5309121210286549,0.32844513517214124,0.41138449948321515,0.20317026457174425,0.10086985885640212,1.381292579586588,0.00010250554591957758,15,0.46863468634686345,0.02127659574468085,0.018289765948303508,1.0,2.340013230491168,1.3315308892148685,0.024543474618864133,True,True
0.1,0.46110552922559206,0.3018762307711329,0.43733364036373434,0.21563186862778091,0.10315063434528078,1.396314663707195,9.228860974535952e-05,15,0.4354243542435424,0.010638297872340425,-0.030305956761543292,1.0,2.260503700716933,1.2905298234346265,0.031496062992125984,True,True
0.1,0.4735892421113397,0.2892909779566139,0.37282836326003743,0.19536735867508223,0.0958141998853704,1.4297109712086655,7.319598589580337e-05,15,0.5571955719557196,0.06382978723404255,-0.01431017894587047,1.0,2.478591025924726,1.3572039451479123,0.022198023119450495,True,True
0.1,0.5409993911422375,0.3243956294539443,0.3940690570686414,0.18251961248469117,0.09606732975278708,1.3959849009697585,9.250111432860516e-05,15,0.5055350553505535,0.031914893617021274,0.04704542270590351,1.0,2.3988935752204297,1.3994754925595712,0.02345451499413637,True,True
0.1,0.48580367654326173,0.30641296169233573,0.365475589692937,0.21253811355815408,0.09424416817947649,1.4498316017992403,6.372639296683829e-05,15,0.5756457564575646,0.06382978723404255,-0.03947880462625205,1.0,2.508337868993248,1.3007088705739296,0.03325515161668621,True,True
0.1,0.4941344986569395,0.3011405791231535,0.36785551866882726,0.1841191676924301,0.10323820816554251,1.47143214095398,5.497038749494054e-05,15,0.5645756457564576,0.06382978723404255,0.027762622204841728,1.0,2.498579317557511,1.3942126493496025,0.027642821243089293,True,True
0.1,0.5111403902765647,0.2862897582446042,0.3987731756311364,0.19289476893970395,0.10323732385041325,1.4455601650657612,6.562393466669679e-05,15,0.4907749077490775,0.031914893617021274,0.0008280621749849987,1.0,2.382391559447342,1.3653392392827541,0.0077064834980733795,True,True
0.1,0.4800124864999609,0.2794374473861366,0.36750408581611854,0.21006827798974062,0.10070116511944963,1.4725002925490147,5.457144040135937e-05,15,0.5682656826568265,0.06382978723404255,-0.04442083705062655,1.0,2.500012362862055,1.3088351029715835,0.026302563243424358,True,True
0.1,0.5020363015569145,0.2896826932427356,0.3848390616915775,0.20388619854128517,0.09008651738397433,1.3581072813877944,0.00012064600161815915,15,0.5202952029520295,0.06382978723404255,-0.04639233081313499,1.0,2.4324446944221414,1.3291753292365978,0.019601273245099683,True,True
0.1,0.4539425518813115,0.297349453841115,0.4173436318681207,0.1962032525930456,0.09742539024784386,1.3818932117964224,0.0001020752277790393,15,0.46863468634686345,0.02127659574468085,-0.003860644265809586,1.0,2.3208795583124937,1.3544536939473764,0.013318813871670297,True,True
0.1,0.45666272181738554,0.27030681290332365,0.38764650561809055,0.18048196140975256,0.09021452314493304,1.3905809672657286,9.605705331292788e-05,15,0.5202952029520295,0.0425531914893617,-0.01151957354709534,1.0,2.4220705311080435,1.4061797551396578,0.023370748869157312,True,True
0.1,0.45665322558916066,0.28214578305502686,0.4330354219043955,0.19685853890027644,0.10783723570997386,1.4593103564888077,5.9717244117877664e-05,15,0.44280442804428044,0.010638297872340425,-0.0038693630573605063,1.0,2.273015195159257,1.352297676402055,0.028564248617858938,True,True
0.1,0.5354039922994802,0.2776881609048181,0.3772501147998919,0.20984616980448678,0.10516087476700076,1.4608986292013257,5.9071651872547516e-05,15,0.5461254612546126,0.06382978723404255,-0.03657768213003142,1.0,2.461260448970056,1.3095658814711229,0.024878539118780366,True,True
0.1,0.549000163401162,0.27690123825552626,0.4228003005308833,0.18194257811293352,0.09871932707708751,1.4123498285951819,8.25453894995099e-05,15,0.4575645756457565,0.010638297872340425,0.0067754011439689855,1.0,2.3038322617895792,1.4013740462391384,0.021611660244597083,True,True
0.1,0.5256678049692778,0.310022563217985,0.4363032552185919,0.19430957103459023,0.10623547706978316,1.4104516931131723,8.364053125357351e-05,15,0.4354243542435424,0.010638297872340425,0.023871871550747454,1.0,2.2634805391271002,1.3606842692245171,0.030993466242251633,True,True
0.1,0.5391670121319482,0.3109186144559077,0.36098592377511873,0.19013483946582543,0.09712799959141231,1.461427715876412,5.88582131633131e-05,15,0.5756457564575646,0.06382978723404255,0.018249781475427697,1.0,2.509358313552002,1.3744199362298302,0.03183112749204222,True,True
0.1,0.5081489747435911,0.32615896715688725,0.40568047126738266,0.21488618749619298,0.10335042108853568,1.403925842982868,8.752260651286452e-05,15,0.4797047970479705,0.031914893617021274,-0.004034906152295946,1.0,2.358854347620695,1.2929832572774802,0.030825933992293518,True,True
0.1,0.48275227618931466,0.31757102391433295,0.4286625637861608,0.19943562743481827,0.1079989931914604,1.481612872212322,5.128847084947334e-05,15,0.45387453874538747,0.010638297872340425,0.0232516106218958,1.0,2.286001434922348,1.3438185611893492,0.031914893617021274,True,True
0.1,0.46249588102993966,0.31264602901154387,0.4040830285640355,0.21473158551845356,0.1022961844505498,1.409644350186483,8.411091321657974e-05,15,0.4797047970479705,0.031914893617021274,-0.019401280928288942,1.0,2.3642262435160313,1.2934919274158143,0.019601273245099683,True,True
0.1,0.5467712327423501,0.31696086528602796,0.38747478225480425,0.18907414215768292,0.10295024496887727,1.4284807472031382,7.382063551140542e-05,15,0.5202952029520295,0.0425531914893617,0.034053239562635944,1.0,2.422700772727927,1.3779098336706823,0.02127659574468085,True,True
0.1,0.49038407189194644,0.29216908344859666,0.42520976192814514,0.19017994043430808,0.09268813903743894,1.3736948688290596,0.00010811484439239944,15,0.4575645756457565,0.010638297872340425,-0.004117811685978641,1.0,2.2964440647523308,1.3742715453993082,0.024208410118947896,True,True
0.1,0.5129733967013479,0.328734310134959,0.3725900261782256,0.21397971913834432,0.10854154464385397,1.5161060217726314,4.0616389287421396e-05,15,0.5608856088560885,0.06382978723404255,0.005945459473147945,1.0,2.4383579640581665,1.2959657119117902,0.04565253811358687,True,True
0.1,0.48367740220027644,0.29910638644187365,0.4299862005183148,0.19571950614027459,0.10086354026664941,1.393090811402342,9.438812285934567e-05,15,0.44649446494464945,0.010638297872340425,0.004498779639194559,1.0,2.282042706165904,1.356045312493579,0.018931144245267213,True,True
0.1,0.4934016402611814,0.32566448479836185,0.40183205890142804,0.20419498334324931,0.10129578904421532,1.4050999003581996,8.681057713075336e-05,15,0.4870848708487085,0.031914893617021274,0.013816302386038783,1.0,2.371868321391756,1.3281593680553292,0.019936337745015915,True,True
0.1,0.5241093853137003,0.3077313061327134,0.362627197719688,0.19161998397932692,0.09398198425910353,1.4497967821936888,6.374162754282941e-05,15,0.5756457564575646,0.06382978723404255,0.007956443158934363,1.0,2.5201856771720186,1.3695335261322679,0.031998659742000335,True,True
0.1,0.47490267442366035,0.27052307828718025,0.42643595624486724,0.19652209582393115,0.09182347377158552,1.376232527237988,0.00010620661574043782,15,0.4575645756457565,0.010638297872340425,-0.04629650691775861,1.0,2.2927162075656478,1.3534046386071217,0.027140224493214946,True,True
0.1,0.5389859244888218,0.2923863086137682,0.38032153514197,0.20995363960925328,0.0940893020993573,1.395617644514142,9.273838051774205e-05,15,0.5350553505535055,0.06382978723404255,-0.04786793902312593,1.0,2.4494595261893743,1.3092122852153913,0.021109063494722736,True,True
0.1,0.5312556190238739,0.28959570462762624,0.40359734582291096,0.21959212911316267,0.09583963288265568,1.392478614818385,9.479240065412068e-05,15,0.4797047970479705,0.031914893617021274,-0.06940086743350954,1.0,2.365867932066074,1.2774998073999435,0.014994136371251465,True,True
0.1,0.4628030945594922,0.27056639850410885,0.3696920290794498,0.21651388903243662,0.10029546702357309,1.4687096131598696,5.6001069986144384e-05,15,0.5645756457564576,0.06382978723404255,-0.06728619646648455,1.0,2.4911348602758894,1.2876278072521044,0.028731780867817056,True,True
0.1,0.5408920031036542,0.3116689196255991,0.37572894090447995,0.21407563177541752,0.10437317392741415,1.4495380000242224,6.385497133405928e-05,15,0.5498154981549815,0.06382978723404255,-0.016656475123318727,1.0,2.467176499099227,1.295650140952858,0.030742167867314457,True,True
0.1,0.5336937564188308,0.30039303203652595,0.36440362938515053,0.19871270566105095,0.09461917938845424,1.4540779933375023,6.189667123428806e-05,15,0.5756457564575646,0.06382978723404255,-0.01235506919391829,1.0,2.512774922293239,1.3461971123828325,0.025967498743508125,True,True
0.1,0.5240503417649705,0.28446904393548544,0.39559632753660195,0.19717017758625324,0.09052938160627938,1.385755671051612,9.935255990039057e-05,15,0.5055350553505535,0.031914893617021274,-0.034263405078460596,1.0,2.39349289605195,1.351272325395399,0.011727257497068185,True,True
0.1,0.5044831377679477,0.2869901577534684,0.42517866679186345,0.18592374426232075,0.09201841148234263,1.3723841542169335,0.00010911439667922446,15,0.4575645756457565,0.010638297872340425,-0.0014060579276462364,1.0,2.29653887925744,1.3882752465630224,0.026302563243424358,True,True
0.1,0.4597076522692884,0.31732621598143956,0.4256909087953742,0.2111121807548144,0.10718995975112862,1.4325990051612554,7.175114285272548e-05,15,0.4575645756457565,0.010638297872340425,0.0009728272887762022,1.0,2.294978729253251,1.30540046279633,0.035600603116099847,True,True
0.1,0.4984890858076942,0.27685743890807274,0.4151609711384865,0.19334677543885448,0.10976107288312581,1.49973124196526,4.5359274033044314e-05,15,0.46863468634686345,0.02127659574468085,0.00013787667839481913,1.0,2.327823929630923,1.3638520512673566,0.022951918244262022,True,True
0.1,0.49718162641202907,0.29116446114685507,0.3925888946605067,0.19360125070255915,0.09312431977829451,1.3967613301205444,9.200158108062748e-05,15,0.5055350553505535,0.031914893617021274,-0.013038789045398942,1.0,2.404167768431659,1.3630147788761233,0.012146088121963479,True,True
0.1,0.4601937054401801,0.32098796008837505,0.43513787286615574,0.20088802950043677,0.10354611689749511,1.3972082271148751,9.17153347452458e-05,15,0.43911439114391143,0.010638297872340425,0.019561696357058782,1.0,2.2668643813866733,1.3390398800208572,0.03141229686714692,True,True
0.1,0.5029609861922445,0.32415888803412923,0.4015192174824147,0.19484394313563713,0.10178442797887706,1.4096548899353312,8.410475471712311e-05,15,0.4870848708487085,0.031914893617021274,0.030608611678234792,1.0,2.372937204806738,1.3589260825923928,0.017842184620539454,True,True
0.1,0.5182255386880902,0.3240837650867386,0.38123255382535115,0.1925984038065111,0.09617663146913769,1.3795108391500641,0.00010379320531298332,15,0.5313653136531366,0.06382978723404255,0.02679977798761793,1.0,2.445995801237469,1.3663143373733666,0.027223990618194003,True,True
0.1,0.5186570442439675,0.2718989006475426,0.3662161956749585,0.21400024778901705,0.10076195296558761,1.4789242781566807,5.223505960965573e-05,15,0.5719557195571956,0.06382978723404255,-0.059402399178233624,1.0,2.5052875286154093,1.295898168716482,0.03116099849220975,True,True
0.1,0.48672327649032415,0.32994091425162425,0.42114780320082695,0.19188898275777133,0.09617430103962273,1.3683275471697138,0.00011226935980752975,15,0.4575645756457565,0.02127659574468085,0.035898673093228396,1.0,2.3089482313258634,1.3686484685939118,0.03049086949237728,True,True
0.1,0.5239040819290323,0.31980967276666233,0.3761031556059764,0.18527584295863686,0.1039981841805695,1.4457537876936541,6.553665652409585e-05,15,0.5498154981549815,0.06382978723404255,0.041796913966404704,1.0,2.465716689450014,1.3904069660312381,0.029653208242586698,True,True
0.1,0.5276064445319094,0.2720560815651173,0.3770136273492721,0.2170807363631973,0.10816615244831146,1.5235914802572745,3.8623852057778926e-05,15,0.5461254612546126,0.06382978723404255,-0.04843659112667001,1.0,2.462177046496512,1.2857627708899022,0.032417490366895625,True,True
0.1,0.4684319626043073,0.27956559147767013,0.43308589554180144,0.20903072683232607,0.09069351489991145,1.35602825320317,0.0001224281535892586,15,0.44280442804428044,0.010638297872340425,-0.07095634388358646,1.0,2.272866832656497,1.3122488451402665,0.030909700117272575,True,True
0.1,0.5193917975680618,0.30719145564548384,0.3821904334803343,0.1909480097304428,0.09228164571785247,1.3592669645782394,0.00011966365946815838,15,0.5202952029520295,0.06382978723404255,0.007966456947195957,1.0,2.442371717958923,1.3717444502040996,0.022030490869492377,True,True
0.1,0.5282061015501279,0.30751412221514207,0.43953446186070677,0.18915650485388685,0.09498532824560968,1.3381987478769641,0.00013888287997860645,15,0.42435424354243545,0.010638297872340425,0.0186177555553337,1.0,2.254192150924438,1.3776388446142407,0.030407103367398224,True,True
0.1,0.4738288667682977,0.2968758406382698,0.4035492448478448,0.21109708645421021,0.10798668329018278,1.494733942161278,4.6919379515061226e-05,15,0.4797047970479705,0.031914893617021274,-0.016217357956868867,1.0,2.3660307364330317,1.3054501259383458,0.01524543474618864,True,True
0.1,0.46771738058224777,0.2836916940677922,0.41140621858511994,0.20007389407780551,0.09991820234382874,1.4041214793942085,8.740353788463426e-05,15,0.46863468634686345,0.02127659574468085,-0.021261787285620757,1.0,2.339942488041025,1.3417185416014392,0.009130507622717374,True,True
0.1,0.5241255620204833,0.31166494246683685,0.43678715105357624,0.20462975443668927,0.10917366118354022,1.4707389480571826,5.523091903942893e-05,15,0.4354243542435424,0.010638297872340425,0.010609207469788749,1.0,2.2620807887704504,1.3267288878281194,0.03543307086614173,True,True
0.1,0.5487485597446524,0.3234371625948676,0.3755666942154029,0.19090014960797977,0.10166128243441026,1.4336642220178741,7.122576691913109e-05,15,0.5498154981549815,0.06382978723404255,0.03404301936232049,1.0,2.4587608460266854,1.3719019191800461,0.02839671636790082,True,True
0.1,0.5054138146925791,0.2769124030452683,0.3838289457955617,0.18404857131289187,0.10764864671468835,1.4496746582149347,6.379509033786172e-05,15,0.5202952029520295,0.06382978723404255,0.012566726942287354,1.0,2.436214433968491,1.3944449249690394,0.024711006868822247,True,True
0.1,0.4506146721683404,0.2736417665608798,0.435978818062912,0.2175858015319706,0.09409532792877108,1.3624183114272808,0.00011703602068838954,15,0.4354243542435424,0.010638297872340425,-0.08876828801783031,1.0,2.264420768366201,1.28410100968203,0.034595409616351144,True,True
0.1,0.5273442838922153,0.3196608645980677,0.4112336287742161,0.1945009642840294,0.10520240714509069,1.4088832397572968,8.455688371977152e-05,15,0.46863468634686345,0.02127659574468085,0.03051279870122025,1.0,2.3405048457969366,1.3600545487507434,0.022616853744345786,True,True
0.1,0.549585053085661,0.3268672196419847,0.43107999631978633,0.21752210793875915,0.10978249258889,1.469626854595951,5.565158879333548e-05,15,0.44649446494464945,0.010638297872340425,0.0018152418549489558,1.0,2.2787897300564044,1.2843105738114393,0.048919416987770144,True,True
0.1,0.5216160021671311,0.2702872224924614,0.43957437313222236,0.19110286976148635,0.10686552184501735,1.4206248276044138,7.794284502379855e-05,15,0.42435424354243545,0.010638297872340425,-0.005571410128940797,1.0,2.254078276216248,1.3712349310209353,0.034176578991455854,True,True
0.1,0.5345918721622267,0.3276407189077382,0.43882435323086977,0.21939048626294563,0.10503518353622542,1.3836703060945303,0.00010081302237442647,15,0.4280442804428044,0.010638297872340425,-0.008405164357682402,1.0,2.256221693412881,1.2781632510247518,0.04816552186295862,True,True
0.1,0.4838819294951624,0.3053234438430747,0.40161849865557253,0.18609851115370815,0.10545631056310378,1.438816413999994,6.874070613628819e-05,15,0.4870848708487085,0.031914893617021274,0.03179029437815916,1.0,2.3725978110367265,1.3877002299939065,0.012816217121795946,True,True
0.1,0.47044363410471474,0.32932229159236354,0.4059809491676316,0.1890213369674827,0.10586364716650398,1.4178666485175238,7.944646354028099e-05,15,0.4797047970479705,0.031914893617021274,0.04766976322282213,1.0,2.3578486213619767,1.3780835728672738,0.02747528899313118,True,True
0.1,0.4834533718580021,0.2746260242208095,0.36628611364630537,0.18870226343884383,0.09267716520803468,1.4429810781472556,6.679813207116961e-05,15,0.5719557195571956,0.06382978723404255,-0.020653590307276017,1.0,2.505000194079991,1.3791333859312767,0.03350644999162339,True,True
0.1,0.4544524931600279,0.27782832662300655,0.4030744687014484,0.19195589233321167,0.10524330119700798,1.4449249600448864,6.591111497229365e-05,15,0.4797047970479705,0.031914893617021274,-0.0025175428186577477,1.0,2.3676397661763247,1.368428323266583,0.01197855587200536,True,True
0.1,0.4915743943586833,0.2898357338058743,0.37696388740273806,0.18525161295559406,0.10785320429473917,1.4751592771152808,5.359140690635822e-05,15,0.5461254612546126,0.06382978723404255,0.020967731594543487,1.0,2.4623699790572866,1.3904866873852584,0.02680515999329871,True,True
0.1,0.5468457182901924,0.3289114257849773,0.3831394106278011,0.2113796247099458,0.09769274041880158,1.3672236961044943,0.00011314418800251247,15,0.5202952029520295,0.06382978723404255,-0.004826600611138612,1.0,2.437685628286725,1.3045205209246769,0.03258502261685375,True,True
0.1,0.5099859224317963,0.31998551239332124,0.40674993678284044,0.21160293339017003,0.09421832739057558,1.3584883661559717,0.00012032227112622763,15,0.47601476014760147,0.031914893617021274,-0.02167805105115279,1.0,2.3552815188777956,1.3037857925665937,0.02512983749371754,True,True
0.1,0.5416362922748024,0.2987130660161249,0.38176575293585135,0.19626402391664421,0.09098142138271392,1.3636812785473604,0.00011599985346767476,15,0.5239852398523985,0.06382978723404255,-0.015103712238820474,1.0,2.4439762285830926,1.3542537446450864,0.018512313620371923,True,True
0.1,0.53431159692737,0.30676997017413266,0.41059563259164433,0.2149858509665784,0.10381552459365236,1.4094967272103156,8.419722046861299e-05,15,0.46863468634686345,0.02127659574468085,-0.022691759268148533,1.0,2.342587763652003,1.2926553453580527,0.020941531244764618,True,True
0.1,0.46966336255741475,0.2837342784962106,0.37256976939256825,0.21947436670410514,0.10605328760277533,1.4803546273124066,5.1729217413819856e-05,15,0.5608856088560885,0.06382978723404255,-0.048137226107070774,1.0,2.479617288931579,1.27788726829651,0.03141229686714692,True,True
0.1,0.4750895641316655,0.30291534769921585,0.4067563863771789,0.199642781914812,0.09671456346878866,1.379997671609963,0.00010343970951806557,15,0.47601476014760147,0.031914893617021274,-0.006593470138054733,1.0,2.3552600293172037,1.3431369832461966,0.007455185123136204,True,True
0.1,0.5173733831706558,0.3022883521811816,0.3707887990508384,0.21276073554521102,0.10318301755151085,1.4697005435110697,5.562361135959014e-05,15,0.5645756457564576,0.06382978723404255,-0.02379793306733674,1.0,2.4867241770453608,1.299976401567981,0.027223990618194003,True,True
0.1,0.47077207610729654,0.30751507931316663,0.3769785378843034,0.1998581597770115,0.10147525418604966,1.4310812198025427,7.25067232875045e-05,15,0.5461254612546126,0.06382978723404255,0.0033801014591460627,1.0,2.462313147109929,1.342428348799464,0.018261015245434747,True,True
0.1,0.5043553414203481,0.30684991316309046,0.4182691936054022,0.21279839914179904,0.09317090133637976,1.3557474859728866,0.0001226709185305782,15,0.46863468634686345,0.02127659574468085,-0.04173093223213507,1.0,2.3179566665542146,1.299852481116466,0.02462724074384319,True,True
0.1,0.45805187402062675,0.314218855611989,0.4001646638389594,0.18843721536445288,0.09132457975331378,1.3711536659564818,0.00011006152200414019,15,0.4870848708487085,0.031914893617021274,0.02008476821443038,1.0,2.3775845844008416,1.3800054448960908,0.01809348299547663,True,True
0.1,0.532085658305964,0.32132270008369374,0.411145444336908,0.2111989317153491,0.10421776145554912,1.4017104130097902,8.888282036925813e-05,15,0.46863468634686345,0.02127659574468085,0.00010836922714679923,1.0,2.340792363674524,1.3051150355091696,0.02747528899313118,True,True
0.1,0.4894592856820149,0.311411910455525,0.40421210350410725,0.21414928452236937,0.09787869085301726,1.3898129991686594,9.657383461274846e-05,15,0.4797047970479705,0.031914893617021274,-0.028294282214295193,1.0,2.3637906122741668,1.295407809298836,0.01700452337074887,True,True
0.1,0.5177089484977437,0.2711987055864879,0.43949764755742565,0.19428294810883961,0.09745576504517599,1.3675900906180902,0.00011285302789812854,15,0.42435424354243545,0.010638297872340425,-0.02706219302076235,1.0,2.2542972077102332,1.3607718637528823,0.028229184117942705,True,True
0.1,0.5050940398336092,0.299466260595365,0.4081571735793292,0.20588147993808353,0.09485364970176297,1.3578882296670707,0.00012083249537520249,15,0.46863468634686345,0.031914893617021274,-0.028314581720096522,1.0,2.350608804182521,1.3226104710183177,0.0108895962472776,True,True
0.1,0.4687332678230028,0.3243105120162174,0.4287681752206835,0.20082012518934717,0.10611157846196924,1.4218920198435834,7.726201234289729e-05,15,0.45387453874538747,0.010638297872340425,0.025177152095757226,1.0,2.2856846752741524,1.3392632982191268,0.03317138549170715,True,True
0.1,0.4526700488303206,0.3299007963746556,0.38472216097430695,0.2050740851243945,0.09121253843593359,1.3414195960935096,0.00013574846084012852,15,0.5202952029520295,0.06382978723404255,-0.0037588102565896506,1.0,2.432879953497949,1.3252669547035505,0.0336739822415815,True,True
0.1,0.5081527208562038,0.3248394704546475,0.36573232996311766,0.20865388006398422,0.09175118259153392,1.434573796576134,7.078033165084497e-05,15,0.5756457564575646,0.06382978723404255,-0.017693969816818075,1.0,2.4533034917159418,1.3134887432359188,0.041799296364550174,True,True
0.1,0.49635448873431354,0.3238707938501086,0.4113918626804946,0.19250769067031856,0.101954198840265,1.3911970878664799,9.564453569128938e-05,15,0.46863468634686345,0.02127659574468085,0.03500793854791273,1.0,2.3399892465900063,1.3666128009778462,0.022700619869324846,True,True
0.1,0.5018306350711552,0.29691941646358716,0.4389118604044163,0.19592246660989415,0.0918087721501101,1.3342968739975214,0.00014278106417240784,15,0.4280442804428044,0.010638297872340425,-0.014182848064908578,1.0,2.2559712367274836,1.3553775336483966,0.028229184117942705,True,True
0.1,0.4703050109537795,0.3214368814892516,0.39254717856567345,0.1959408483995423,0.0960036418752605,1.393861563971373,9.388169128277833e-05,15,0.5055350553505535,0.031914893617021274,0.017932938055827394,1.0,2.404316989720177,1.3553170540373343,0.019936337745015915,True,True
0.1,0.5436160367517668,0.29900994403083847,0.4341586974660738,0.208043546634294,0.10384611815053191,1.4156456328206901,8.067921556458314e-05,15,0.44280442804428044,0.010638297872340425,-0.01562657180176496,1.0,2.2697215910768946,1.3154968571983012,0.026135030993466243,True,True
0.1,0.519100598968471,0.2703150983947957,0.42829001050983107,0.19721323839511298,0.09433625351297155,1.3863918356159137,9.891142767567141e-05,15,0.45387453874538747,0.010638297872340425,-0.0417169614687279,1.0,2.2871200789163435,1.351130647081061,0.026051264868487183,True,True
0.1,0.533606029528123,0.3151114446977879,0.3926202063780082,0.20376819501277998,0.09963661698975486,1.4119922683213544,8.275053793760015e-05,15,0.5055350553505535,0.031914893617021274,0.0010958325940821736,1.0,2.404055785136414,1.3295635834623607,0.014575305746356173,True,True
0.1,0.525817915102012,0.2833964797508963,0.3602853624134568,0.18076339327316254,0.10866733436435486,1.5642240099969391,2.9454778160554886e-05,15,0.5793357933579336,0.06382978723404255,0.02210541596939871,1.0,2.53006680158679,1.405253790368795,0.040040207739989946,True,True
0.1,0.5097264023329552,0.29708929810508783,0.43363102222730804,0.21445128818499565,0.09711249621624048,1.382417264153068,0.0001017013109898128,15,0.44280442804428044,0.010638297872340425,-0.04649531259045764,1.0,2.271266684968692,1.2944141593656866,0.02730775674317306,True,True
0.1,0.5321193170019904,0.2733902218411612,0.4379043869195817,0.214901874506191,0.1079653684507101,1.48349579000918,5.063622437261349e-05,15,0.4317343173431734,0.010638297872340425,-0.045565266278777335,1.0,2.2588608120697606,1.292931644007958,0.03794605461551349,True,True
0.1,0.5493554047931054,0.32426407625341197,0.36206221622754914,0.21082757544046196,0.10443748864276342,1.4841881075079504,5.0398588479577725e-05,15,0.5756457564575646,0.06382978723404255,0.0016992105404199734,1.0,2.455537802874362,1.3063368688290282,0.04205059473948735,True,True
0.1,0.49419070487331296,0.2827575529249724,0.4026301567235939,0.21567564455470845,0.09526726302458877,1.3930047308939053,9.444485938876503e-05,15,0.4797047970479705,0.031914893617021274,-0.06902817539402892,1.0,2.3691489892669324,1.2903857922447834,0.01373764449656559,True,True
0.1,0.5268197308752228,0.27015979225458253,0.38022970840344467,0.21860376479944843,0.10208370505832108,1.439733231904526,6.830806204770558e-05,15,0.5387453874538746,0.06382978723404255,-0.06797377606467536,1.0,2.44980957548319,1.2807517154255248,0.024711006868822247,True,True
0.1,0.539233489486201,0.30185912168255175,0.4243277362669637,0.2140485925549383,0.09297797377048292,1.3710720361955804,0.00011012465549034438,15,0.4575645756457565,0.010638297872340425,-0.050758740874334046,1.0,2.299138908467846,1.295739105170669,0.02638632936840342,True,True
0.1,0.5351789107984929,0.32861015410471345,0.4391978865007044,0.21068677585888548,0.09953979091414543,1.356699242011878,0.00012185000589004113,15,0.4280442804428044,0.010638297872340425,0.0014523556893433287,1.0,2.2551532898271613,1.3068001264385694,0.03836488524040878,True,True
0.1,0.4914586905862045,0.27202015365512744,0.40241397745227925,0.1853319346856315,0.09296961203722368,1.3865657456542284,9.879118948307093e-05,15,0.4833948339483395,0.031914893617021274,-0.014730584579272506,1.0,2.3698845045507078,1.3902224134986834,0.015412966996146759,True,True
0.1,0.5228810868704794,0.32292663594491094,0.42941017133970494,0.19457970930713,0.10206097616989585,1.402971117001752,8.81061034687219e-05,15,0.45387453874538747,0.010638297872340425,0.031120085816077937,1.0,2.2837624931114986,1.3597954625321877,0.029904506617523873,True,True
0.1,0.4685905719780158,0.3180861819450337,0.43796157511932754,0.18010283260001836,0.09663304055655676,1.3562053654832424,0.00012227527078785514,15,0.4280442804428044,0.010638297872340425,0.047855899173421625,1.0,2.258696432389755,1.4074271615888754,0.033841514491539625,True,True
0.1,0.47792313088928257,0.30393876521941177,0.39048028485119846,0.18538944769461188,0.10864000926448368,1.502990399272984,4.437109460373765e-05,15,0.5055350553505535,0.031914893617021274,0.03307360088767834,1.0,2.4117503328921357,1.3900331846759877,0.019768805495057797,True,True
0.1,0.4700643825062144,0.32580530486245224,0.3668648977322535,0.2022146700272395,0.1057170450222247,1.4796741829248874,5.1969214951951166e-05,15,0.5719557195571956,0.06382978723404255,0.020323009317343023,1.0,2.4495684446074515,1.3346749784189784,0.0375272239906182,True,True
0.1,0.5481457868452292,0.28644367866690557,0.42999426145848746,0.20335610766860612,0.0964850454915725,1.3755589697551545,0.00010670966426729884,15,0.44649446494464945,0.010638297872340425,-0.03369528989311876,1.0,2.2820186721950364,1.330919429806836,0.02303568436924108,True,True
0.1,0.5017334827506721,0.27891750080140326,0.3608404240530419,0.20646624311397055,0.10286539834414746,1.493697634948382,4.724986771051694e-05,15,0.5756457564575646,0.06382978723404255,-0.03275675600806453,1.0,2.5277131811746862,1.3206864880918348,0.03283632099179092,True,True
0.1,0.46556219046086,0.3189357940045489,0.3781266800471921,0.1804587788553719,0.10638303313836549,1.4480764337829886,6.449908250601391e-05,15,0.5461254612546126,0.06382978723404255,0.048914137816349505,1.0,2.457872985999547,1.4062560301868219,0.03183112749204222,True,True
0.1,0.5496277724510824,0.3160375566772285,0.4314246103843374,0.21887250355134255,0.09207493550515017,1.3396390892642638,0.00013747199368266627,15,0.44649446494464945,0.010638297872340425,-0.049563468157132404,1.0,2.2777682562786605,1.2798675134243567,0.04020773998994807,True,True
0.1,0.5153137489840875,0.3263329723074261,0.40953640642657546,0.21304634369627698,0.10385280973410214,1.3804243994007357,0.00010313088731381908,15,0.46863468634686345,0.031914893617021274,0.0008138230159555474,1.0,2.3460602365893184,1.2990366960102881,0.03132853074216787,True,True
0.1,0.5205422896179096,0.30483521418000403,0.43625475921111345,0.21821904518598353,0.10762457729986033,1.4315647455106857,7.226511892870398e-05,15,0.4354243542435424,0.010638297872340425,-0.02373464234249515,1.0,2.2636209932089884,1.28201751669057,0.037443457865639136,True,True
0.1,0.482687636705466,0.30428386710897365,0.3684595381622335,0.1801796156017459,0.09359161201260426,1.4326942355608576,7.17040101305578e-05,15,0.5645756457564576,0.06382978723404255,0.027736355962409604,1.0,2.496122681138937,1.4071745307966852,0.030407103367398224,True,True
0.1,0.4543855848779474,0.32995604567500725,0.3610477819432825,0.18895187187935794,0.10476565365162643,1.4868566349495809,4.949347150773667e-05,15,0.5756457564575646,0.06382978723404255,0.04319913653027158,1.0,2.4337329737099296,1.378312126321133,0.041799296364550174,True,True
0.1,0.47018498861927593,0.2892661046570169,0.41413202664686244,0.2037532542831551,0.09808481125022966,1.3903585425002825,9.620643050952569e-05,15,0.46863468634686345,0.02127659574468085,-0.027568142340554398,1.0,2.3311230155028912,1.3296127413264205,0.012816217121795946,True,True
0.1,0.5240506005083132,0.3109716538096401,0.3730299060526074,0.19505837900842826,0.10165259316930227,1.4399856943661862,6.818942519072058e-05,15,0.5535055350553506,0.06382978723404255,0.01531324792456913,1.0,2.4777921640651313,1.3582205474713587,0.022784385994303904,True,True
0.1,0.525276512001869,0.2909882400759675,0.42267182846863616,0.1832757346524162,0.09870050434773793,1.4059368105796612,8.630670375352077e-05,15,0.4575645756457565,0.010638297872340425,0.01789982583829495,1.0,2.3042285645668503,1.39698770570666,0.01951750712012062,True,True
0.1,0.4591867648706049,0.295323162649418,0.4199799203545119,0.1950195653994058,0.10950070236363983,1.4855298033978765,4.994136679895796e-05,15,0.4612546125461255,0.02127659574468085,0.012964381255812249,1.0,2.3125881629320926,1.3583482516841987,0.023119450494220137,True,True
0.1,0.5122556557218877,0.28645294539149935,0.416086788407738,0.21471776589759203,0.10452619123451201,1.4245194648062363,7.58700312051535e-05,15,0.46863468634686345,0.02127659574468085,-0.04018707965487196,1.0,2.3248694442715534,1.293537396617167,0.02186295861953426,True,True
0.1,0.5249051626100604,0.2711324470235436,0.43722748120760885,0.18597338399903757,0.09629633832673574,1.375698512218966,0.00010660524324689383,15,0.4354243542435424,0.010638297872340425,-0.011186803080005431,1.0,2.260809751948643,1.3881119223150935,0.03116099849220975,True,True
0.1,0.5302394092777969,0.2718036773733509,0.437524739593959,0.20120862121209349,0.09783851063613346,1.383472587059805,0.00010095264802100241,15,0.4354243542435424,0.010638297872340425,-0.04105295599618794,1.0,2.2599531460508677,1.3379850718437454,0.026972692243256827,True,True
0.1,0.532927030493325,0.32279104016310806,0.43271529928601205,0.18419078079609918,0.0929056054146405,1.3581793814242336,0.00012058468341697882,15,0.44280442804428044,0.010638297872340425,0.04107588801213233,1.0,2.273956971329845,1.393977028512906,0.036019433740995144,True,True
0.1,0.48813365515034907,0.29136964327804576,0.41195230198026284,0.18230407045963345,0.09754256446666901,1.387353629971638,9.824836440714592e-05,15,0.46863468634686345,0.02127659574468085,0.01866441276248062,1.0,2.33816626215359,1.4001846671335714,0.014826604121293349,True,True
0.1,0.49375536591680924,0.3157289685420272,0.36284351681855287,0.20989495653909002,0.09555412468083913,1.453120020203509,6.230460507892351e-05,15,0.5756457564575646,0.06382978723404255,-0.021128228946293192,1.0,2.4895060498389103,1.309405363763637,0.03677332886580667,True,True
0.1,0.519898293964747,0.28414747721899103,0.3637279520640198,0.20723251119128494,0.10074549086310845,1.4815753755516252,5.130154855647654e-05,15,0.5756457564575646,0.06382978723404255,-0.03382242800292589,1.0,2.5155851206878594,1.318165319251773,0.02797788574300553,True,True
0.1,0.5209264859117179,0.3067213294863647,0.4357222350036234,0.1884615558817221,0.09680125396430705,1.3711908813750235,0.0001100327516314458,15,0.43911439114391143,0.010638297872340425,0.021529415011320982,1.0,2.265165345812364,1.379925359929084,0.02747528899313118,True,True
0.1,0.5143543152636029,0.3154805317306216,0.39092749016378936,0.1981656594963542,0.09954187265147457,1.4123507139740274,8.254488217622233e-05,15,0.5055350553505535,0.031914893617021274,0.012538923002349288,1.0,2.4101353473390428,1.3479969991135214,0.014156475121460881,True,True
0.1,0.4960100034424185,0.29821683383984304,0.422378200876397,0.19561748021703773,0.09605296265000289,1.39010122421464,9.637954354811572e-05,15,0.4575645756457565,0.010638297872340425,-0.003758612879691807,1.0,2.3051352342111375,1.356380997335684,0.017674652370581335,True,True
0.1,0.4518845785993668,0.27964912807770326,0.4303234807878009,0.21033647666383382,0.09668159540767184,1.3792858613260834,0.00010395698946303418,15,0.44649446494464945,0.010638297872340425,-0.056947612331549276,1.0,2.281037862766151,1.3079526779298938,0.02554866811861283,True,True
0.1,0.5258918116391861,0.28474132170750677,0.42526654089344496,0.21370703362029891,0.10777388091802052,1.4685812885370457,5.605014582890189e-05,15,0.4575645756457565,0.010638297872340425,-0.033286017744323826,1.0,2.2962709715378704,1.2968628995300473,0.029736974367565755,True,True
0.1,0.491454894417893,0.2845768127416817,0.381822115561521,0.21932067391946297,0.09348276429176251,1.3792593067732746,0.00010397633895615781,15,0.5239852398523985,0.06382978723404255,-0.08012744119915893,1.0,2.4437630762057667,1.2783929470152948,0.0252136036186966,True,True
0.1,0.5146555755138459,0.27786234728171355,0.4336011755605174,0.2134982499631898,0.09669841337482743,1.3874041605978582,9.821365670688561e-05,15,0.44280442804428044,0.010638297872340425,-0.06611211715716764,1.0,2.2713541918189666,1.2975498377781634,0.028731780867817056,True,True
0.1,0.5202593675712641,0.3063861175670907,0.36753792675812325,0.1996559350876751,0.098715210695991,1.4565671128739952,6.084970944618215e-05,15,0.5682656826568265,0.06382978723404255,-0.0018247037157873812,1.0,2.499874249683299,1.3430937067864925,0.02253308761936673,True,True
0.1,0.5159780592463773,0.2772464117876946,0.4102028765122727,0.1997556165072605,0.09357693051847074,1.3618134147027139,0.00011753569746153981,15,0.46863468634686345,0.031914893617021274,-0.04148444878169129,1.0,2.3438732483144893,1.3427657358107568,0.014575305746356173,True,True
0.1,0.5230767834678122,0.30966905679802853,0.3731207839023417,0.2023786412631594,0.09048852319314495,1.396792008497658,9.198190125735535e-05,15,0.5535055350553506,0.06382978723404255,-0.021287716398944705,1.0,2.477432230820942,1.334135481625485,0.027726587368068354,True,True
0.1,0.45396080933124716,0.30591294729425805,0.3814312647906817,0.20081962975560974,0.10281264511047293,1.406990327453398,8.56767487487632e-05,15,0.5276752767527675,0.06382978723404255,0.0028534356198409877,1.0,2.445242493241898,1.3392649282910796,0.016753224995811694,True,True
0.1,0.4757310071262732,0.2762096589934212,0.3912837923903274,0.1836630425786348,0.1001298538139249,1.435981619745169,7.00966157489439e-05,15,0.5055350553505535,0.031914893617021274,0.004077484575441297,1.0,2.408851280956156,1.3957133883965698,0.012899983246775003,True,True
0.1,0.45904426812922117,0.3275433308822074,0.3947612378708743,0.20845116777244801,0.10907057665367498,1.4911571632736655,4.807038291824432e-05,15,0.5055350553505535,0.031914893617021274,0.01732822053652126,1.0,2.3964407323771026,1.3141557055276403,0.032417490366895625,True,True
0.1,0.4767386231325163,0.2875183622039251,0.39350080667884696,0.21669702241067668,0.10499993199911123,1.4530364626846173,6.234031920081856e-05,15,0.5055350553505535,0.031914893617021274,-0.04177251142062869,1.0,2.4009137027675855,1.2870252633376924,0.01700452337074887,True,True
0.1,0.5207919984066609,0.2755264023141062,0.433390680795326,0.20421174492382332,0.09435900042263141,1.37628516834413,0.00010616740470027727,15,0.44280442804428044,0.010638297872340425,-0.05280779777657666,1.0,2.2719716794898845,1.3281042192426558,0.028648014742837995,True,True
0.1,0.49074461119621837,0.3060008129857256,0.3660059450452329,0.20587397108465658,0.10556705233625374,1.4872683112627463,4.935535773489857e-05,15,0.5719557195571956,0.06382978723404255,-0.003478017709042026,1.0,2.506152234927134,1.3226351765852664,0.0306584017423354,True,True
0.1,0.47749627831820257,0.2849329853324976,0.43436334769981466,0.18291840074489213,0.10919670704650666,1.4962923446124796,4.642693159514963e-05,15,0.44280442804428044,0.010638297872340425,0.02250617391896962,1.0,2.2691233619174227,1.398163402750317,0.0336739822415815,True,True
0.1,0.5197381495125472,0.28588410600302633,0.41395201716307767,0.18070996801785819,0.09052056170735995,1.3551368977878027,0.00012320059242188383,15,0.46863468634686345,0.02127659574468085,0.0068146614219347455,1.0,2.3317018622216894,1.405429569698423,0.022198023119450495,True,True
0.1,0.5483886852774553,0.30338819797254507,0.4175470557542722,0.21371667458348736,0.10283682873940524,1.404206856675287,8.735162830456942e-05,15,0.46863468634686345,0.02127659574468085,-0.02534872462326561,1.0,2.3202360417334953,1.2968311789133353,0.020941531244764618,True,True
0.1,0.4740001436972388,0.30146362291502765,0.41976991865309526,0.19132837564564278,0.09741063852287418,1.3779526700044527,0.00010493309121441188,15,0.4612546125461255,0.02127659574468085,0.011044360071844091,1.0,2.3132448220570714,1.3704929734407916,0.015999329871000167,True,True
0.1,0.530348597480055,0.32534358055972384,0.3646934825558503,0.20619694336691474,0.09984732035974671,1.4647361574111954,5.754168806286703e-05,15,0.5756457564575646,0.06382978723404255,0.004372812932781179,1.0,2.4513516134533,1.321572535874607,0.03493047411626738,True,True
0.1,0.4865473040470444,0.29396079755866145,0.40712151333275143,0.20830060453727195,0.10672763672982342,1.4316713103119105,7.221198447243705e-05,15,0.47601476014760147,0.031914893617021274,-0.015657213993845447,1.0,2.3540445642722276,1.314651087428861,0.015580499246104875,True,True
0.1,0.48962565810165265,0.3082215248671151,0.4003489050395769,0.21460673920813167,0.0958621860614359,1.3918178179020462,9.523079727672348e-05,15,0.4870848708487085,0.031914893617021274,-0.03754046154945789,1.0,2.3769506177917483,1.2939026957052666,0.016083095995979225,True,True
0.1,0.5494576807794589,0.2832321543403776,0.4062286010064721,0.1998032764743542,0.10907555448622848,1.49515300126968,4.6786424469592276e-05,15,0.47601476014760147,0.031914893617021274,-0.006273249566159082,1.0,2.357020827092656,1.3426089253843378,0.014659071871335232,True,True
0.1,0.4585574155128812,0.3127626897885388,0.41470515243568107,0.20385732574562862,0.09637385048344868,1.3692139605157745,0.00011157195255161707,15,0.46863468634686345,0.02127659574468085,-0.006611359232095516,1.0,2.3292833930053316,1.3292703262681718,0.019936337745015915,True,True
0.1,0.5238167417654211,0.31659396376225274,0.43440746168438527,0.20736806417948014,0.09826558649014383,1.378493740434178,0.0001045357989225442,15,0.44280442804428044,0.010638297872340425,-0.006195888585395978,1.0,2.2689944827121975,1.3177193239400373,0.030742167867314457,True,True
0.1,0.48036715621982107,0.28866928718665985,0.37808009644011115,0.20823388382857622,0.1054561221042117,1.4568428961985176,6.0734853726700985e-05,15,0.5461254612546126,0.06382978723404255,-0.02294932295855242,1.0,2.4580526119121333,1.3148706113484012,0.02345451499413637,True,True
0.1,0.48123156821579544,0.2937612037213178,0.3648992465673395,0.19535632916286957,0.10568086960614771,1.4986751128486693,4.5684407152806246e-05,15,0.5756457564575646,0.06382978723404255,0.005374263088006235,1.0,2.5107202256849934,1.357240234357048,0.02956944211760764,True,True
0.1,0.5436756888446747,0.27070244416363726,0.3671265464278716,0.19095531144250488,0.10668104300927642,1.5008335080986122,4.502251613500021e-05,15,0.5682656826568265,0.06382978723404255,-0.004884656531625707,1.0,2.501554920204606,1.371720426171943,0.033338917741665273,True,True
0.1,0.5459531834531418,0.3122177522200013,0.3612960692192433,0.2121306347672574,0.1074614223479668,1.4998197653074776,4.533213190560718e-05,15,0.5756457564575646,0.06382978723404255,-0.007103824029402355,1.0,2.5039448174639,1.3020495538948311,0.04104540123973865,True,True
0.1,0.5148485124949315,0.2991132264389584,0.41180699334550663,0.21296901087451983,0.10197777278414188,1.4054366159583371,8.660748529661044e-05,15,0.46863468634686345,0.02127659574468085,-0.029322929381140013,1.0,2.3386384423636706,1.299291135815756,0.015077902496230524,True,True
0.1,0.45411859115779285,0.2941673330554959,0.4169535495186143,0.19995704986264368,0.09573074351060562,1.3753507921798955,0.00010686564354654841,15,0.46863468634686345,0.02127659574468085,-0.019003697541796805,1.0,2.3221153117965843,1.3421029814641043,0.014491539621377116,True,True
0.1,0.5389873770420489,0.27451200871076725,0.4341660892644041,0.19031200789922154,0.1049886793770659,1.4356464366739836,7.025877163274074e-05,15,0.44280442804428044,0.010638297872340425,-0.0029183751090127922,1.0,2.2696999737139336,1.3738370181272175,0.02956944211760764,True,True
0.1,0.48363843056771694,0.31181307185725565,0.43280569053321494,0.1906950067677995,0.09856967921927454,1.3859010133759089,9.92515957166667e-05,15,0.44280442804428044,0.010638297872340425,0.024268492421574778,1.0,2.2736909060676727,1.3725768784426544,0.026051264868487183,True,True
0.1,0.515864130517399,0.28356779617465977,0.4133250580318126,0.2099775616287691,0.107386132837332,1.442496486849639,6.702119070021356e-05,15,0.46863468634686345,0.02127659574468085,-0.0274111700044965,1.0,2.3337218767996064,1.309133577186204,0.0207739989948065,True,True
0.1,0.5102186378098001,0.3118380457327819,0.41688636604962453,0.19589106456800678,0.09127488215068735,1.3458010952791981,0.0001316021280130438,15,0.46863468634686345,0.02127659574468085,0.0008349819054534146,1.0,2.322328377754804,1.3554808523848343,0.02303568436924108,True,True
0.1,0.5256149021537284,0.29319649731749725,0.4000620841328658,0.21710752638819777,0.0937123970129039,1.3903075486822747,9.624071128340178e-05,15,0.4870848708487085,0.031914893617021274,-0.06549984157820468,1.0,2.3779378101310256,1.2856746265729782,0.014072708996481822,True,True
0.1,0.4762616169767732,0.3222414416248324,0.36218118317620135,0.20391530699897184,0.09633922421104515,1.4540857204137325,6.18933921703604e-05,15,0.5756457564575646,0.06382978723404255,0.0002649436354666186,1.0,2.463446705092368,1.3290795568317768,0.03618696599095326,True,True
0.1,0.4946614954042209,0.2849840412565949,0.39485271150060297,0.20110153669536157,0.09259458695726165,1.395512211339869,9.280661271878857e-05,15,0.5055350553505535,0.031914893617021274,-0.03835930639823312,1.0,2.396117225664926,1.3383374004279975,0.010805830122298542,True,True
0.1,0.5185286258196201,0.2750869578671534,0.43559860362836605,0.19423510396603672,0.10188990991438758,1.4110641130406718,8.328554630650905e-05,15,0.43911439114391143,0.010638297872340425,-0.014799411506038586,1.0,2.2655244244006054,1.3609292801526847,0.026553861618361534,True,True
0.1,0.5146408508342906,0.29106601239170865,0.4145221271147267,0.20560361396297552,0.10171891388898849,1.4076405347687275,8.529034731863924e-05,15,0.46863468634686345,0.02127659574468085,-0.02224399467447924,1.0,2.329870315882857,1.323524703333216,0.014324007371418998,True,True
0.1,0.5061996831439133,0.29745216432949756,0.3649306633804159,0.1963187010752854,0.10803107832760345,1.5498433745306524,3.240719414983946e-05,15,0.5756457564575646,0.06382978723404255,0.009679440606103467,1.0,2.5105901680611664,1.3540738463135358,0.030742167867314457,True,True
0.1,0.5095331891965008,0.31318053776905097,0.4335435497442288,0.1910419871754194,0.1042443482589599,1.4139004799725483,8.166182639830877e-05,15,0.44280442804428044,0.010638297872340425,0.03037048150108231,1.0,2.2715231778946183,1.3714352463980712,0.02998827274250293,True,True
0.1,0.45247729666478115,0.2700301487854253,0.4139505196870979,0.1804489718133806,0.1051943388597496,1.4374142561075023,6.94079186895088e-05,15,0.46863468634686345,0.02127659574468085,0.010502093565072666,1.0,2.331706679685266,1.4062882972346262,0.02244932149438767,True,True
0.1,0.5422313846881065,0.28300714645728,0.36481734184408754,0.2160933278107669,0.10517812096730082,1.5001672597676328,4.522575071458811e-05,15,0.5756457564575646,0.06382978723404255,-0.04357396291200309,1.0,2.511059395751226,1.289011534277675,0.03484670799128832,True,True
0.1,0.4692994006736745,0.31726471880087254,0.4174563183934057,0.19783074753820756,0.10393243909058998,1.4019423790787828,8.873937283706331e-05,15,0.46863468634686345,0.02127659574468085,0.021307778204673347,1.0,2.320523005252478,1.3490989236462552,0.02253308761936673,True,True
0.1,0.45117780465469687,0.3136317767831449,0.37980903429491797,0.18724272581969284,0.10948531372422832,1.4927870039486173,4.7542284949829364e-05,15,0.5424354243542435,0.06382978723404255,0.03751008818324521,1.0,2.4514153754922186,1.3839355444385162,0.030407103367398224,True,True
0.1,0.5460585670668469,0.299499347171527,0.3723648783483575,0.2091190445666078,0.09666914907944006,1.4370385068757625,6.958786319840836e-05,15,0.5608856088560885,0.06382978723404255,-0.03247346702786421,1.0,2.4804314374965726,1.3119582628671846,0.022700619869324846,True,True
0.1,0.47900184674197416,0.2944001501485816,0.36328338933991167,0.20417144869389975,0.09233007374577727,1.4468178726835828,6.50591624265034e-05,15,0.5756457564575646,0.06382978723404255,-0.036043855002081925,1.0,2.517439795769742,1.3282368015624249,0.03174736136706316,True,True
0.1,0.5350584515790759,0.30683919803854665,0.3924719051023673,0.18262951290161436,0.10077106776184917,1.4251558653011462,7.55368262514932e-05,15,0.5055350553505535,0.031914893617021274,0.03432320727384154,1.0,2.4045863282435764,1.3991138991239844,0.012983749371754063,True,True
0.1,0.5129037082317874,0.292389546824157,0.43638652348314033,0.2105912244714433,0.09425902479283299,1.3562060774375284,0.00012227465663183017,15,0.4354243542435424,0.010638297872340425,-0.05003612418245167,1.0,2.263239450490943,1.307114508816977,0.028815546992796114,True,True
0.1,0.5203751432800091,0.2938341348822842,0.37043423894624006,0.19916446074327993,0.09708471040469202,1.4483330728096082,6.438549297046424e-05,15,0.5645756457564576,0.06382978723404255,-0.015039628818338703,1.0,2.488147190968754,1.3447107515772942,0.021360361869659908,True,True
0.1,0.4690183337014497,0.2942488027086448,0.4164450498261234,0.19336506565499068,0.09217498976807986,1.358153029095683,0.00012060709126040244,15,0.46863468634686345,0.02127659574468085,-0.01047922550054097,1.0,2.3237296789976516,1.3637918729506997,0.018679845870330038,True,True
0.1,0.5149235860448959,0.28340255233447126,0.36179798098843297,0.20359785544052655,0.09829824714739327,1.4728370507521205,5.4446291516745686e-05,15,0.5756457564575646,0.06382978723404255,-0.0321306166839788,1.0,2.523669840888691,1.3301240333029698,0.028061651867984587,True,True
0.1,0.5360527151667415,0.32280376511470676,0.38779253115351997,0.1866761709067881,0.09507504039084291,1.3939385166642573,9.383128428148269e-05,15,0.5202952029520295,0.0425531914893617,0.03628276560935052,1.0,2.4215350421699107,1.3857996186899264,0.025883732618529068,True,True
0.1,0.5182888853727212,0.29297328996836886,0.42822090355132164,0.21101495129022158,0.09646361055014008,1.3885384378615546,9.743791254535032e-05,15,0.45387453874538747,0.010638297872340425,-0.044715677396689926,1.0,2.2873277963658016,1.3057203663701895,0.024375942368906015,True,True
0.1,0.4551505471618173,0.2752722309553957,0.387314030175673,0.2016193613189599,0.10863859834486958,1.5206801067554803,3.938639128316505e-05,15,0.5202952029520295,0.0425531914893617,-0.01706830275420135,1.0,2.4232912550998,1.3366336581682279,0.02027140224493215,True,True
0.1,0.4795758056817463,0.2990571003948274,0.3611111941640006,0.21046563263001827,0.10457022535422299,1.4947747948016157,4.6906400826718565e-05,15,0.5756457564575646,0.06382978723404255,-0.019229922465562207,1.0,2.5265676640202335,1.3075277300466497,0.032501256491874686,True,True
0.1,0.5478077914530564,0.32912411145483117,0.380282263977818,0.18268862338265535,0.10222953148041443,1.4132367774022634,8.203879209881837e-05,15,0.5350553505535055,0.06382978723404255,0.05315978020163227,1.0,2.436879097861324,1.398919414312032,0.03116099849220975,True,True
0.1,0.5212442427961892,0.2745546364015797,0.4034581201939119,0.19084739057539024,0.09525754119862521,1.3962009584165396,9.236182582166828e-05,15,0.4797047970479705,0.031914893617021274,-0.019852752468028215,1.0,2.3663392667906793,1.3720755065092518,0.012313620371921595,True,True
0.1,0.4539923244577294,0.32054652412477097,0.37155062598965716,0.21346917222209172,0.10031928802294102,1.4416141055241936,6.742935139854153e-05,15,0.5608856088560885,0.06382978723404255,-0.014188100375318693,1.0,2.4701406592098083,1.2976455091195205,0.033338917741665273,True,True
0.1,0.5298739745791834,0.2752491018830204,0.3604388044132835,0.18617262191656744,0.09222961531011933,1.4588280103932856,5.991476040500958e-05,15,0.5793357933579336,0.06382978723404255,-0.01550202135076822,1.0,2.5294154385619736,1.387456391379764,0.037862288490534426,True,True
0.1,0.5300854800688684,0.28154811842024086,0.4193796209677605,0.19767899604593447,0.09154287214689859,1.3580741180162221,0.00012067421662932822,15,0.4612546125461255,0.02127659574468085,-0.03718280790296824,1.0,2.3144669997421574,1.3495982151410706,0.020438934494890267,True,True
0.1,0.5065331393368965,0.32730809749798156,0.3657391596477786,0.19825450147884252,0.10971312812520391,1.5432621209919817,3.386020302003042e-05,15,0.5756457564575646,0.06382978723404255,0.031369518775924955,1.0,2.4437949115248134,1.3477046919633608,0.041547997989613,True,True
0.1,0.530373805837008,0.3247351364546052,0.414790689825787,0.21150390418714915,0.09299515938081965,1.3473508293055632,0.0001301672776743081,15,0.46863468634686345,0.02127659574468085,-0.019215258231007375,1.0,2.3290092705745784,1.3041116176248257,0.03275255486681186,True,True
0.1,0.5276203490385243,0.2836661295831908,0.4026194402571528,0.2007256145031324,0.09014229688313634,1.3689185832570092,0.00011180384562467144,15,0.4797047970479705,0.031914893617021274,-0.04544237065081418,1.0,2.3691854317178658,1.3395742564910316,0.0108895962472776,True,True
0.1,0.4746876252508162,0.31815767572386483,0.42940993043973297,0.19109782823436736,0.1018459101756208,1.4047427455629864,8.70265394067136e-05,15,0.45387453874538747,0.010638297872340425,0.03269220532683633,1.0,2.2837632133052495,1.3712515186114342,0.02839671636790082,True,True
0.1,0.5418681180305195,0.3212229620083968,0.36559696390412455,0.18361156020180064,0.09659207803015156,1.455985051678156,6.1092865898043e-05,15,0.5756457564575646,0.06382978723404255,0.03913306181928809,1.0,2.4674617871088804,1.3958827752836518,0.034762941866309266,True,True
0.1,0.4794697207998393,0.3239539737528765,0.367309280886008,0.20813543845390356,0.10264742675223751,1.4643261757302093,5.7703148892344823e-05,15,0.5682656826568265,0.06382978723404255,0.004008490085676288,1.0,2.4567448121428166,1.3151945154994689,0.036940861115764785,True,True
0.1,0.5499194439320743,0.278032667533743,0.4227883873488658,0.19175321549203544,0.09147998944298291,1.3741113427218294,0.00010779923977654289,15,0.4575645756457565,0.010638297872340425,-0.02672696505471314,1.0,2.3038690007150553,1.3690951689198256,0.02462724074384319,True,True
0.1,0.5348799169448447,0.3022831697435906,0.3606507820543854,0.19302302448659212,0.09573504389058206,1.4597241056066859,5.9548359330700516e-05,15,0.5756457564575646,0.06382978723404255,0.0032099880282234782,1.0,2.52851650282396,1.3649172539515724,0.02948567599262858,True,True
0.1,0.5315794051312215,0.2962216839873136,0.3634428064924531,0.1859810310560937,0.10400226402667467,1.4916127999934161,4.792213381995445e-05,15,0.5756457564575646,0.06382978723404255,0.0213747473735822,1.0,2.5167742001737547,1.3880867620317163,0.030742167867314457,True,True
0.1,0.46922356268428705,0.3095368095681872,0.41513669691236166,0.20199084920874943,0.10700191854553437,1.4212118561463873,7.762667398608324e-05,15,0.46863468634686345,0.02127659574468085,0.010438939721786836,1.0,2.3279015712813997,1.3354113918101145,0.021527894119618026,True,True
0.1,0.49684182330727134,0.30574468965681284,0.38024363528152927,0.20419420539458508,0.09920041530851509,1.410167083317828,8.380603970245121e-05,15,0.5387453874538746,0.06382978723404255,-0.010174524011685664,1.0,2.4497564744728635,1.328161927655539,0.016669458870832637,True,True
0.1,0.5328090618854313,0.3193924276378433,0.4219729165046091,0.21378037189101362,0.09218145923300725,1.3501878522106163,0.0001275825515040067,15,0.4575645756457565,0.02127659574468085,-0.03284408064290578,1.0,2.3063887528442217,1.296621602563119,0.03501424024124644,True,True
0.1,0.545422617234214,0.28581346233201627,0.36550849124351714,0.1889919223217647,0.109896627972288,1.5579819671204904,3.0700116798886976e-05,15,0.5756457564575646,0.06382978723404255,0.013643298093115257,1.0,2.5082020947065287,1.378180352689403,0.035600603116099847,True,True
0.1,0.4575769385300907,0.2936314848462205,0.40477698737718804,0.20054605744525317,0.09888202408385088,1.4036665066533465,8.768070488835647e-05,15,0.4797047970479705,0.031914893617021274,-0.014368836032207117,1.0,2.361887383219263,1.3401650336260063,0.004690902998827275,True,True
0.1,0.4698980353569122,0.31724377839167534,0.4039014467790949,0.2110346800384925,0.0999886498518375,1.3959380010475764,9.253137879194181e-05,15,0.4797047970479705,0.031914893617021274,-0.010971306913819107,1.0,2.3648395580716883,1.3056554550070953,0.01742335399564416,True,True
0.1,0.5126615771701585,0.3034403290759303,0.40800467432134635,0.205453199370585,0.10166127022958998,1.3869216872028087,9.854557234367499e-05,15,0.46863468634686345,0.031914893617021274,-0.009830144899652254,1.0,2.351113619086432,1.324019596171183,0.009800636622549841,True,True
0.1,0.513740276435947,0.3100769955891254,0.36469918189029293,0.21812232645812762,0.1052420529805092,1.4908440323416043,4.8172543176979055e-05,15,0.5756457564575646,0.06382978723404255,-0.024595289980479235,1.0,2.5115489683010117,1.2823357398426753,0.03895124811526219,True,True
0.1,0.47274154709721855,0.2911224052273223,0.3783792450160725,0.18481485661486363,0.10257669944252507,1.4425641276162589,6.699000886678306e-05,15,0.5461254612546126,0.06382978723404255,0.0180525706876234,1.0,2.456899868022833,1.3919236994565536,0.020941531244764618,True,True
0.1,0.46020533329257535,0.32019519897042864,0.3750834405960546,0.20894567418344204,0.10888819349711298,1.507656377510291,4.299537078789833e-05,15,0.5498154981549815,0.06382978723404255,0.007605637102729048,1.0,2.4697014382998965,1.3125286846565916,0.03727592561568102,True,True
0.1,0.5092143243063297,0.30157164658270524,0.43965528417400646,0.21523722581613655,0.0938468098060931,1.3324577572176584,0.0001446576989834326,15,0.42435424354243545,0.010638297872340425,-0.052050775619646085,1.0,2.2538474845404517,1.2918282739235982,0.03300385324174904,True,True
0.1,0.4911118483796754,0.2860615416264706,0.4037777574192847,0.21055013431273922,0.10792708236632541,1.4645836456387897,5.760169576010629e-05,15,0.4797047970479705,0.031914893617021274,-0.025093958939414546,1.0,2.3652576497770372,1.307249703314601,0.015496733121125816,True,True
0.1,0.5341452830824313,0.29736703257289754,0.3979864249329624,0.19274742801824032,0.1027039926207316,1.4400880710956445,6.814137772179754e-05,15,0.4944649446494465,0.031914893617021274,0.010804902516715282,1.0,2.3851243097534063,1.3658240191542608,0.00603116099849221,True,True
0.1,0.5220497943183993,0.2936161505213504,0.37356598741727876,0.21759323379103013,0.10991243787763,1.529072069618915,3.722999618786877e-05,15,0.5535055350553506,0.06382978723404255,-0.028218904474965268,1.0,2.4756714762437113,1.284076556125231,0.033757748366560564,True,True
0.1,0.49353076434437576,0.28172320063369416,0.3956960274653625,0.19213270390912396,0.09898416529771055,1.4256615895829654,7.527312869516253e-05,15,0.5055350553505535,0.031914893617021274,-0.008172102409334234,1.0,2.393141790322245,1.3678465792934886,0.006952588373261853,True,True
0.1,0.468662612707652,0.318673735347061,0.3679691083338125,0.21686444695803508,0.10951428776281907,1.5331617126924872,3.6224241419822106e-05,15,0.5645756457564576,0.06382978723404255,-0.0069151985159721565,1.0,2.4776086794788177,1.2864744044876917,0.04481487686379628,True,True
0.1,0.4676804932679516,0.3152834511171856,0.4216615676806035,0.19436225507538407,0.09690315559096702,1.3757917425162962,0.00010653553735302108,15,0.4575645756457565,0.02127659574468085,0.017727153236458286,1.0,2.3073533714698407,1.3605109286326926,0.02303568436924108,True,True
0.1,0.48719667875170636,0.3060539992611552,0.42789654310827063,0.21807550290396593,0.09082521001376112,1.3545123768543073,0.00012374481369474015,15,0.45387453874538747,0.010638297872340425,-0.06255911269617974,1.0,2.2883036355519466,1.2824897983102383,0.03359021611660245,True,True
0.1,0.547402459172439,0.2834708601605325,0.38748280704592214,0.19893944540822686,0.10462551781562712,1.4530223403735083,6.234635746415726e-05,15,0.5202952029520295,0.0425531914893617,-0.01146602651507059,1.0,2.422671308513472,1.3454510951568677,0.01373764449656559,True,True
0.1,0.4627669033292975,0.31227868582208107,0.3938898525005711,0.2101121360814469,0.09046987325224082,1.3740882831725503,0.00010781668924154342,15,0.5055350553505535,0.031914893617021274,-0.036011889346554075,1.0,2.399530017406823,1.3086908014438703,0.0217791924945552,True,True
0.1,0.4978732003611763,0.27107866020691845,0.41185691252463325,0.19603880467564413,0.0961515426542731,1.3919864569811444,9.511871569603216e-05,15,0.46863468634686345,0.02127659574468085,-0.03317868834302541,1.0,2.3384761924896047,1.3549947591143068,0.016083095995979225,True,True
0.1,0.5305129471000881,0.28148898449108894,0.41152115082762725,0.18278757386439384,0.1098384677331925,1.4952617182607086,4.6751996162130615e-05,15,0.46863468634686345,0.02127659574468085,0.020275786005830233,1.0,2.339568260386695,1.3985938482619071,0.02286815211928296,True,True
0.1,0.46439079785638565,0.28215835837055353,0.39840474250575875,0.20817686793345894,0.09806004024557104,1.424729264413642,7.576001583654841e-05,15,0.4944649446494465,0.031914893617021274,-0.0448025516773179,1.0,2.3836699549793314,1.3150582045712087,0.007371418998157145,True,True
0.1,0.526213714268643,0.2750671177772505,0.3982316282250272,0.21001956440537237,0.09743554064704835,1.4251659631218334,7.553155157544938e-05,15,0.4944649446494465,0.031914893617021274,-0.05754850534195904,1.0,2.3842714467043704,1.308995380000776,0.009800636622549841,True,True
0.1,0.5072692785341097,0.3092045476033561,0.37706201291045915,0.19561228041055606,0.1069565358946245,1.451742633328525,6.289606263101207e-05,15,0.5461254612546126,0.06382978723404255,0.019213462752953173,1.0,2.4619894162008915,1.3563981056956222,0.026051264868487183,True,True
0.1,0.47405148621782056,0.2707969415282801,0.36338372155349563,0.2099424450372505,0.09041406933935232,1.4417569165549233,6.736311618351506e-05,15,0.5756457564575646,0.06382978723404255,-0.08054687169871184,1.0,2.517020822423773,1.3092491175028727,0.03719215949070196,True,True
0.1,0.5415921120991761,0.31091822747653164,0.36186919436674186,0.21477930099194753,0.10700688156457892,1.4983458827035698,4.578625920321707e-05,15,0.5756457564575646,0.06382978723404255,-0.013661477814481498,1.0,2.5093599318979147,1.2933349343626999,0.041464231864633945,True,True
0.1,0.49483845168295837,0.2773810385624941,0.41217448543284685,0.19944198277752956,0.10384009602993177,1.428310686266883,7.390742079626785e-05,15,0.46863468634686345,0.02127659574468085,-0.0190220403544298,1.0,2.337444921044995,1.343797650893741,0.01474283799631429,True,True
0.1,0.46782167363400057,0.32858575835506054,0.4335596564335822,0.21941540300669052,0.10923921051220623,1.4775707817084112,5.271848258067982e-05,15,0.44280442804428044,0.010638297872340425,-0.0007981937195287778,1.0,2.2714759409607197,1.2780812701621986,0.05067850561233037,True,True
0.1,0.504734501466823,0.32579097638926896,0.412182709232616,0.19922999891373203,0.09652333864567932,1.3640738263449679,0.00011567974592265761,15,0.46863468634686345,0.02127659574468085,0.017290435760896877,1.0,2.337418236569915,1.3444951184352254,0.023370748869157312,True,True
0.1,0.5331890961421355,0.2710179169743329,0.39457319329627394,0.2059664682680598,0.09545413876626192,1.414846337599514,8.112772119907957e-05,15,0.5055350553505535,0.031914893617021274,-0.0572390062840006,1.0,2.3971062441450988,1.3223308431235266,0.01365387837158653,True,True
0.1,0.5227457904559626,0.3014241031752436,0.4258329422490641,0.21041272410952644,0.10936954267369776,1.5028192671276959,4.442241800075008e-05,15,0.4575645756457565,0.010638297872340425,-0.008849180849828634,1.0,2.2945467985989447,1.3077018092197052,0.028648014742837995,True,True
0.1,0.5386921327235685,0.29052479040184875,0.3764862711221948,0.1800910240819986,0.09221292751650234,1.4081920941213184,8.49639935663014e-05,15,0.5498154981549815,0.06382978723404255,0.01360187097878168,1.0,2.4642251641297555,1.4074660138764234,0.026470095493382476,True,True
0.1,0.5473021423858649,0.27301412986090423,0.3952878111339819,0.2102231332781934,0.10415680326349207,1.4566462000109208,6.081674878796187e-05,15,0.5055350553505535,0.031914893617021274,-0.04342761109503534,1.0,2.394580497043575,1.308325599392452,0.013905176746523706,True,True
0.1,0.539669251135468,0.2918931259813143,0.3919060612002699,0.21810740585958382,0.10254897807579044,1.4394922207013083,6.842151866902026e-05,15,0.5055350553505535,0.031914893617021274,-0.04633766007854412,1.0,2.406614305576644,1.28238483147162,0.015748031496062992,True,True
0.1,0.505048662970432,0.2705535883615918,0.360620668734878,0.20195999852734944,0.09090946666556864,1.4457752749219364,6.552697832142354e-05,15,0.5756457564575646,0.06382978723404255,-0.06011357971130875,1.0,2.5286441402829647,1.335512896464873,0.036522030490869495,True,True
0.1,0.5377169961401429,0.2729617557541509,0.43743125928840804,0.19531679229678767,0.10848637617685841,1.488308559066197,4.9008155394163915e-05,15,0.4354243542435424,0.010638297872340425,-0.008335087017516512,1.0,2.2602224016254793,1.3573703182242356,0.03434411124141397,True,True
0.1,0.4931252141657621,0.31642695086795986,0.3720386018897146,0.18195611504622095,0.0943595238948459,1.4222655581667754,7.706250447039237e-05,15,0.5608856088560885,0.06382978723404255,0.03621226380023491,1.0,2.4817297703153622,1.4013295071340854,0.031244764617188808,True,True
0.1,0.529584189674513,0.2861219823777011,0.431233908816947,0.20879136927682926,0.09710993085001952,1.377976015031371,0.00010491591723699073,15,0.44649446494464945,0.010638297872340425,-0.045153753524140076,1.0,2.278333314833315,1.3130363773739813,0.024543474618864133,True,True
0.1,0.5333654506467664,0.3081335688475077,0.363565966048583,0.18353371206742902,0.09584101126141543,1.4567171161566983,6.078720935241607e-05,15,0.5756457564575646,0.06382978723404255,0.026862636322760217,1.0,2.51626038630038,1.3961389105663882,0.032417490366895625,True,True
0.1,0.4578060279424669,0.3004420193415564,0.43814721783988314,0.21364847687552257,0.10578835947766385,1.4049818963559837,8.688186926139061e-05,15,0.4280442804428044,0.010638297872340425,-0.02215846269641007,1.0,2.2581631234457555,1.2970555624435578,0.03224995811693751,True,True
0.1,0.5042207961885407,0.28864586249373686,0.42634214450361746,0.18801508673603864,0.10024835579653463,1.412725671794748,8.233032268336638e-05,15,0.4575645756457565,0.010638297872340425,0.008496833111056368,1.0,2.2930006550685205,1.3813943289902655,0.02035516836991121,True,True
0.1,0.5039739107179807,0.3171140698110137,0.4059007830000272,0.21515454043738955,0.09937914981522365,1.3923364472071351,9.488654201146899e-05,15,0.4797047970479705,0.031914893617021274,-0.021594120595044557,1.0,2.358116799017011,1.292100324667453,0.02186295861953426,True,True
0.1,0.468273108671409,0.29012688047019347,0.4074701871219637,0.18589555089424825,0.1064185417587035,1.4263041925812405,7.493944325420679e-05,15,0.47232472324723246,0.031914893617021274,0.020262205228251937,1.0,2.352885903187544,1.3883680081476233,0.015580499246104875,True,True
0.1,0.4919618929728267,0.30626328929014174,0.4099577966633332,0.1944848470228118,0.09013854573079329,1.3328255951164196,0.00014428031743328538,15,0.46863468634686345,0.031914893617021274,-0.003950447164246609,1.0,2.34467663894487,1.3601075776292415,0.016669458870832637,True,True
0.1,0.48208589161027465,0.32947968712186493,0.364786117704948,0.18670200599489525,0.09175484459517153,1.43730447042225,6.946044427823703e-05,15,0.5756457564575646,0.06382978723404255,0.034711054627297816,1.0,2.4355327300292435,1.3857146162984078,0.04171553023957112,True,True
0.1,0.5120161094699454,0.29630162778990154,0.4335912402042422,0.19263111768999563,0.09793146878661109,1.3880583670372089,9.77654563535439e-05,15,0.44280442804428044,0.010638297872340425,0.0037856578242047426,1.0,2.2713833237655474,1.3662067024266418,0.02186295861953426,True,True
0.1,0.47223717078547334,0.29300255313377693,0.36785830340282866,0.21679029050470208,0.1018792113101677,1.4690230634518437,5.588138417066383e-05,15,0.5645756457564576,0.06382978723404255,-0.04300914986811796,1.0,2.4985679731220563,1.28671839343225,0.029820740492544816,True,True
0.1,0.4524573807267826,0.2906054621196967,0.4273250319706902,0.21785764940938687,0.10528036249073247,1.43764507597852,6.929762090394291e-05,15,0.4575645756457565,0.010638297872340425,-0.04142676567953131,1.0,2.290026632851936,1.2832065780619881,0.02906684536773329,True,True
0.1,0.5241339255793521,0.2829921490690718,0.4145512225122574,0.18991849236605388,0.0997747425178318,1.4013614369035652,8.909908205922905e-05,15,0.46863468634686345,0.02127659574468085,-0.001459509692026648,1.0,2.329776978549848,1.3751317596539423,0.014156475121460881,True,True
0.1,0.5363019402014577,0.2881554081055041,0.4175630698333273,0.2065386142107442,0.09236805036100493,1.3623227530204725,0.00011711480979218901,15,0.46863468634686345,0.02127659574468085,-0.04953960425759393,1.0,2.320185408988717,1.3204483733125445,0.02085776511978556,True,True
0.1,0.4935200633756353,0.3150966895094932,0.39723462363038164,0.18696946883858057,0.10465297190757511,1.445570304243929,6.561936128038432e-05,15,0.4981549815498155,0.031914893617021274,0.037827359958111366,1.0,2.387745778775396,1.3848346122797919,0.01742335399564416,True,True
0.1,0.5489093395932545,0.281548245407869,0.3757212648578394,0.2133658552736386,0.09522184615495376,1.423254942420846,7.653666287548236e-05,15,0.5498154981549815,0.06382978723404255,-0.06496789408715532,1.0,2.4672064737540853,1.2979854416820293,0.02571620036857095,True,True
0.1,0.5251361144741029,0.2823949166847323,0.3662721534855253,0.1994638038397684,0.09064029395220112,1.4343969464756234,7.086671025432123e-05,15,0.5719557195571956,0.06382978723404255,-0.042259618292828864,1.0,2.5050575559200423,1.343725855416672,0.03007203886748199,True,True
0.1,0.5314831123835081,0.2706868753626095,0.41132286368940074,0.20642922895770602,0.10045250586600218,1.4153907554004463,8.082195264610842e-05,15,0.46863468634686345,0.02127659574468085,-0.04669674947550994,1.0,2.340214028420178,1.3208082717602114,0.014407773496398057,True,True
0.1,0.49173692999567814,0.27955086267736556,0.43944105221725577,0.20501961337803387,0.09361808927083365,1.341632200660779,0.00013554416556040686,15,0.42435424354243545,0.010638297872340425,-0.05271423366470787,1.0,2.2544587478685467,1.3254461771893278,0.03049086949237728,True,True
0.1,0.4998563663884332,0.2783665537541844,0.3951303764855992,0.2168517383198791,0.09280020081297939,1.3986001887661346,9.082968613495618e-05,15,0.5055350553505535,0.031914893617021274,-0.08356350751500911,1.0,2.3951361498186063,1.2865162183430083,0.017339587870665103,True,True
0.1,0.4656036896778478,0.2778513080048032,0.36598262978928037,0.20174426669689427,0.09268060875894377,1.4427346295901398,6.691147601898664e-05,15,0.5719557195571956,0.06382978723404255,-0.047445588729323855,1.0,2.5062481857237087,1.3362226955350096,0.030742167867314457,True,True
0.1,0.500740757517898,0.2726584779199045,0.39060660290659555,0.18468029618443782,0.10873810492761458,1.5200003167767655,3.956669759518477e-05,15,0.5055350553505535,0.031914893617021274,0.008981139324698508,1.0,2.411293787725131,1.392366429062991,0.02253308761936673,True,True
0.1,0.5061508537004087,0.30507205681026067,0.4279595253747577,0.21096695451454847,0.09521849240027153,1.3762941984590153,0.00010616067990832831,15,0.45387453874538747,0.010638297872340425,-0.03402012862878687,1.0,2.288114037522041,1.3058782849613888,0.026470095493382476,True,True
0.1,0.4719241113040862,0.2795195325597952,0.3726721542856453,0.18935081451076016,0.09439956355897111,1.4310537219363837,7.252048850027498e-05,15,0.5608856088560885,0.06382978723404255,-0.013932235378885523,1.0,2.4792107910052374,1.3769995286010392,0.026051264868487183,True,True
0.1,0.5472450397986632,0.2979091545503213,0.36787235251928724,0.2122206695684664,0.09750229591650998,1.4507794874436615,6.33131223486159e-05,15,0.5645756457564576,0.06382978723404255,-0.038574188526470175,1.0,2.49851074252065,1.3017533221424595,0.026553861618361534,True,True
0.1,0.5225602418937287,0.3013273197646154,0.42901608908191363,0.18171042024190204,0.10783748742328103,1.4548283844897931,6.15790797453411e-05,15,0.45387453874538747,0.010638297872340425,0.03710451056687888,1.0,2.284941721664059,1.402137890131045,0.03007203886748199,True,True
0.1,0.49094507946985255,0.31634296681602536,0.37934135005355113,0.20112694948131438,0.10416114319957136,1.4293567051005496,7.337529830106105e-05,15,0.5424354243542435,0.06382978723404255,0.012703498418673614,1.0,2.453204803664759,1.3382537874915066,0.023873345619031663,True,True
0.1,0.456966229729982,0.3251249441732765,0.41839758444750497,0.21679149767135208,0.10365190888755832,1.3939662769235268,9.381310715352063e-05,15,0.46863468634686345,0.02127659574468085,-0.00855739533868362,1.0,2.3175522340895833,1.2867144216226016,0.036438264365890434,True,True
0.1,0.5286483167851216,0.27177832002909796,0.3758392705169485,0.20837843053317934,0.1089894059407085,1.5319747712694995,3.651318035751684e-05,15,0.5498154981549815,0.06382978723404255,-0.03149713448647753,1.0,2.4667458016514967,1.3143950249859153,0.030574635617356342,True,True
0.1,0.5116588718600255,0.2719947124031505,0.4098724784247851,0.2012157995577248,0.10697619937265085,1.4330252416002192,7.154043517954527e-05,15,0.46863468634686345,0.031914893617021274,-0.02171359103838409,1.0,2.344956544155126,1.337961453710791,0.018177249120455687,True,True
0.1,0.5180567937050581,0.314356077111701,0.43153043625320936,0.20578382653095623,0.09841051842449909,1.3717241488214966,0.00010962135346012147,15,0.44649446494464945,0.010638297872340425,-0.00489293597901687,1.0,2.2774549042539185,1.32293176944437,0.027140224493214946,True,True
0.1,0.4970176414772558,0.27406668995030614,0.41779415937942777,0.19109972223948696,0.10295206587515227,1.422639601353942,7.686326513357383e-05,15,0.46863468634686345,0.02127659574468085,-0.007853408771753199,1.0,2.319455190434717,1.3712452869715788,0.019852571620036858,True,True
0.1,0.47414751827296026,0.3210381687966822,0.3902406925916172,0.20419467376625897,0.09272687405201885,1.3730466589891466,0.00010860797338185184,15,0.5092250922509225,0.031914893617021274,-0.007208502215457181,1.0,2.4126170914302465,1.328160386622962,0.024962305243759423,True,True
0.1,0.517045813546899,0.2931719109757055,0.370471352180923,0.195882355181659,0.10445517690441411,1.4783571895855143,5.2437038273064744e-05,15,0.5645756457564576,0.06382978723404255,0.002731440538080655,1.0,2.487998110734571,1.3555095079351909,0.024543474618864133,True,True
0.1,0.5042272297366404,0.3272085028327678,0.38754976131396146,0.20529891087540617,0.10466094585908761,1.4283042338175829,7.3910715696562e-05,15,0.5202952029520295,0.0425531914893617,0.01688634359189144,1.0,2.422425523518536,1.3245272348918096,0.029318143742670465,True,True
0.1,0.5190096417683095,0.3005358091157193,0.43959599791144294,0.20885084002149884,0.10248384758709808,1.377382054449266,0.00010535378081565431,15,0.42435424354243545,0.010638297872340425,-0.01848584990191851,1.0,2.254016585104461,1.3128407072256414,0.027223990618194003,True,True
0.1,0.4581855584796057,0.28642250164824656,0.41526546982685153,0.1841583437562191,0.10948399432652885,1.4898486327894889,4.8498806156910306e-05,15,0.46863468634686345,0.02127659574468085,0.022055031319567132,1.0,2.3274897919067246,1.3940837525911114,0.02395711174401072,True,True
0.1,0.5100049565188063,0.2837299755989755,0.4127123766426826,0.2177413162116127,0.10960467092074402,1.5023428345108183,4.45656297362018e-05,15,0.46863468634686345,0.02127659574468085,-0.03759492788215842,1.0,2.3357018188087073,1.2835893365795046,0.02571620036857095,True,True
0.1,0.5031912370018901,0.29289877923503826,0.4176748961160466,0.19430510843890203,0.10798241567495025,1.4808201642744254,5.15656865593768e-05,15,0.46863468634686345,0.02127659574468085,0.010266138081558737,1.0,2.3198319488498376,1.3606989520196484,0.0207739989948065,True,True
0.1,0.4652461398184913,0.2733985900162141,0.3832490893020993,0.1890072804769372,0.10550145050713558,1.433558907379876,7.127752997124155e-05,15,0.5202952029520295,0.06382978723404255,-0.000750951914511621,1.0,2.43838742873557,1.3781298214152862,0.022784385994303904,True,True
0.1,0.4528162310494148,0.3075392079980254,0.3798753959119694,0.20084263041444372,0.09026198066564235,1.3779515166195688,0.0001049339397881523,15,0.5424354243542435,0.06382978723404255,-0.01944786948658842,1.0,2.4511618232159527,1.3391892517151267,0.02236555536940861,True,True
0.1,0.4680066569321371,0.27613100871698665,0.41190554899802784,0.19500606930683753,0.10280708528197383,1.423495377560379,7.640944148588167e-05,15,0.46863468634686345,0.02127659574468085,-0.013351005329549609,1.0,2.3383181495550445,1.358392656415458,0.014994136371251465,True,True
0.1,0.5210234182138859,0.29795191004060295,0.43485346387395646,0.18298504402043678,0.0926098159857973,1.3605041913706986,0.00011862479972131862,15,0.44280442804428044,0.010638297872340425,0.018360605302666408,1.0,2.267692953887289,1.397944133600685,0.029820740492544816,True,True
0.1,0.5355937568921405,0.2972517706357217,0.39907197972050534,0.20344371248443088,0.10004784019438924,1.4246854710897334,7.578296656999094e-05,15,0.4907749077490775,0.031914893617021274,-0.014749550274574252,1.0,2.3813564974232895,1.3306311931721184,0.002680515999329871,True,True
0.1,0.48470606897449714,0.2959140195554003,0.42599706986074914,0.21157203556721582,0.10860162967893494,1.5034559368004012,4.4231791007091185e-05,15,0.4575645756457565,0.010638297872340425,-0.017362098435917486,1.0,2.294048037247516,1.303887452326101,0.029234377617691404,True,True
0.1,0.5333583032641277,0.2721743461637119,0.4283209585405991,0.2094306110013852,0.10925249541702065,1.5150298414421675,4.0911576943688105e-05,15,0.45387453874538747,0.010638297872340425,-0.033426907135894794,1.0,2.287027078956827,1.3109331495808227,0.0326687887418328,True,True
0.1,0.5001619033831933,0.276975747632304,0.3713406003082395,0.21697102621036396,0.09230279085582878,1.4310785886948671,7.250804028114034e-05,15,0.5645756457564576,0.06382978723404255,-0.08572067745787466,1.0,2.4845149484567783,1.2861237383201667,0.03300385324174904,True,True
0.1,0.5421597396030393,0.2718102726692341,0.43219905024203026,0.21053124825182962,0.09351938047802777,1.3740577135304801,0.0001078398262245891,15,0.44280442804428044,0.010638297872340425,-0.07477082260003279,1.0,2.2754786754339023,1.307311842074764,0.0306584017423354,True,True
0.1,0.47696684798239625,0.2928934313972028,0.403693803955718,0.18897920270860172,0.09149267972654962,1.3708578894708998,0.00011029045844562187,15,0.4797047970479705,0.031914893617021274,-0.0028760379689684377,1.0,2.365541573154698,1.3782222026545958,0.012983749371754063,True,True
0.1,0.4876039252074862,0.28258211188419236,0.4018133182934378,0.1973337822622181,0.0993257542205153,1.4198658447513712,7.835362125951413e-05,15,0.4870848708487085,0.031914893617021274,-0.017821860771655294,1.0,2.3719323054491652,1.3507340346544137,0.004523370748869157,True,True
0.1,0.4994755186168761,0.2715563923696031,0.40002105633026724,0.18244221475559158,0.1089326892066342,1.5136460972104995,4.129442776117447e-05,15,0.4870848708487085,0.031914893617021274,0.01178780404677593,1.0,2.3780791370926257,1.3997301459226361,0.01809348299547663,True,True
0.1,0.5318821630754204,0.312278645087881,0.43831362604443247,0.18278021128457722,0.10367184400794255,1.3927684704537666,9.460076363146502e-05,15,0.4280442804428044,0.010638297872340425,0.042548697764165304,1.0,2.257685454822281,1.3986180725606423,0.03350644999162339,True,True
0.1,0.4945749694077248,0.2895385783492177,0.3922030890800417,0.1810705313189683,0.10371897547901708,1.4464350631940468,6.52305236496664e-05,15,0.5055350553505535,0.031914893617021274,0.024700453166091894,1.0,2.405549031802737,1.404243247330911,0.014659071871335232,True,True
0.1,0.49819852116831465,0.29311748757063155,0.39762973279778063,0.19844200630906297,0.09146465888633332,1.3898268499880664,9.656448852117625e-05,15,0.4944649446494465,0.031914893617021274,-0.025510517458397153,1.0,2.386366829884036,1.347087765134085,0.008962975372759256,True,True
0.1,0.49596206429767076,0.29547230633559035,0.4336288545527639,0.21224189490059742,0.10783462438816005,1.4517588904225174,6.288904767239408e-05,15,0.44280442804428044,0.010638297872340425,-0.020220121206587113,1.0,2.271273039925017,1.301683486731625,0.031998659742000335,True,True
0.1,0.4803124313170072,0.3202323694744977,0.3784211296704826,0.20046502008620415,0.0958152945118652,1.4011779742930752,8.921299426019853e-05,15,0.5461254612546126,0.06382978723404255,0.005442105147499823,1.0,2.4567386144809515,1.3404316620691894,0.02554866811861283,True,True
0.1,0.5055881736910024,0.292966569530717,0.3638814256874066,0.2088820621120743,0.0987982870394076,1.4714275605606397,5.4972104783638785e-05,15,0.5756457564575646,0.06382978723404255,-0.03331871883051781,1.0,2.5149458950401535,1.31273798056351,0.027726587368068354,True,True
0.1,0.4910570122039048,0.29865286685080866,0.37016917342544853,0.19833101746285242,0.09858366063826415,1.4535808115026077,6.210803710140937e-05,15,0.5645756457564576,0.06382978723404255,-0.005916892256489113,1.0,2.489212802420238,1.3474529397106392,0.019349974870162507,True,True
0.1,0.4555512056173712,0.2913566929807045,0.3849120111408115,0.1950261696585971,0.10213879960527938,1.4084336431516964,8.482148072465243e-05,15,0.5202952029520295,0.06382978723404255,-0.00024829474883753764,1.0,2.4321732140617165,1.3583265224056633,0.014156475121460881,True,True
0.1,0.5302159103760619,0.27373983450207723,0.40254417001190995,0.18257537489093345,0.09695897753476597,1.4052748299541495,8.670500553581553e-05,15,0.4833948339483395,0.031914893617021274,-0.00025975156648319164,1.0,2.369441450636797,1.3992920235554107,0.012648684871837828,True,True
0.1,0.5185507082107655,0.3040716998597112,0.40243411478556557,0.19907733469177635,0.09328206431036967,1.3747466572157758,0.00010731964314008795,15,0.4833948339483395,0.031914893617021274,-0.010825024274689192,1.0,2.369815957129358,1.3449974129856337,0.008376612497905847,True,True
0.1,0.46693860265305015,0.3107814243872143,0.39928187506155277,0.208572895320506,0.10862034253781727,1.5035676940480818,4.419841780139413e-05,15,0.4907749077490775,0.031914893617021274,0.001528284996382947,1.0,2.380630343016481,1.3137551985637896,0.019433740995141564,True,True
0.1,0.5066318105316121,0.2878424875980372,0.38531545541413387,0.19279464402574142,0.09802755046026483,1.3917885260119593,9.525027938661235e-05,15,0.5202952029520295,0.06382978723404255,-0.0056425222237004476,1.0,2.43067365811736,1.3656686694399922,0.013486346121628414,True,True
0.1,0.49104831080414296,0.32344630888741743,0.36143936117287256,0.2088853448216499,0.09505345130950921,1.4500090339931888,6.364882029376579e-05,15,0.5756457564575646,0.06382978723404255,-0.011922443310979318,1.0,2.4587251186593493,1.3127271798198303,0.04104540123973865,True,True
0.1,0.5344032922512221,0.28682761303159504,0.37621367413448836,0.1859289378942598,0.10063873590633088,1.4444778709910262,6.611403297541789e-05,15,0.5498154981549815,0.06382978723404255,0.009881911674439898,1.0,2.4652861127249492,1.3882581585185128,0.020103869994974034,True,True
0.1,0.5195873380742408,0.2758040584589671,0.4207274593259389,0.20428101966510168,0.09607805852635735,1.3908107375498597,9.590299659443152e-05,15,0.4575645756457565,0.02127659574468085,-0.047894118229004336,1.0,2.3102559861666454,1.3278762920664038,0.021025297369743675,True,True
0.1,0.4925623633473988,0.30829905961409204,0.4344989637626873,0.20340928466025565,0.10527294313216905,1.418149853322241,7.929069109259226e-05,15,0.44280442804428044,0.010638297872340425,0.004649817401237955,1.0,2.2687272424142773,1.3307444673122157,0.028731780867817056,True,True
0.1,0.4578231078701801,0.2849854950050924,0.3846181043539559,0.2102727728424117,0.10544130589946828,1.4268684166734515,7.464772957176619e-05,15,0.5202952029520295,0.06382978723404255,-0.03018288327290143,1.0,2.4332676124345456,1.3081622757120763,0.020103869994974034,True,True
0.1,0.5155542102365193,0.2740018908381342,0.3991332861285356,0.21840010937238438,0.10119858457897946,1.4421467536934283,6.718265654675631e-05,15,0.4907749077490775,0.031914893617021274,-0.06734423584720516,1.0,2.3811443226736273,1.2814217808138975,0.012229854246942536,True,True
0.1,0.5286209249141983,0.31324714652859725,0.43477728338402105,0.18144038780958274,0.09903296829856975,1.389509191078957,9.677907174564945e-05,15,0.44280442804428044,0.010638297872340425,0.04283568540291934,1.0,2.267915075589608,1.4030263485887633,0.029318143742670465,True,True
0.1,0.4681840271249791,0.32158768235866797,0.4163624709458284,0.20054998239796445,0.10938360844345806,1.4688119029662883,5.596198291428505e-05,15,0.46863468634686345,0.02127659574468085,0.025912079254725863,1.0,2.3239922197459966,1.3401521197793156,0.029234377617691404,True,True
0.1,0.52405271938679,0.2805780445435275,0.41158598581814554,0.2069283983780269,0.09039451609416888,1.3596785837418266,0.00011931698959253902,15,0.46863468634686345,0.02127659574468085,-0.06425412863896669,1.0,2.3393572451955724,1.3191659086947483,0.019266208745183446,True,True
0.1,0.4521917540474452,0.3249894995222436,0.3832663682340286,0.2115763349173122,0.10809532678087004,1.456095222301184,6.104676434287225e-05,15,0.5202952029520295,0.06382978723404255,0.007692940020751089,1.0,2.438322581411283,1.303873306640255,0.036940861115764785,True,True
0.1,0.5274439477623482,0.29993176608618355,0.3776618194517703,0.19074517135378463,0.10289829854694693,1.4407357566292518,6.78382232794703e-05,15,0.5461254612546126,0.06382978723404255,0.015815064298795915,1.0,2.4596674689719187,1.3724118273400383,0.018679845870330038,True,True
0.1,0.4840553966725408,0.30664955423040235,0.39694982850794935,0.20722722862789086,0.09459249815450643,1.402770888725302,8.822898970180948e-05,15,0.4981549815498155,0.031914893617021274,-0.02439861939767085,1.0,2.388741429108479,1.3181826998978146,0.013151281621712179,True,True
0.1,0.4548762420391855,0.2880339429099761,0.4382135028671285,0.20515654142312634,0.09153966672013676,1.3367878784890854,0.0001402794909801381,15,0.4280442804428044,0.010638297872340425,-0.048685487591507114,1.0,2.2579728112432083,1.3249956576768516,0.030742167867314457,True,True
0.1,0.5316055536651456,0.2944252077766444,0.42034264640312263,0.20347047986833033,0.10335016337904689,1.4186055655300978,7.904070166737617e-05,15,0.4575645756457565,0.02127659574468085,-0.01154711081944644,1.0,2.311455491950769,1.3305431233487561,0.01792595074551851,True,True
0.1,0.4938687205124535,0.3077055856445021,0.3990771860075892,0.21951332660070652,0.09199287222730038,1.3828321607230465,0.00010140628951858715,15,0.4907749077490775,0.031914893617021274,-0.06029479075423613,1.0,2.3813384765021675,1.2777590827694976,0.020438934494890267,True,True
0.1,0.4518115317620071,0.32689683522202706,0.43673299495963935,0.18821994040089762,0.09662457412728298,1.3586787131315534,0.00012016091035759,15,0.4354243542435424,0.010638297872340425,0.041388727926591505,1.0,2.262237290263448,1.3807203211698889,0.036019433740995144,True,True
0.1,0.4944541730453683,0.2749350948079043,0.3624832898716122,0.19322444052894286,0.09246870584874861,1.4499068871683494,6.369346644844751e-05,15,0.5756457564575646,0.06382978723404255,-0.031074207395650293,1.0,2.5207891991979716,1.364254556568115,0.03451164349137209,True,True
0.1,0.48338129172022753,0.3162560948714318,0.3630384977495056,0.20558063240475924,0.10870514899545579,1.545785992951307,3.329508181828437e-05,15,0.5756457564575646,0.06382978723404255,0.009616481685200025,1.0,2.487362309795613,1.3236003170644757,0.039202546490199365,True,True
0.1,0.4610011536801151,0.3215491295729101,0.3663768250032204,0.18272365815020086,0.0940841907781711,1.4402732820636541,6.805454420200113e-05,15,0.5719557195571956,0.06382978723404255,0.038650186940815574,1.0,2.4661735632939896,1.3988041432119178,0.0371083933657229,True,True
0.1,0.5310346001029886,0.2769297410820853,0.4208154133255995,0.20772086083322983,0.09802418887385812,1.4002163140807748,8.981257758137769e-05,15,0.4575645756457565,0.02127659574468085,-0.0496697403534845,1.0,2.3099821315241744,1.3165585553309245,0.019349974870162507,True,True
0.1,0.5341715533803262,0.291772945576703,0.3820174032474858,0.21565233118623017,0.10616945717900315,1.4304029869017867,7.284703798952234e-05,15,0.5239852398523985,0.06382978723404255,-0.03264057019307289,1.0,2.4430250230494526,1.2904624976954011,0.024543474618864133,True,True
0.1,0.49110132066291146,0.2860290718624978,0.3665594444935396,0.18108758482508724,0.10795354012506292,1.5122639853160387,4.168056884053733e-05,15,0.5719557195571956,0.06382978723404255,0.0234799146754208,1.0,2.503877966882425,1.4041871380272433,0.035098006366225495,True,True
0.1,0.491791630507981,0.29659875642833133,0.4095490925761793,0.19117123561924895,0.09550118124463176,1.3626833493916397,0.00011681778198999061,15,0.46863468634686345,0.031914893617021274,0.0033055281026175476,1.0,2.3460185411690455,1.3710099942456502,0.012146088121963479,True,True
0.1,0.4547571143591168,0.31769402543740566,0.37891856883762914,0.21319648787540843,0.10068275612102362,1.4215442601466546,7.74482358734869e-05,15,0.5461254612546126,0.06382978723404255,-0.015520773277522945,1.0,2.454826227750049,1.2985426928837718,0.028061651867984587,True,True
0.1,0.4962257457724995,0.2706138203034122,0.41690994797335956,0.19416232223588792,0.1088685393533364,1.4988308529574914,4.563630927003283e-05,15,0.46863468634686345,0.02127659574468085,-0.007776915264713143,1.0,2.3222535821134223,1.3611687459944823,0.024543474618864133,True,True
0.1,0.5280261858163244,0.275981495089995,0.42893429920280435,0.2096773503301651,0.10085802942117172,1.4186528680178192,7.901480011972552e-05,15,0.45387453874538747,0.010638297872340425,-0.04842098854073182,1.0,2.285186736409377,1.3101213298981893,0.02404087786898978,True,True
0.1,0.5476276308026227,0.3211070455005517,0.40785240672096973,0.2002680928643127,0.10056120920062611,1.3788865410617595,0.00010424835802254272,15,0.47232472324723246,0.031914893617021274,0.016273834629417443,1.0,2.351618043788173,1.3410795903729922,0.015999329871000167,True,True
0.1,0.5044896003268063,0.28787003983771337,0.36791245170130277,0.2129478431993469,0.09565421961339787,1.4448857100549872,6.592890311219788e-05,15,0.5645756457564576,0.06382978723404255,-0.055083333207635365,1.0,2.498347418189715,1.2993607815241477,0.029736974367565755,True,True
0.1,0.484916486743535,0.30285570592021505,0.3844831647226254,0.19447545933759214,0.09817250937209032,1.386182721592857,9.90562070526724e-05,15,0.5202952029520295,0.06382978723404255,0.005847641982232956,1.0,2.433770637328651,1.3601384649128918,0.012732450996816887,True,True
0.1,0.5191572445270686,0.29279178044668014,0.3947819217292102,0.1829685113166647,0.09114980769164577,1.3864183479334278,9.889308770848127e-05,15,0.5055350553505535,0.031914893617021274,0.010094020736258157,1.0,2.3963675684840946,1.3979985293648127,0.015161668621209583,True,True
0.1,0.5321631466042398,0.28416590430154703,0.4175565490628995,0.1977886867218993,0.09959003768305236,1.3989610779125163,9.060152459573135e-05,15,0.46863468634686345,0.02127659574468085,-0.016904292483006976,1.0,2.3202060256596644,1.3492373117934366,0.013235047746691238,True,True
0.1,0.49609865724372326,0.295725851205632,0.383762881668551,0.18490454772848114,0.10891379266909702,1.4752434388490199,5.356068887242527e-05,15,0.5202952029520295,0.06382978723404255,0.027428594948254392,1.0,2.4364616758392206,1.3916285985022303,0.02345451499413637,True,True
0.1,0.462195734731699,0.32175200636099066,0.4225625061003226,0.20763089340121654,0.09209156124776154,1.3597055991763765,0.0001192942734790977,15,0.4575645756457565,0.010638297872340425,-0.015171818722981735,1.0,2.304565985311574,1.31685456542573,0.03342268386664433,True,True
0.1,0.4870083524807952,0.2877841035797699,0.387873232676025,0.21452044952599106,0.10531781790972494,1.469287007453161,5.578080870314338e-05,15,0.5202952029520295,0.031914893617021274,-0.03636651101051062,1.0,2.4212392753251457,1.2941866052981004,0.019768805495057797,True,True
0.1,0.4770957954514049,0.31536622015760446,0.4006652521660423,0.1948266748138305,0.10058544516096868,1.4101921639138726,8.379144093906953e-05,15,0.4870848708487085,0.031914893617021274,0.02121644685548256,1.0,2.375863439982172,1.3589828986808454,0.011057128497235717,True,True
0.1,0.507635818934996,0.27187231987511934,0.4385339642316572,0.19668517572840963,0.10342366218079534,1.4092410159674174,8.434693961746577e-05,15,0.4280442804428044,0.010638297872340425,-0.02012248454575027,1.0,2.2570535399517877,1.3528680744649062,0.02948567599262858,True,True
0.1,0.48606898961114436,0.2809892839977675,0.3978233002165143,0.18417425390037906,0.10865795019867447,1.5195536454969938,3.968564179344114e-05,15,0.4944649446494465,0.031914893617021274,0.016885465129274496,1.0,2.385692270479062,1.3940314051674296,0.01591556374602111,True,True
0.1,0.47283082517594277,0.283090172176241,0.406049332255362,0.21821486170524815,0.09667898865987128,1.3894123270335528,9.684460357269514e-05,15,0.47601476014760147,0.031914893617021274,-0.07065340347430298,1.0,2.3576199450066104,1.2820312811440102,0.015161668621209583,True,True
0.1,0.514156655798975,0.32739907474558844,0.391592795453944,0.20558604380282977,0.10610106294503596,1.4337430891050011,7.118702874411274e-05,15,0.5055350553505535,0.031914893617021274,0.01829084295159717,1.0,2.4077395665246097,1.3235825125276555,0.029150611492712347,True,True
0.1,0.5222063778000202,0.2829868279233136,0.40623316151469374,0.18986246213462932,0.09453947126990417,1.3784593040038988,0.00010456103787595373,15,0.47601476014760147,0.031914893617021274,-0.010211124109783871,1.0,2.3570055927267175,1.375316109854285,0.013067515496733122,True,True
0.1,0.48128386445796295,0.3085946235120363,0.3912796501152571,0.205644576527522,0.10672245111005117,1.4480176212779718,6.452514261605298e-05,15,0.5055350553505535,0.031914893617021274,0.001801438139656716,1.0,2.408866195735233,1.3233899286448254,0.0187636119953091,True,True
0.1,0.5200562166980425,0.3089157259019957,0.4175340218359622,0.19256693389779475,0.09765899957614874,1.3766293053340752,0.0001059114366457875,15,0.46863468634686345,0.02127659574468085,0.01608171588909184,1.0,2.320277254779182,1.3664178794046795,0.017842184620539454,True,True
0.1,0.5464216978400757,0.2714472796884474,0.38564778516635956,0.18035447416347422,0.10101399289622857,1.4136395517607478,8.18098109633945e-05,15,0.5202952029520295,0.06382978723404255,0.006912122570810253,1.0,2.429440783352857,1.4065992126145779,0.01859607974535098,True,True
0.1,0.5065310493227493,0.29340010961268786,0.3891515664842712,0.2152942016325209,0.10249527451680077,1.4408330283236868,6.779281615689927e-05,15,0.5129151291512916,0.031914893617021274,-0.03891115741403038,1.0,2.416570610538134,1.2916408125675036,0.016920757245769812,True,True
0.1,0.5149641853076615,0.27972964391133714,0.38743503076383345,0.18272214862267275,0.09485968550912022,1.4087227771675535,8.465122045465866e-05,15,0.5202952029520295,0.0425531914893617,0.001764805131302457,1.0,2.4228467442390986,1.3988091098468067,0.018261015245434747,True,True
0.1,0.4810876033809946,0.32306467814393464,0.3638142749152436,0.19245504462060947,0.10296763547886184,1.4788840914951087,5.224934601005071e-05,15,0.5756457564575646,0.06382978723404255,0.031606083571740586,1.0,2.4602173380630745,1.3667860165717205,0.03526553861618362,True,True
0.1,0.5050146546553717,0.3019515989020624,0.41109963685284534,0.1834255936289144,0.09471342743164168,1.3701459805716254,0.00011084352313922246,15,0.46863468634686345,0.02127659574468085,0.02387590116685469,1.0,2.3409417637695973,1.3964946409514702,0.016166862120958286,True,True
0.1,0.490583489127199,0.2708807015878088,0.4351195965444271,0.19842623811076898,0.09010126090394464,1.3539275964034612,0.0001242566708659956,15,0.44280442804428044,0.010638297872340425,-0.05571516865096995,1.0,2.2669175934718213,1.3471396455286617,0.031496062992125984,True,True
0.1,0.5201685981609762,0.294421121323462,0.41171720580156856,0.21353836929127465,0.09853237657985513,1.3917852243067734,9.525247561934549e-05,15,0.46863468634686345,0.02127659574468085,-0.043239370263423615,1.0,2.3389303734665416,1.2974178374993492,0.01524543474618864,True,True
0.1,0.4675264864453934,0.3033828478908777,0.3837607607162863,0.21326687448949203,0.0953673539135888,1.3738722813240924,0.00010798028349529266,15,0.5202952029520295,0.06382978723404255,-0.04075258696691696,1.0,2.4364696148130722,1.2983111074328848,0.0207739989948065,True,True
0.1,0.4830243162748075,0.3254576712940735,0.37123900064134524,0.21388899680174278,0.10379178398295452,1.4618406305299794,5.869219886324814e-05,15,0.5645756457564576,0.06382978723404255,-0.003745724275471385,1.0,2.4509105896467878,1.2962642057873786,0.04020773998994807,True,True
0.1,0.536792359813528,0.3054267651116087,0.3663007936541921,0.2182670388395041,0.09114580779759396,1.4319013502949667,7.209742272489906e-05,15,0.5719557195571956,0.06382978723404255,-0.06190899321457214,1.0,2.5049398791281776,1.281859608371851,0.037359691740660075,True,True
0.1,0.5351079025778682,0.27846348577210467,0.41315576799452425,0.19385052707580652,0.09206768643236653,1.3664812227232508,0.0001137366032408452,15,0.46863468634686345,0.02127659574468085,-0.029794985319750143,1.0,2.3342683675997993,1.3621946118309327,0.01859607974535098,True,True
0.1,0.5065121083236023,0.29636160122175864,0.43967286837412,0.18036210406212877,0.0901463067980372,1.3194492873897081,0.00015868488091360554,15,0.42435424354243545,0.010638297872340425,0.018844028349203654,1.0,2.2537973383825554,1.4065741087856305,0.03342268386664433,True,True
0.1,0.4963652655206146,0.32654427411514153,0.4105539598304344,0.18113062964298793,0.10061257709161486,1.386922749328024,9.85448403774417e-05,15,0.46863468634686345,0.02127659574468085,0.05482425951766286,1.0,2.342724041327418,1.4040455123262252,0.024794772993801308,True,True
0.1,0.5452220575554168,0.2904490727795799,0.3897529308097438,0.18009183671056636,0.10143277187872479,1.4367777026602826,6.971304717129674e-05,15,0.5129151291512916,0.031914893617021274,0.024956525145888555,1.0,2.4143849309386995,1.4074633401726842,0.013988942871502765,True,True
0.1,0.5456484460375626,0.3152387275545467,0.4232287792277301,0.18081637501660616,0.10486590448716465,1.42918687566225,7.346142016010267e-05,15,0.4575645756457565,0.010638297872340425,0.047909494280093876,1.0,2.302512256213735,1.405079470278194,0.029234377617691404,True,True
0.1,0.46903126142197815,0.28222566312618313,0.4127195083083026,0.18705457958599256,0.09754404938458251,1.3914580005964288,9.547040057253897e-05,15,0.46863468634686345,0.02127659574468085,0.00026857281289467726,1.0,2.3356787382938586,1.3845545816081744,0.01474283799631429,True,True
0.1,0.5382223893529158,0.3248559979764531,0.3958151345650164,0.20285425751949396,0.10680007888845869,1.4373424682438423,6.944226000460482e-05,15,0.5055350553505535,0.031914893617021274,0.02222273416239904,1.0,2.3927225716932394,1.3325706129838208,0.024208410118947896,True,True
0.1,0.4990418246349999,0.32564359071402993,0.4258732374053029,0.1925168980688544,0.09983312527850657,1.3955359727366914,9.279123071474204e-05,15,0.4575645756457565,0.010638297872340425,0.03498033234458598,1.0,2.294424311527849,1.3665825068719402,0.028564248617858938,True,True
0.1,0.475715116086745,0.30930773158188307,0.39220740553627403,0.2028586959373826,0.09487260834444797,1.3953366758303196,9.292032841994496e-05,15,0.5055350553505535,0.031914893617021274,-0.011448648129521052,1.0,2.405533562969685,1.3325560097382843,0.014575305746356173,True,True
0.1,0.5155777045070937,0.3212190324499978,0.40835144419387304,0.21406013758495238,0.10527620738647453,1.391365464707819,9.553212190404263e-05,15,0.46863468634686345,0.031914893617021274,-0.004092215984723656,1.0,2.349966260593836,1.2957011198091606,0.028564248617858938,True,True
0.1,0.4847472813014587,0.32430750075166903,0.40270881776716094,0.18776073579539176,0.09837647319901745,1.38776663623745,9.796505899362552e-05,15,0.4797047970479705,0.031914893617021274,0.04009214824388471,1.0,2.368881553632194,1.3822311923348103,0.018679845870330038,True,True
0.1,0.5258456582070766,0.28778123737505623,0.3955465866986129,0.2095057713723358,0.09189609213601942,1.3910782293918291,9.572397236811775e-05,15,0.5055350553505535,0.031914893617021274,-0.05749930551777095,1.0,2.3936681307947394,1.3106858575548883,0.013570112246607473,True,True
0.1,0.5128311981169118,0.320224086527369,0.3908056019293724,0.18870510660544032,0.09234389110301028,1.3816466722662772,0.0001022516310589763,15,0.5055350553505535,0.031914893617021274,0.026088966527617902,1.0,2.4105751540023235,1.3791240313682427,0.024543474618864133,True,True
0.1,0.5007541369654266,0.3065047541509995,0.37043544881353613,0.2146874375039087,0.09975995326795123,1.4550947103288265,6.14667708334922e-05,15,0.5645756457564576,0.06382978723404255,-0.03148123324666621,1.0,2.488142330579113,1.2936371828452344,0.02797788574300553,True,True
0.1,0.4719959272554071,0.31432052664972043,0.41112380277178523,0.19544982296604382,0.0915066576340612,1.3489152845232986,0.00012873528613469387,15,0.46863468634686345,0.02127659574468085,0.004951122799941611,1.0,2.3408629430111105,1.356932621825246,0.021527894119618026,True,True
0.1,0.5100999701401235,0.2827389299708358,0.4362949745806513,0.1849959155314489,0.0939841787945407,1.3589908803428465,0.00011989676731251713,15,0.4354243542435424,0.010638297872340425,-0.0006914298019141774,1.0,2.263504519290749,1.3913279809185846,0.030407103367398224,True,True
0.1,0.5414486699021889,0.3203120910694763,0.388100934478293,0.18846788888669308,0.09370093011029768,1.3957776943599163,9.263490240689463e-05,15,0.5166051660516605,0.031914893617021274,0.028740740688349007,1.0,2.4204054233147643,1.3799045231289226,0.024711006868822247,True,True
0.1,0.4592709702159818,0.3023094092633429,0.4106108370435975,0.19378036683550365,0.09993476037727313,1.3944083951006678,9.352410662377792e-05,15,0.46863468634686345,0.02127659574468085,0.010100714164633689,1.0,2.3425380491552,1.3624254524686932,0.008879209247780198,True,True
0.1,0.532404874352416,0.32938507251772753,0.3977791007991045,0.18551575424774158,0.09379728376146622,1.3871948039197053,9.835753959191978e-05,15,0.4944649446494465,0.031914893617021274,0.04420586215863305,1.0,2.3858462423467177,1.3896176119078225,0.02512983749371754,True,True
0.1,0.4582404640850035,0.27356185102541986,0.3771980402336605,0.2196075029110831,0.10009217289600458,1.4397706590313366,6.829046074996518e-05,15,0.5461254612546126,0.06382978723404255,-0.07279346119842837,1.0,2.4614621851826413,1.2774492246581879,0.024878539118780366,True,True
0.1,0.46662928199972464,0.2734160857237685,0.3610432278586694,0.21882803432438705,0.0981508049772266,1.4752937913816548,5.354231958958295e-05,15,0.5756457564575646,0.06382978723404255,-0.07523017672445916,1.0,2.526855040034947,1.2800138257041724,0.035600603116099847,True,True
0.1,0.454340051730038,0.27407273699088336,0.3768973338815625,0.2145905662916241,0.1048246670737843,1.460967951411484,5.9043640675721605e-05,15,0.5461254612546126,0.06382978723404255,-0.04969308455169494,1.0,2.4626282081892503,1.2939559077003358,0.027726587368068354,True,True
0.1,0.5394820949870862,0.2829912786085526,0.37965092261992006,0.21103287341982835,0.10087550758565574,1.4324825770347251,7.180881095091733e-05,15,0.5424354243542435,0.06382978723404255,-0.04336761751798108,1.0,2.452019840548047,1.3056613991287633,0.018679845870330038,True,True
0.1,0.4954478204605854,0.30695161204779636,0.4045877186030715,0.19796622758759416,0.1055365910561874,1.428255748293419,7.393547940785032e-05,15,0.4797047970479705,0.031914893617021274,0.013386119514775377,1.0,2.362524483021493,1.3486531683171794,0.011894789747026303,True,True
0.1,0.4653207393523447,0.3280240497994459,0.36649542194615986,0.20242587265580855,0.09945701007708822,1.4552215085858093,6.141337549148845e-05,15,0.5719557195571956,0.06382978723404255,0.013787014564551411,1.0,2.441060460395852,1.3339800812911307,0.0340928128664768,True,True
0.1,0.5083514017402923,0.3052337768816101,0.4340542693296035,0.21333970281191778,0.10119462531870822,1.3987609632628135,9.072796734890939e-05,15,0.44280442804428044,0.010638297872340425,-0.025913497167645752,1.0,2.270027070527188,1.2980714882935658,0.027642821243089293,True,True
0.1,0.5280786104383152,0.314176294815549,0.4335410749471841,0.20083365939422695,0.10558147860654202,1.4180755425027096,7.933153377817527e-05,15,0.44280442804428044,0.010638297872340425,0.015457252223208229,1.0,2.2715304361729793,1.3392187680910579,0.02998827274250293,True,True
0.1,0.47603279523964287,0.31098079937985235,0.4391910802166454,0.19425065546256826,0.1080942990957286,1.457667254185868,6.039288002904051e-05,15,0.4280442804428044,0.010638297872340425,0.026562269726845066,1.0,2.2551727413374785,1.36087811274844,0.034176578991455854,True,True
0.1,0.466127160718089,0.29047341785190806,0.4066623433933283,0.1956766780588063,0.09623830912277649,1.3832928436840013,0.00010107975429390995,15,0.47601476014760147,0.031914893617021274,-0.012005338751525192,1.0,2.355573440920518,1.3561862250901937,0.009884402747528899,True,True
0.1,0.5203237525670339,0.2794948851385224,0.39797524011519125,0.21050683868320716,0.09109782529613483,1.3933497860166035,9.421764404256167e-05,15,0.4944649446494465,0.031914893617021274,-0.07225818130061827,1.0,2.3851632377103074,1.307392154233958,0.013905176746523706,True,True
0.1,0.5194727048146425,0.2872780315387194,0.421800810728503,0.19338303784457175,0.0952006870194461,1.3798828635257896,0.00010352296017426643,15,0.4575645756457565,0.02127659574468085,-0.012264395767720317,1.0,2.306921793664642,1.3637327410023636,0.019936337745015915,True,True
0.1,0.5286154636721352,0.28838672921759606,0.3910067792318562,0.2180041074144816,0.10796069489555825,1.5167302861458127,4.0446180232227606e-05,15,0.5055350553505535,0.031914893617021274,-0.0375152337222331,1.0,2.4098493975205812,1.282724703154558,0.022114256994471435,True,True
0.1,0.4704152517969391,0.3188430015193951,0.4289406903639245,0.1942956613615217,0.09133003480526442,1.3534555697722632,0.00012467144052652688,15,0.45387453874538747,0.010638297872340425,0.01261123522820798,1.0,2.285167587292293,1.3607300347148905,0.032082425866979396,True,True
0.1,0.46501519156635857,0.3010260340198095,0.4330704511451582,0.19545758791614987,0.10538671197070056,1.4246383684069177,7.580765972925114e-05,15,0.44280442804428044,0.010638297872340425,0.013008099878970987,1.0,2.2729122263336357,1.3569070736511388,0.024459708493885072,True,True
0.1,0.4622822290013663,0.2739287016046514,0.40453363815986754,0.20176324808417273,0.09360660273082029,1.3881278885037742,9.771795218043972e-05,15,0.4797047970479705,0.031914893617021274,-0.04979579725628759,1.0,2.3627066333322886,1.3361602431328223,0.012983749371754063,True,True
0.1,0.5432179626087561,0.3018048172389839,0.4397559285013808,0.21643468855334685,0.09581729361895361,1.3425230661824286,0.00013469158679819143,15,0.42435424354243545,0.010638297872340425,-0.04953787147548188,1.0,2.2535605239140386,1.2878883920081585,0.03216619199195845,True,True
0.1,0.5366319935121633,0.2892761068442939,0.4013153527957992,0.2118714202823637,0.10199822614670984,1.4299391771954586,7.308072110710324e-05,15,0.4870848708487085,0.031914893617021274,-0.03659172528753807,1.0,2.3736346448898322,1.3029024192321126,0.00929803987267549,True,True
0.1,0.5298368876613668,0.28264294886727265,0.39864376252873807,0.1936900579891296,0.10468939348365898,1.4547234938282996,6.162337063959158e-05,15,0.4907749077490775,0.031914893617021274,-0.00209981440566733,1.0,2.3828403299970238,1.3627225858821825,0.008795443122801139,True,True
0.1,0.46192747282480917,0.3130872885346562,0.4011473791482873,0.21484865772413722,0.09194438366203474,1.3716108063380545,0.00010970865927951591,15,0.4870848708487085,0.031914893617021274,-0.04318464776535885,1.0,2.3742098310524358,1.2931067374206349,0.02253308761936673,True,True
0.1,0.45546199714637803,0.30582141019208064,0.4221700662865012,0.20785295503420712,0.09657267519484354,1.3774380458190627,0.00010531242328509393,15,0.4575645756457565,0.02127659574468085,-0.022536740246773615,1.0,2.3057786805575837,1.316123940092059,0.021527894119618026,True,True
0.1,0.4855952918507963,0.2722090195038602,0.3616948455254574,0.19892342142625116,0.10836094574277655,1.5603379797939556,3.022371610727094e-05,15,0.5756457564575646,0.06382978723404255,-0.014671602199106225,1.0,2.5241043076675407,1.3455038171287819,0.036940861115764785,True,True
0.1,0.5170144078197694,0.31766659845565526,0.3910063285786314,0.2120910120784072,0.10807090386272192,1.494328606628344,4.704835623504838e-05,15,0.5055350553505535,0.031914893617021274,-0.00014284521014184894,1.0,2.4098510224384686,1.3021799201353756,0.028648014742837995,True,True
0.1,0.4547078016517046,0.2880547279028047,0.4123013318230599,0.19850070425383187,0.10391667764392959,1.4209553512124748,7.776466162544217e-05,15,0.46863468634686345,0.02127659574468085,-0.006999286025803382,1.0,2.337033449998823,1.3468946376455357,0.013318813871670297,True,True
0.1,0.4982634745906936,0.2766623325565733,0.3927280249004757,0.20466571395917377,0.10585225098051854,1.4636867597132208,5.795591150861242e-05,15,0.5055350553505535,0.031914893617021274,-0.026390811560007842,1.0,2.403670319341724,1.3266105741070138,0.0153292008711677,True,True
0.1,0.4859426404493157,0.30659718741795605,0.3863905819620787,0.21897111855317403,0.10328359514941539,1.4345346356633242,7.079944947929216e-05,15,0.5202952029520295,0.0425531914893617,-0.03268383691031319,1.0,2.426692828089162,1.279543051167425,0.02353828111911543,True,True
0.1,0.5355596050136555,0.2920464084439241,0.4240404736935662,0.18473402177733114,0.10261929969088167,1.4252093358994944,7.550889983147114e-05,15,0.4575645756457565,0.010638297872340425,0.020708407043217143,1.0,2.3000189989525976,1.3921896615651312,0.022114256994471435,True,True
0.1,0.5375730347578539,0.29535941767862733,0.3668054078342434,0.2172187306553941,0.10616662197706234,1.4939098230396177,4.718200137171147e-05,15,0.5719557195571956,0.06382978723404255,-0.03241300343226024,1.0,2.502869533416492,1.2853087432200923,0.03484670799128832,True,True
0.1,0.5366616103807308,0.3285918060052924,0.3713067250467712,0.19286421810784035,0.0958104455567339,1.4322080716130863,7.194496787037011e-05,15,0.5645756457564576,0.06382978723404255,0.028500639655191895,1.0,2.4388993702549353,1.3654397573750678,0.034260345116434915,True,True
0.1,0.5254880308638057,0.29342206977975455,0.3924796425886661,0.1837032009056634,0.09270264459375957,1.394461929568523,9.348917560427656e-05,15,0.5055350553505535,0.031914893617021274,0.010779788556437268,1.0,2.404558637718283,1.3955812598037562,0.015077902496230524,True,True
0.1,0.5171765905425721,0.27499601242678173,0.42694526321516124,0.20056493529999866,0.1076377653691278,1.4715861242713035,5.4912688405017505e-05,15,0.4575645756457565,0.010638297872340425,-0.017223127057736837,1.0,2.291174114393874,1.340102921865696,0.027642821243089293,True,True
0.1,0.472639693413873,0.2875793068224562,0.38439772838847774,0.20387911484578464,0.10651862878714041,1.4302122423787642,7.294304708409529e-05,15,0.5202952029520295,0.06382978723404255,-0.013680350026599852,1.0,2.43408930754498,1.329198635952481,0.01951750712012062,True,True
0.1,0.46148319974696317,0.30011222645205615,0.3646881425068287,0.21361821426538136,0.0914040979600424,1.4416135324686383,6.742961731637584e-05,15,0.5756457564575646,0.06382978723404255,-0.055273678130300326,1.0,2.511594724021424,1.2971551322311632,0.03400904674149774,True,True
0.1,0.4557606433022194,0.2707845100429586,0.3727137791996019,0.18371356833262195,0.10795415041991019,1.4955050401945802,4.6675037317384584e-05,15,0.5571955719557196,0.06382978723404255,0.007840942146701021,1.0,2.4790455917951855,1.3955471489820042,0.03233372424191657,True,True
0.1,0.5030615302566896,0.2882561386786504,0.429671135380574,0.18698419908072847,0.0983016716321485,1.3931311073369508,9.43615756029728e-05,15,0.45018450184501846,0.010638297872340425,0.007483484649851482,1.0,2.282982790170965,1.3847861469598741,0.02303568436924108,True,True
0.1,0.47752698613564226,0.3053856066380407,0.39503945896992454,0.18875648391149724,0.09618363640925219,1.4034197619457585,8.783140333063601e-05,15,0.5055350553505535,0.031914893617021274,0.017892522815489503,1.0,2.3954572375223515,1.3789549901841558,0.011140894622214776,True,True
0.1,0.5098243951489588,0.29654042975528083,0.39121088570380264,0.1800462380669694,0.09305995076865153,1.39598701373774,9.249975120470216e-05,15,0.5055350553505535,0.031914893617021274,0.0218201648015831,1.0,2.409113836734776,1.4076133684497183,0.01641816049589546,True,True
0.1,0.5162746126700675,0.3032732112079254,0.39350219568178996,0.2112574661750598,0.09427229259766758,1.3954913774956115,9.282010174914934e-05,15,0.5055350553505535,0.031914893617021274,-0.038897836413057454,1.0,2.400908757755137,1.3049224459177962,0.01424024124643994,True,True
0.1,0.46956716855897607,0.27118401530329117,0.37071045754825327,0.18512886568250686,0.10482902341419516,1.4873992849308788,4.931150172066704e-05,15,0.5645756457564576,0.06382978723404255,0.0028176341068094062,1.0,2.487038363504328,1.3908905494398995,0.0306584017423354,True,True
0.1,0.4644948306080644,0.2862771173846887,0.3928395910802976,0.18848286656830363,0.10012726670217922,1.4304101534440186,7.284343336168422e-05,15,0.5055350553505535,0.031914893617021274,0.004599915021373748,1.0,2.4032716779145002,1.3798552436857476,0.009130507622717374,True,True
0.1,0.5322128368646902,0.29240245916631163,0.36875918095622784,0.2057216699708603,0.10946550247355918,1.544265197932643,3.363441073015793e-05,15,0.5645756457564576,0.06382978723404255,-0.00835455858281065,1.0,2.4949069761382585,1.3231362764402357,0.031244764617188808,True,True
0.1,0.5409222640225408,0.2721154442079329,0.3958931240901325,0.21146326008932267,0.10911601981014583,1.5275128668315014,3.7621102296095705e-05,15,0.5055350553505535,0.031914893617021274,-0.036154635388629036,1.0,2.39244821034323,1.304245344496669,0.01918244262020439,True,True
0.1,0.47935659148643744,0.2792699624700626,0.3906654762149282,0.218865934506757,0.10030404601771695,1.4360828378942299,7.00477249116163e-05,15,0.5055350553505535,0.031914893617021274,-0.06587171033229362,1.0,2.411081105675215,1.2798891268400898,0.015580499246104875,True,True
0.1,0.5001633842959528,0.27041448643888677,0.37159212638896255,0.18254780895936049,0.09456872925684905,1.4348340138667353,7.065343378369508e-05,15,0.5608856088560885,0.06382978723404255,-0.007920732272538013,1.0,2.483510098783593,1.3993827207536715,0.03049086949237728,True,True
0.1,0.48432997133632955,0.29546880817606214,0.38240859570450203,0.2172912456144537,0.10569808354112016,1.4222531198149886,7.706913917632218e-05,15,0.5202952029520295,0.06382978723404255,-0.0334356353011556,1.0,2.441548851983626,1.285070155106308,0.024711006868822247,True,True
0.1,0.4940949485350181,0.3012561437058402,0.3866687382242444,0.19447535991610507,0.10703995903122712,1.4553047664516483,6.137834154875202e-05,15,0.5202952029520295,0.0425531914893617,0.015717155391286698,1.0,2.4256665140764433,1.3601387920286396,0.01650192662087452,True,True
0.1,0.4905484355874833,0.2831432987063019,0.3912007883707693,0.18042190359974097,0.09544778868484634,1.41041868953585,8.365970627074566e-05,15,0.5055350553505535,0.031914893617021274,0.010620365069304857,1.0,2.409150207550261,1.4063773568454918,0.016166862120958286,True,True
0.1,0.5166026281225692,0.31111237123820373,0.36484199426345176,0.18733316048915205,0.10249057754040043,1.480567342355835,5.165442910907734e-05,15,0.5756457564575646,0.06382978723404255,0.0290344015057261,1.0,2.508548459242212,1.383637997042961,0.031077232367230694,True,True
0.1,0.498171020230197,0.3028692317119799,0.3636429580743403,0.1813962907431877,0.09632134006674625,1.4603492666867162,5.9294125387898305e-05,15,0.5756457564575646,0.06382978723404255,0.026883363859379956,1.0,2.515939357235676,1.4031714363890053,0.03132853074216787,True,True
0.1,0.46479848148366326,0.30467952880946253,0.3973568696409901,0.19601511764744184,0.09207811993688911,1.3882700745081518,9.762087100189025e-05,15,0.4944649446494465,0.031914893617021274,-0.005593243192016544,1.0,2.387318841686458,1.3550726939770334,0.010722063997319484,True,True
0.1,0.5187725620992707,0.302893290631255,0.3856855658458886,0.21271406017189387,0.09386444261795006,1.3676288845411082,0.00011282224548381903,15,0.5202952029520295,0.06382978723404255,-0.04374626766096918,1.0,2.4293007593308973,1.3001299724921647,0.019936337745015915,True,True
0.1,0.48225363161990054,0.3127870687749867,0.3878671500196944,0.18523607686543042,0.10428375426525652,1.4508133862036685,6.329839466794701e-05,15,0.5202952029520295,0.031914893617021274,0.037434335276870796,1.0,2.4212615636526693,1.3905378040995997,0.021192829619701793,True,True
0.1,0.46021416143204746,0.31385748368080063,0.40105061523950536,0.1955795670998338,0.09932535950880284,1.4051264404922341,8.6794551304194e-05,15,0.4870848708487085,0.031914893617021274,0.016691114112942065,1.0,2.3745413949740115,1.3565057387578494,0.010805830122298542,True,True
0.1,0.4714987909839641,0.2925299100028505,0.39431752283935356,0.2143191488721537,0.09705398725937804,1.4129514129914005,8.220142878194851e-05,15,0.5055350553505535,0.031914893617021274,-0.05019757043717992,1.0,2.3980121100301215,1.2948489230312328,0.012397386496900654,True,True
0.1,0.5268530235023448,0.28687901289624296,0.3641317917606772,0.2065554718631688,0.09874689353630517,1.472499126942865,5.4571874095015e-05,15,0.5756457564575646,0.06382978723404255,-0.03435428613691696,1.0,2.513904263785918,1.3203929084050694,0.027391522868152118,True,True
0.1,0.5141643924343964,0.2905160936662499,0.4267631281307801,0.2050886416137269,0.10171735702408258,1.4191865638905101,7.87231752561049e-05,15,0.4575645756457565,0.010638297872340425,-0.0218779158754828,1.0,2.2917251650605657,1.3252190610636978,0.020606466744848385,True,True
0.1,0.4899210683901191,0.28036884009959745,0.37766146390610755,0.21522490706956166,0.10026244065267748,1.437412089605229,6.94089548245549e-05,15,0.5461254612546126,0.06382978723404255,-0.05626705888964203,1.0,2.45966884316147,1.2918688049608849,0.0217791924945552,True,True
0.1,0.5461742661246092,0.2808093097941193,0.39268093518200975,0.18157672197529712,0.10762307747333742,1.4787881720558935,5.228346197308436e-05,15,0.5055350553505535,0.031914893617021274,0.019384918599285844,1.0,2.403838645415732,1.4025777830532662,0.019014910370246274,True,True
0.1,0.5177344712765944,0.3000284699293564,0.4106826900972929,0.1965136851143889,0.10309761421881819,1.4104012310706602,8.366985145937659e-05,15,0.46863468634686345,0.02127659574468085,0.006955530577859638,1.0,2.3423031586646585,1.3534323114535425,0.010135701122466074,True,True
0.1,0.4798959699621971,0.3041839776719813,0.3958454486059692,0.18593627053684736,0.10811081947779566,1.4997148811614107,4.536429227621203e-05,15,0.5055350553505535,0.031914893617021274,0.032952113439211735,1.0,2.392615916307349,1.388234032718999,0.015664265371083935,True,True
0.1,0.516216166202664,0.31780430251881114,0.4117627978003093,0.2161762390347628,0.09560706498966821,1.3637173302974133,0.00011597041626731115,15,0.46863468634686345,0.02127659574468085,-0.03168738936087009,1.0,2.338782121822083,1.288738740459665,0.02848048249287988,True,True
0.1,0.5076965357221392,0.281087607184751,0.40909081724946605,0.1857426907707088,0.10421932256470852,1.4132042781994307,8.205729731366851e-05,15,0.46863468634686345,0.031914893617021274,0.010241142904311615,1.0,2.3475263899417556,1.3888709472517897,0.015412966996146759,True,True
0.1,0.49123961658497456,0.32202383365756054,0.43686545397044996,0.217994751552264,0.09334123807575291,1.3372529102595223,0.00013981755347536667,15,0.4354243542435424,0.010638297872340425,-0.03717614004951522,1.0,2.2618545758570856,1.2827554857344323,0.043977215614005694,True,True
0.1,0.4795071585603361,0.2782191473132008,0.4133120614021145,0.18790141668765478,0.09315320258783966,1.371049841409188,0.0001101418277335197,15,0.46863468634686345,0.02127659574468085,-0.013587322423847397,1.0,2.333763815787049,1.381768325235859,0.019433740995141564,True,True
0.1,0.5477704569376453,0.30872139023284795,0.43616222621701084,0.18602427908449892,0.09759293486613677,1.3690692909270825,0.00011168546631935334,15,0.4354243542435424,0.010638297872340425,0.029119356150726517,1.0,2.263889073814975,1.3879444677291906,0.028061651867984587,True,True
0.1,0.4633651906080819,0.2775559079227777,0.4155775594273188,0.19041307800542778,0.09699462877571435,1.38991135260649,9.650748924650815e-05,15,0.46863468634686345,0.02127659574468085,-0.012677638299804162,1.0,2.326492876290416,1.3735044781063386,0.017088289495727927,True,True
0.1,0.4988314666633127,0.2709264778899291,0.37265803473421205,0.21270184901758238,0.09656745733306027,1.4434403196692205,6.658745685211e-05,15,0.5608856088560885,0.06382978723404255,-0.06955530707638616,1.0,2.4792668364702415,1.300170149530283,0.02747528899313118,True,True
0.1,0.5080988530576785,0.2831430864644268,0.38117292115171275,0.2118012131467577,0.10612533555412251,1.4434260182921241,6.659400708176339e-05,15,0.5313653136531366,0.06382978723404255,-0.03312009130062571,1.0,2.446222020338861,1.3031334141644086,0.02345451499413637,True,True
0.1,0.47556756281716694,0.27220039516222805,0.37786630753382483,0.20116194228472095,0.1065063881531727,1.4688065290253012,5.596403570012956e-05,15,0.5461254612546126,0.06382978723404255,-0.0222653058426801,1.0,2.4588775477875835,1.3381386544614524,0.025046071368738484,True,True
0.1,0.494429986046836,0.27776196079622156,0.4112376580851006,0.200787896526646,0.09221685371858436,1.369155466671541,0.00011161783478739111,15,0.46863468634686345,0.02127659574468085,-0.04706572106203238,1.0,2.340491711516407,1.3393693366964752,0.01641816049589546,True,True
0.1,0.4922603994127277,0.2790280878968724,0.39528130957345176,0.18890789474225458,0.10211292628896909,1.4425627801213556,6.699062990298092e-05,15,0.5055350553505535,0.031914893617021274,6.769038031305283e-05,1.0,2.394603435010274,1.3784568195310194,0.010638297872340425,True,True
0.1,0.47155513081537775,0.3196187802444973,0.43976735638269243,0.19438076171367957,0.0952474405373652,1.3337121706483228,0.00014337493729344675,15,0.42435424354243545,0.010638297872340425,0.02045263714515138,1.0,2.253527948642872,1.3604500382456512,0.03350644999162339,True,True
0.1,0.4603216777268974,0.32312481420957495,0.36846430406536773,0.18264161322101607,0.09019339206386197,1.4156928529720743,8.065280008315844e-05,15,0.5645756457564576,0.06382978723404255,0.03566842993722914,1.0,2.4599819966375067,1.3990740867539622,0.03853241749036689,True,True
0.1,0.5109391501690022,0.29284915781005383,0.40509796053284575,0.21446940861982797,0.10285009005074093,1.4234264844454523,7.644587232893563e-05,15,0.4797047970479705,0.031914893617021274,-0.03650259371318397,1.0,2.360808312639724,1.2943545396620606,0.013570112246607473,True,True
0.1,0.5382570092747994,0.2834636719028226,0.3605869435369602,0.18206295230470915,0.1072933901424394,1.5201965821497818,3.9514552024096134e-05,15,0.5793357933579336,0.06382978723404255,0.0196057155666689,1.0,2.52878711225436,1.4009779920768457,0.0381135868654716,True,True
0.1,0.46489661280765976,0.27327307099436626,0.4323757846485191,0.18058998275382263,0.09218460132864953,1.3667563212118592,0.0001135167282676771,15,0.44280442804428044,0.010638297872340425,-0.004244470671547974,1.0,2.2749573211520584,1.4058243442139076,0.03283632099179092,True,True
0.1,0.5417639738905727,0.3025276807192244,0.42651358418754076,0.2117034671951279,0.09348427544791667,1.371656071619531,0.00010967378351479283,15,0.4575645756457565,0.010638297872340425,-0.04294358368049332,1.0,2.292480925728505,1.3034550170796115,0.026051264868487183,True,True
0.1,0.47438184028000224,0.2976327157140245,0.42444915574413705,0.2080595752481325,0.09767365511727229,1.396702012525957,9.203964506993931e-05,15,0.4575645756457565,0.010638297872340425,-0.029533045051962626,1.0,2.298767272042359,1.3154441199866707,0.019852571620036858,True,True
0.1,0.5043302696161993,0.2830422329674495,0.4055739213686416,0.20802457761725845,0.0969440842581104,1.3994414764086913,9.029873280991156e-05,15,0.4797047970479705,0.031914893617021274,-0.0461683440971221,1.0,2.359211337519489,1.3155592689000182,0.011140894622214776,True,True
0.1,0.458722041581916,0.30211654857855996,0.41900871373056686,0.1912170806845775,0.0967013158901374,1.3832688847991355,0.00010109670949929999,15,0.46494464944649444,0.02127659574468085,0.010844094999271449,1.0,2.315630568200951,1.3708591551938891,0.016250628245937343,True,True
0.1,0.5493334846980868,0.29997407070059107,0.3823782628318775,0.2065732060164606,0.09770670700538389,1.386869957554674,9.858122881260859e-05,15,0.5202952029520295,0.06382978723404255,-0.023185638374187342,1.0,2.4416632055490854,1.3203345596417475,0.01474283799631429,True,True
0.1,0.5221609164493203,0.2790956070360352,0.3762881378911066,0.2113567811067017,0.1074248521420512,1.4779847806704132,5.2570122011593726e-05,15,0.5498154981549815,0.06382978723404255,-0.033740181330312306,1.0,2.4649961468783363,1.304595680757637,0.028229184117942705,True,True
0.1,0.48208133047351537,0.28781577052966145,0.3893948485663612,0.18106468712688847,0.10962418122005105,1.5160730006249212,4.062541351805182e-05,15,0.5129151291512916,0.031914893617021274,0.026678940350958,1.0,2.41568558021781,1.4042624758429723,0.022281789244429553,True,True
0.1,0.5062299007718506,0.2921461216513179,0.3669047477709597,0.18529027131440418,0.10952081482718319,1.547300880025462,3.296063234188101e-05,15,0.5719557195571956,0.06382978723404255,0.023696064730166486,1.0,2.502462629539533,1.390359493975373,0.03434411124141397,True,True
0.1,0.4645359558397848,0.3296914934396313,0.40433894122315994,0.1923120242427861,0.1092857360914083,1.4750563703957742,5.3628991646415335e-05,15,0.4797047970479705,0.031914893617021274,0.04473070092857726,1.0,2.3633628026498874,1.3672565810265598,0.02906684536773329,True,True
0.1,0.543029374550229,0.3135410751860725,0.4199295665272471,0.18740653968032728,0.09698021821446925,1.3702619611259728,0.0001107532242529048,15,0.4612546125461255,0.02127659574468085,0.030039352173807654,1.0,2.3127455556067087,1.3833965654398748,0.02345451499413637,True,True
0.1,0.4909869574857485,0.2907572322505001,0.3915287553071136,0.20879208263220633,0.09507981369405935,1.4061919473545328,8.61537020142797e-05,15,0.5055350553505535,0.031914893617021274,-0.044740556019719026,1.0,2.40796982253344,1.3130340302980665,0.013486346121628414,True,True
0.1,0.48307926853074296,0.28637379792408757,0.37537236194610935,0.21331026743228124,0.09694031478333973,1.429232784617194,7.343812897175501e-05,15,0.5498154981549815,0.06382978723404255,-0.05528626042791985,1.0,2.46857021989711,1.2981683363342609,0.02404087786898978,True,True
0.1,0.5253996865102987,0.28764706290509234,0.37490347960796294,0.18369529312298594,0.09036744071953044,1.4019702778957333,8.872213649972778e-05,15,0.5535055350553506,0.06382978723404255,-0.0003765818822179148,1.0,2.4704069236779276,1.395607277924399,0.02781035349304741,True,True
0.1,0.46687750192209826,0.31201475741840223,0.3917676006980739,0.2147923313269868,0.09682160685868142,1.4014440976310616,8.90478074233888e-05,15,0.5055350553505535,0.031914893617021274,-0.032412529753096955,1.0,2.4071114383737386,1.2932920620629798,0.02127659574468085,True,True
0.1,0.46436560276057814,0.3097254770782746,0.41548845307958476,0.20540406546357995,0.10716816885220073,1.4217734078480668,7.732547593833713e-05,15,0.46863468634686345,0.02127659574468085,0.004500255684632748,1.0,2.3267773581686133,1.324181256142411,0.023622047244094488,True,True
0.1,0.45716924221890604,0.29631348612922015,0.3925526106718838,0.20430143495563347,0.10120769360397158,1.430339633319126,7.287891167111683e-05,15,0.5055350553505535,0.031914893617021274,-0.015724075946980137,1.0,2.404297556913379,1.3278091218476862,0.008041547997989612,True,True
0.1,0.5384931075608606,0.3031487882106607,0.3894166289097559,0.1945170208704016,0.10279402555196955,1.4360714329544337,7.005323199725763e-05,15,0.5129151291512916,0.031914893617021274,0.01215160881479001,1.0,2.4156063999368795,1.3600017195041156,0.011475959122131011,True,True
0.1,0.5063525570015397,0.29537940228174653,0.43388043103779544,0.2037281259402362,0.09645297747738618,1.3796868963332891,0.00010366522281759875,15,0.44280442804428044,0.010638297872340425,-0.024640369576031263,1.0,2.270535918865801,1.3296954183908123,0.02353828111911543,True,True
0.1,0.5298617378931662,0.2855314934420688,0.37926603553587596,0.21601637349127267,0.09987054845009621,1.4271907325440485,7.448161834088324e-05,15,0.5424354243542435,0.06382978723404255,-0.05424739869627062,1.0,2.453493380570193,1.289264728738153,0.02085776511978556,True,True
0.1,0.5395321993321882,0.29195685379964287,0.40679107312703255,0.18023476265335805,0.10663594145562466,1.4335815178715767,7.126641341276449e-05,15,0.47601476014760147,0.031914893617021274,0.03054808265004501,1.0,2.3551444673771096,1.4069930864271987,0.016920757245769812,True,True
0.1,0.49781346714845315,0.2792266152862422,0.3887235913637996,0.18058702688077366,0.10325406577296417,1.4512843396082913,6.309415341016473e-05,15,0.5129151291512916,0.031914893617021274,0.01584264932840028,1.0,2.4181302199654255,1.405834069602772,0.01742335399564416,True,True
0.1,0.5190131016672294,0.31737175005142,0.42793925400163046,0.19187968719200393,0.09185362482233145,1.3574893985582783,0.00012117281799059214,15,0.45387453874538747,0.010638297872340425,0.01744275516793327,1.0,2.2881750551548956,1.3686790527869082,0.030993466242251633,True,True
0.1,0.5051551596960854,0.28621598065188253,0.40992599224776716,0.20773418284572745,0.1050252860946515,1.413699181929248,8.177596728914099e-05,15,0.46863468634686345,0.031914893617021274,-0.024806865199292778,1.0,2.3447809666904527,1.3165147233564625,0.015580499246104875,True,True
0.1,0.5298361684233527,0.29943590228927114,0.3808647306482788,0.19888362772710164,0.10439154262432063,1.4272667833097288,7.444248045979625e-05,15,0.5313653136531366,0.06382978723404255,0.003152935743588247,1.0,2.4473922833132424,1.3456347460259874,0.015161668621209583,True,True
0.1,0.5178763577027724,0.3183036530857596,0.3909398487444366,0.1988916898307591,0.09362046881536645,1.3857503064960366,9.935628851365423e-05,15,0.5055350553505535,0.031914893617021274,0.004190584662475256,1.0,2.410090769454569,1.3456082201597424,0.019768805495057797,True,True
0.1,0.4922487164807536,0.2780474428679662,0.4260023512916109,0.1803641140550243,0.10386477381213077,1.4380916230526994,6.908475615107037e-05,15,0.4575645756457565,0.010638297872340425,0.01637302492095106,1.0,2.2940319940843272,1.4065674955237617,0.026721393868319652,True,True
0.1,0.5451985187018855,0.32150973751459394,0.43695551723280107,0.2150079878641849,0.09218406381944089,1.332318539630779,0.00014480079600198007,15,0.4354243542435424,0.010638297872340425,-0.03329399663347643,1.0,2.2615944881931647,1.2925825107220899,0.04339085273915229,True,True
0.1,0.526305978840528,0.30811252532365035,0.43637741853737017,0.19614855348774732,0.09432737961333097,1.3503925812760058,0.00012739810555173023,15,0.4354243542435424,0.010638297872340425,0.002727365393533038,1.0,2.2632658077821386,1.354633664487635,0.028061651867984587,True,True
0.1,0.48707340025623913,0.3178431987518185,0.43014966582116315,0.19446941339304036,0.09707305545931652,1.3663705567838913,0.00011382517893892034,15,0.44649446494464945,0.010638297872340425,0.020741619747765866,1.0,2.281555504812794,1.3601583572292544,0.027559055118110236,True,True
0.1,0.46859255681925155,0.28985595658123386,0.42466729705211875,0.1897683827514962,0.10669086113701616,1.447492596438726,6.4758271176953e-05,15,0.4575645756457565,0.010638297872340425,0.013984035649345262,1.0,2.2981001267418995,1.3756256490563858,0.025381135868654717,True,True
0.1,0.5329698466792915,0.29789454783956365,0.3986582824633844,0.18211393419761424,0.098264002579041,1.4184339468770881,7.913474968533132e-05,15,0.4907749077490775,0.031914893617021274,0.02565332209850197,1.0,2.3827899641772197,1.400810251877815,0.00712012062321997,True,True
0.1,0.4834011623345312,0.32078575761939504,0.3801148141027359,0.2030272442721681,0.10445608777903391,1.4225279352247584,7.692268935935598e-05,15,0.5387453874538746,0.06382978723404255,0.01408650561787662,1.0,2.4502477979653348,1.3320014534122593,0.02688892611827777,True,True
0.1,0.46973521229061277,0.3295801248049657,0.4228324012241294,0.2159753981026593,0.10294691444029952,1.4054025363841496,8.662801803838982e-05,15,0.4575645756457565,0.010638297872340425,-0.00332715854121069,1.0,2.30373327713429,1.2893995456201812,0.039705143240073716,True,True
0.1,0.5357481499617063,0.2940163711774741,0.42174780538018974,0.1985465678911036,0.09850310466832864,1.393204874570938,9.43129973568695e-05,15,0.4575645756457565,0.02127659574468085,-0.010384550360716028,1.0,2.3070860478563833,1.3467437374885223,0.014826604121293349,True,True
0.1,0.5221920849119965,0.32928304523684204,0.40565832455164613,0.2053682707376857,0.1096008586496974,1.4764895050891549,5.3108035259416345e-05,15,0.4797047970479705,0.031914893617021274,0.024685976835980148,1.0,2.358928533602204,1.3242990276511488,0.03132853074216787,True,True
0.1,0.5088287634216636,0.2888945359290496,0.4002563857098461,0.20445880618874326,0.10678548756531253,1.4540642449412635,6.190250595538408e-05,15,0.4870848708487085,0.031914893617021274,-0.013139626020567197,1.0,2.3772689001547005,1.3272913403284181,0.011308426872172893,True,True
0.1,0.5036405486217318,0.3013466888753794,0.4129226854324717,0.2098851904123564,0.09109024901525015,1.3519828986965656,0.0001259747537233678,15,0.46863468634686345,0.02127659574468085,-0.04550541468274629,1.0,2.3350215223683737,1.3094374961924018,0.01909867649522533,True,True
0.1,0.46014054603807764,0.32171490056004065,0.3720390665422902,0.21020011515897863,0.10476219972813827,1.4582999265395513,6.013178819626513e-05,15,0.5608856088560885,0.06382978723404255,0.0013549621031216383,1.0,2.4655197045476074,1.3084013334164042,0.03551683699112079,True,True
0.1,0.4825378056376302,0.27023586519864323,0.38181451094821595,0.19227821947390966,0.09171148303125883,1.376711523578611,0.0001058503780823346,15,0.5239852398523985,0.06382978723404255,-0.03542371268698425,1.0,2.443791831686724,1.3673678051953069,0.023622047244094488,True,True
0.1,0.5005145647399928,0.27373284152994637,0.38271376023632825,0.19412386987765806,0.10698625632247889,1.4400203328317236,6.817316470328042e-05,15,0.5202952029520295,0.06382978723404255,-0.007089852934494524,1.0,2.440399403946407,1.3612952616229759,0.023203216619199194,True,True
0.1,0.4594721154418368,0.3155700390164497,0.40439585663809297,0.20991601981902808,0.09932196787597575,1.3939737428495982,9.380821916893806e-05,15,0.4797047970479705,0.031914893617021274,-0.011519052315221746,1.0,2.36317092046726,1.3093360615355767,0.016920757245769812,True,True
0.1,0.5424730525613105,0.31086111767279806,0.41400266757114584,0.21648352403430515,0.09851967488347207,1.3807652309127516,0.00010288491763156118,15,0.46863468634686345,0.02127659574468085,-0.03293595904575485,1.0,2.3315389375643623,1.2877277139158219,0.02303568436924108,True,True
0.1,0.4617135611349146,0.2969216535719721,0.41819378069294677,0.21064136696749008,0.10130302347808118,1.4004967992759643,8.963726606786478e-05,15,0.46863468634686345,0.02127659574468085,-0.02831150094348897,1.0,2.3181943337680844,1.3069495303944918,0.016669458870832637,True,True
0.1,0.45155465243747145,0.31851206887621825,0.41523559874621657,0.21116477836929193,0.09788460527601521,1.3726441126024378,0.00010891539033577806,15,0.46863468634686345,0.02127659574468085,-0.013999677726180082,1.0,2.3275852884266177,1.3052274065636509,0.025297369743675656,True,True
0.1,0.4934526397481723,0.2775007341545715,0.4156121056001378,0.18994362231899742,0.09772088452146849,1.393531948886168,9.409792131074496e-05,15,0.46863468634686345,0.02127659574468085,-0.01039793288679902,1.0,2.3263826166239383,1.3750490772922608,0.01641816049589546,True,True
0.1,0.5130560362681542,0.2965951721389565,0.4029544329241468,0.20798727877295603,0.10634853953611707,1.4388927892115628,6.870455594516199e-05,15,0.4797047970479705,0.031914893617021274,-0.013165093085463448,1.0,2.3680471713045184,1.315681989246604,0.012481152621879711,True,True
0.1,0.513271856101144,0.3277454910449134,0.41672541436834226,0.2101307513340717,0.1090013654234807,1.4647216113630257,5.75474085734769e-05,15,0.46863468634686345,0.02127659574468085,0.014679008995721632,1.0,2.3228391000872284,1.3086295536948684,0.038281119115429724,True,True
0.1,0.5230128359807275,0.27502644844182256,0.3927381978533053,0.1804100729986269,0.10939663077889333,1.5197846609203536,3.962407801615467e-05,15,0.5055350553505535,0.031914893617021274,0.017524722893329406,1.0,2.4036339605866424,1.4064162817906527,0.02144412799463897,True,True
0.1,0.48242476543163726,0.28401613078164956,0.3604207840221198,0.20000829341711115,0.10993273729307024,1.5736735679542146,2.766923440689702e-05,15,0.5793357933579336,0.06382978723404255,-0.005056115890454627,1.0,2.529491906584009,1.3419343803483823,0.03551683699112079,True,True
0.1,0.5152490751268677,0.3052373750576965,0.4210177716593629,0.2039129722342858,0.10634034340754245,1.4268675441707093,7.464817975556115e-05,15,0.4575645756457565,0.02127659574468085,0.0022989850958483856,1.0,2.3093525006172646,1.3290872386550832,0.022281789244429553,True,True
0.1,0.5216656547885502,0.27468318775962997,0.4323925332366633,0.1878679979540358,0.10918781245169991,1.5027009294591844,4.445794436199572e-05,15,0.44280442804428044,0.010638297872340425,0.006529291866067737,1.0,2.2749079360830944,1.3818782792746203,0.03350644999162339,True,True
0.1,0.4520321344249116,0.2940944696634393,0.42996633755315783,0.2117101889967773,0.10696306597213048,1.4268830572543236,7.464017591783162e-05,15,0.44649446494464945,0.010638297872340425,-0.022152240605533655,1.0,2.2821019321270506,1.3034329010638603,0.03007203886748199,True,True
0.1,0.46822770224275045,0.31882380225558843,0.39358149397681297,0.19025018746553454,0.10821016988709141,1.4910721613536846,4.809809273581765e-05,15,0.5055350553505535,0.031914893617021274,0.03785439858295233,1.0,2.4006265044539203,1.3740404192027742,0.023705813369073545,True,True
0.1,0.5175453422584055,0.2943641251096656,0.36082756874652544,0.2120235170239309,0.10347477793468468,1.491750345481661,4.787747502799018e-05,15,0.5756457564575646,0.06382978723404255,-0.028547736693169738,1.0,2.5277676094471193,1.3024019918009477,0.03359021611660245,True,True
0.1,0.48879952167241875,0.30061530355276916,0.3608841844888793,0.2197092445883483,0.10033044436871895,1.4780126922749828,5.256013532284272e-05,15,0.5756457564575646,0.06382978723404255,-0.046029801045994495,1.0,2.5275279322845536,1.2771144750398093,0.03350644999162339,True,True
0.1,0.5168764712270671,0.3261816572192141,0.3915497817335057,0.2023313018984954,0.1050372111795689,1.4300998948216759,7.299965770261786e-05,15,0.5055350553505535,0.031914893617021274,0.02167606205430406,1.0,2.4078942138235977,1.3342912372084625,0.02554866811861283,True,True
0.1,0.4506061246245964,0.2956725345986363,0.3686262974074434,0.21245809920942707,0.0961351045953753,1.4454632812089665,6.566765195921557e-05,15,0.5645756457564576,0.06382978723404255,-0.04478928825871324,1.0,2.4954458648325506,1.3009721331170796,0.028061651867984587,True,True
0.1,0.5000920299180003,0.31940554657980674,0.42838031061223153,0.19000846451772943,0.09387170589391133,1.3665446351919734,0.00011368588097994785,15,0.45387453874538747,0.010638297872340425,0.026998819202108816,1.0,2.2868487614163358,1.3748357340305433,0.03174736136706316,True,True
0.1,0.4500026085012139,0.3239825374411254,0.4205791181474138,0.19692503335740896,0.09694312994329267,1.372408186111028,0.00010909598364221852,15,0.4575645756457565,0.02127659574468085,0.0212158774572698,1.0,2.3107181225608957,1.3520788968935218,0.025967498743508125,True,True
0.1,0.494452045040914,0.276983649292073,0.40681162055424125,0.20428545343141022,0.09894265380921688,1.4033721999938333,8.786048263196704e-05,15,0.47601476014760147,0.031914893617021274,-0.03912517720327787,1.0,2.3550760211211674,1.327861704125457,0.010135701122466074,True,True
0.1,0.4974718189223684,0.3108944508822678,0.38205435143079125,0.18276478311364497,0.1011319663154098,1.399240915127503,9.042501678189546e-05,15,0.5239852398523985,0.06382978723404255,0.037486630379056585,1.0,2.44288546920622,1.3986688342000282,0.021109063494722736,True,True
0.1,0.4867736428461742,0.3093198357878626,0.42450717474084015,0.1807538039893561,0.1068973370886701,1.4401382629647015,6.811783456778929e-05,15,0.4575645756457565,0.010638297872340425,0.044185716553771924,1.0,2.298589764620675,1.405285340950435,0.030239571117440106,True,True
0.1,0.49933511206936243,0.30213487118656246,0.40443037594603215,0.21030839747324018,0.10522089059589175,1.4295193480462023,7.329291947589915e-05,15,0.4797047970479705,0.031914893617021274,-0.014509409729360904,1.0,2.363054569867562,1.3080450638487058,0.012648684871837828,True,True
0.1,0.5032814456536967,0.32587437925148904,0.3932571571597401,0.2149874367428588,0.091005607014354,1.368967972460852,0.0001117650365434804,15,0.5055350553505535,0.031914893617021274,-0.03217653606942298,1.0,2.4017816639572933,1.2926501278501545,0.03400904674149774,True,True
0.1,0.46159607848715656,0.29270570237604226,0.37665828264681045,0.208041834446154,0.10421628953824782,1.4578949842039424,6.029876412090556e-05,15,0.5498154981549815,0.06382978723404255,-0.021189411792510285,1.0,2.4635564848136053,1.315502490625446,0.02253308761936673,True,True
0.1,0.49016963278482256,0.3292226926491069,0.4380313046050797,0.2120692651363536,0.10235701716678554,1.370543175036735,0.00011053459744167244,15,0.4280442804428044,0.010638297872340425,0.0039778772984088075,1.0,2.2584960625668087,1.302251471742829,0.04129669961467582,True,True
0.1,0.4787973652804882,0.31103956815696043,0.39520387323255624,0.1894822738490752,0.0943187014016726,1.3919332362509182,9.515407262621134e-05,15,0.5055350553505535,0.031914893617021274,0.01935070170873524,1.0,2.3948766939389485,1.3765670021820129,0.015664265371083935,True,True
0.1,0.5361466963205193,0.2886341410407043,0.37783626208204263,0.1978031994144469,0.10811441356521836,1.5121937305949702,4.170029751410046e-05,15,0.5461254612546126,0.06382978723404255,-3.244643021569702e-05,1.0,2.458993557391259,1.3491895622534003,0.023286982744178255,True,True
0.1,0.5211695166015424,0.2882790724814542,0.3910590862915063,0.18902997592570428,0.09131255711715251,1.390472247237936,9.613003788137671e-05,15,0.5055350553505535,0.031914893617021274,-0.009328861402141052,1.0,2.4096608196838325,1.3780551490389512,0.016753224995811694,True,True
0.1,0.5453964640652014,0.2994115828250076,0.36067182345617704,0.19514484883504257,0.0941102436516724,1.454541282249159,6.170038996566329e-05,15,0.5756457564575646,0.06382978723404255,-0.006627420897061975,1.0,2.528427329986523,1.3579360451686795,0.029904506617523873,True,True
0.1,0.4655932448367319,0.31290966245063023,0.39085513843764497,0.19795582829568747,0.09743174264949789,1.4046368266949347,8.709069338191573e-05,15,0.5055350553505535,0.031914893617021274,0.00727011518729467,1.0,2.4103963794106305,1.3486873839807179,0.01424024124643994,True,True
0.1,0.5122924518499347,0.30878464882497725,0.36266613601063025,0.1880288336660012,0.09755209146507182,1.4631537280973743,5.8167503648233654e-05,15,0.5756457564575646,0.06382978723404255,0.020989783377516395,1.0,2.5183356172812097,1.3813490989559027,0.030742167867314457,True,True
0.1,0.5209709893773882,0.2967638279756514,0.37901138612683627,0.20198004676501013,0.1092870009694479,1.5135046008334658,4.13337872302023e-05,15,0.5461254612546126,0.06382978723404255,0.0013073825553674456,1.0,2.4544699507840533,1.335446933920452,0.022114256994471435,True,True
0.1,0.48134377686962637,0.3169401727637436,0.37322056782336716,0.1816792556690915,0.09364376528311683,1.4076899436115144,8.526105925906963e-05,15,0.5535055350553506,0.06382978723404255,0.03651033435211388,1.0,2.4770372258460007,1.402240427548706,0.03141229686714692,True,True
0.1,0.48762294858860583,0.31698441483332035,0.42460695630350553,0.18348426544731444,0.10459555221953494,1.4257810540004199,7.521097717734541e-05,15,0.4575645756457565,0.010638297872340425,0.045498450947329856,1.0,2.2982845993047247,1.396301599423682,0.03007203886748199,True,True
0.1,0.5070285796974514,0.2903925617400097,0.40255420771606876,0.20359366307816754,0.09006459349610317,1.3655527311858267,0.00011448198581886746,15,0.4833948339483395,0.031914893617021274,-0.04500048584186043,1.0,2.369407303563233,1.3301378269786543,0.011727257497068185,True,True
0.1,0.46237799332370566,0.32442504784219656,0.404762247584568,0.2095146342834988,0.09986168681964472,1.3901280152959175,9.636150450339159e-05,15,0.4797047970479705,0.031914893617021274,-0.0006462002904829404,1.0,2.3619369776113297,1.3106566968784645,0.02236555536940861,True,True
0.1,0.5356444302562686,0.28572941628343623,0.3852029868616676,0.2086973894930329,0.09893345618083602,1.397218362194496,9.170885379591108e-05,15,0.5202952029520295,0.06382978723404255,-0.04006352395268838,1.0,2.4310913750117455,1.3133455888751748,0.014826604121293349,True,True
0.1,0.4563477366157419,0.27506932542226076,0.43029694023819726,0.2018949228490694,0.10630653821234626,1.4344665322284078,7.083270948591124e-05,15,0.44649446494464945,0.010638297872340425,-0.022087996816322387,1.0,2.2811168766883094,1.335727007919053,0.02797788574300553,True,True
0.1,0.45462903020481393,0.3220260827027888,0.3628271751915104,0.19487852460144894,0.10329991601833761,1.4805389676131127,5.1664398828416065e-05,15,0.5756457564575646,0.06382978723404255,0.02681725382025225,1.0,2.4642938669434598,1.3588123029418635,0.03543307086614173,True,True
0.1,0.5270816776083457,0.32242247332018004,0.4033497314574079,0.18479913860384778,0.10264068889376453,1.4086355002784088,8.470257700809177e-05,15,0.4797047970479705,0.031914893617021274,0.046604758221375636,1.0,2.366706431499648,1.3919754147253662,0.02027140224493215,True,True
0.1,0.49316726127096555,0.271246748128091,0.42951550789492643,0.18844392840358287,0.10219711598898006,1.4284557622719596,7.383337912730615e-05,15,0.45387453874538747,0.010638297872340425,-0.006580355739572209,1.0,2.2834476567056847,1.3799833577107077,0.026553861618361534,True,True
0.1,0.45125692946286233,0.28833886970267825,0.43822272712374,0.2012489640350606,0.10697601689955001,1.4191499227750857,7.874316096372309e-05,15,0.4280442804428044,0.010638297872340425,-0.007630259440489429,1.0,2.2579463318679887,1.337852336223933,0.02956944211760764,True,True
0.1,0.487037832686674,0.27891953687982146,0.36155598703666486,0.20544970698699605,0.10946207424800894,1.564143860147427,2.9470428931383542e-05,15,0.5756457564575646,0.06382978723404255,-0.018775766475875855,1.0,2.5246896522020332,1.3240310867825533,0.03761099011559725,True,True
0.1,0.5047613227895446,0.3153668033653395,0.3624178377293977,0.1957110499288299,0.09217523515827956,1.4409682287450416,6.772975629550597e-05,15,0.5756457564575646,0.06382978723404255,0.0032200125585167857,1.0,2.4909825036840556,1.35607313504998,0.03484670799128832,True,True
0.1,0.529513149871867,0.29229918242640873,0.40059551577842023,0.21997255185736192,0.09010579310889849,1.3734838103129727,0.00010827515189905834,15,0.4870848708487085,0.031914893617021274,-0.08391842607659064,1.0,2.376102952763485,1.2762481436583357,0.01742335399564416,True,True
0.1,0.4852131559522405,0.28876101338271243,0.4260790351375561,0.18075076757025962,0.10546390831907987,1.441172447539157,6.763462106178942e-05,15,0.4575645756457565,0.010638297872340425,0.026616329498684192,1.0,2.293799099851335,1.4052953313512333,0.027223990618194003,True,True
0.1,0.4848075180257867,0.2775224164736036,0.3820392784612138,0.21595268040088886,0.10298968857277549,1.4240280619413972,7.612836712452831e-05,15,0.5239852398523985,0.06382978723404255,-0.05347150161173765,1.0,2.4429423967788733,1.2894742912131625,0.022784385994303904,True,True
0.1,0.5004952508905347,0.32826030480682733,0.3775722015970171,0.21380478896987834,0.0997212356007472,1.4126260918098397,8.238724789118304e-05,15,0.5461254612546126,0.06382978723404255,-0.007882442727221273,1.0,2.440160398334405,1.2965412656937887,0.03543307086614173,True,True
0.1,0.5105819347593468,0.2963089783920394,0.3742052890918863,0.19662505502149805,0.10325547959690101,1.4531608945413443,6.228714236486288e-05,15,0.5535055350553506,0.06382978723404255,0.001994795338199098,1.0,2.4731504021877493,1.3530658831135964,0.019936337745015915,True,True
0.1,0.5115364473573368,0.2904498801318435,0.3634435347619458,0.20429769183155622,0.09629032510546721,1.462600192506109,5.838808897428892e-05,15,0.5756457564575646,0.06382978723404255,-0.031345442765342714,1.0,2.5167711608560297,1.327821437443321,0.028815546992796114,True,True
0.1,0.5004824830680896,0.32366621474594764,0.4384150644066749,0.2033758548087862,0.09752624071518638,1.350689007847044,0.00012713153803093269,15,0.4280442804428044,0.010638297872340425,0.008763266404647455,1.0,2.257394457630098,1.330854457930836,0.03325515161668621,True,True
0.1,0.4818349935917999,0.2963231854771504,0.41920876543271474,0.20356509420281768,0.099913922233249,1.3916932481849174,9.531367762394037e-05,15,0.4612546125461255,0.02127659574468085,-0.016224164187157174,1.0,2.315002732725482,1.3302318240541688,0.013318813871670297,True,True
0.1,0.47854280667849236,0.3161182501165492,0.3608946193574946,0.1867480226614299,0.0946840353075438,1.4517200135207675,6.290582446821676e-05,15,0.5756457564575646,0.06382978723404255,0.026258034574766297,1.0,2.4879223067172362,1.3855632126457889,0.03635449824091137,True,True
0.1,0.5313281157788283,0.2869810958994233,0.40299037190855364,0.19537091802765616,0.10061284900461116,1.4163836665221996,8.026738032158703e-05,15,0.4797047970479705,0.031914893617021274,-0.0071259923101676306,1.0,2.3679251678290396,1.3571922341957459,0.005779862623555034,True,True
0.1,0.4941256096586616,0.28234324538458966,0.43378867907641006,0.18593165681944215,0.10271002601142004,1.4192071625969083,7.871194212007329e-05,15,0.44280442804428044,0.010638297872340425,0.009595628770802406,1.0,2.270804653777959,1.3882492127335437,0.02680515999329871,True,True
0.1,0.5172374312497438,0.3139938029680088,0.40942226342749477,0.1956551993333898,0.09042250391639729,1.3311156748891695,0.00014604332136391746,15,0.46863468634686345,0.031914893617021274,0.0018145962962250826,1.0,2.34643550526929,1.356256894213504,0.020690232869827442,True,True
0.1,0.5008879467848169,0.30808606281391276,0.3747847719388089,0.2055371351836132,0.10052398210228404,1.4366223919649317,6.978770667005447e-05,15,0.5535055350553506,0.06382978723404255,-0.009489239801582937,1.0,2.4708726538561168,1.32374343125888,0.02127659574468085,True,True
0.1,0.4792082686674744,0.28335264368347574,0.4114484591455676,0.21815502456226696,0.0982619810150213,1.3966327082955108,9.208413824559976e-05,15,0.46863468634686345,0.02127659574468085,-0.06595921583247903,1.0,2.339804925436513,1.2822281568130207,0.016585692745853576,True,True
0.1,0.4793013716887812,0.31925555883643314,0.43223946549752146,0.18677974695648686,0.1074131583913089,1.4296385337731152,7.323261302397736e-05,15,0.44280442804428044,0.010638297872340425,0.044285698638135446,1.0,2.2753594156238757,1.385458833634659,0.03618696599095326,True,True
0.1,0.5334343830604128,0.2795960292036543,0.42407086957552953,0.18930077802132472,0.09341960571282665,1.3819917792069243,0.00010200478978274155,15,0.4575645756457565,0.010638297872340425,-0.014852184279501881,1.0,2.2999258182441897,1.3771641582414555,0.024962305243759423,True,True
0.1,0.46925466974150387,0.2907862682850986,0.379759964322532,0.21049389195002705,0.09649514430187288,1.4108025600806078,8.343696116610025e-05,15,0.5424354243542435,0.06382978723404255,-0.04496554694994662,1.0,2.451602917411028,1.3074347514675377,0.01968503937007874,True,True
0.1,0.4838350033375988,0.3167195163995056,0.4384280533617208,0.21992254276698958,0.10718446785553791,1.4009900625157363,8.932982626072297e-05,15,0.4280442804428044,0.010638297872340425,-0.016660541479572508,1.0,2.257357205816579,1.2764126831505829,0.04523370748869157,True,True
0.1,0.5478906713290495,0.3092553626381524,0.43813008797695785,0.19383836266206575,0.09915060170955564,1.367588953699503,0.00011285393015830318,15,0.4280442804428044,0.010638297872340425,0.016394797185396895,1.0,2.2582123146846906,1.3622346350836152,0.02638632936840342,True,True
0.1,0.4814180978086097,0.328266159365308,0.4099242480148516,0.18058026883067285,0.1092008247490408,1.4509048784189058,6.325866273769068e-05,15,0.46863468634686345,0.031914893617021274,0.05843048977949215,1.0,2.3447866887506565,1.4058563048828758,0.03317138549170715,True,True
0.1,0.4552214966908618,0.2717675227311735,0.407631840691131,0.20162724240013108,0.09903105299126161,1.400809268375429,8.944238341915722e-05,15,0.47232472324723246,0.031914893617021274,-0.03841308780827086,1.0,2.3523493925102725,1.3366077279006583,0.010638297872340425,True,True
0.1,0.5326088504987098,0.30010665830428734,0.37355975242672823,0.21874337822293352,0.10224441502103943,1.4476668689283803,6.468079106371286e-05,15,0.5535055350553506,0.06382978723404255,-0.04037920402365541,1.0,2.4756961062999476,1.2802923605034477,0.026135030993466243,True,True
0.1,0.5254060896553103,0.30899982821823246,0.4144314658430201,0.1867755574796037,0.10568395289744809,1.4164082064723114,8.025372432006662e-05,15,0.46863468634686345,0.02127659574468085,0.03427895817205703,1.0,2.330161239096898,1.3854726178165748,0.022198023119450495,True,True
0.1,0.453286780636347,0.3087896807634501,0.3733708773726861,0.2120877412670355,0.09799306103919195,1.4264674328515243,7.485492317657132e-05,15,0.5535055350553506,0.06382978723404255,-0.02766726648712847,1.0,2.4764426085011597,1.302190681731684,0.026135030993466243,True,True
0.1,0.49945975098320794,0.2876241759358805,0.3818949993524435,0.19059812838771825,0.10863545664712215,1.484217039812263,5.0388682955505835e-05,15,0.5239852398523985,0.06382978723404255,0.012191495572559236,1.0,2.443487537310609,1.3728956268811805,0.02353828111911543,True,True
0.1,0.4892718550462758,0.29064840960830274,0.3887261235650772,0.2166239474961741,0.09900737990391564,1.4260799088051455,7.50557318480635e-05,15,0.5129151291512916,0.031914893617021274,-0.053029023155651216,1.0,2.418120982121769,1.287265693812207,0.014826604121293349,True,True
0.1,0.47552531464468667,0.30076117133549557,0.4320898353414582,0.18346595543444116,0.09540494364751548,1.3658129483492123,0.0001142725752184802,15,0.44649446494464945,0.010638297872340425,0.023889133678313603,1.0,2.2758010650513514,1.396361842875398,0.026470095493382476,True,True
0.1,0.5145221717387031,0.27632052342964664,0.4280931895570788,0.21381604732242115,0.0919194253605303,1.370734820666356,0.00011038586190698785,15,0.45387453874538747,0.010638297872340425,-0.08312829777493741,1.0,2.287711847733084,1.2965042235561066,0.030574635617356342,True,True
0.1,0.5295443621412828,0.3161942841664556,0.4044013554801653,0.18622131575997225,0.10258711991134362,1.411563980072989,8.29969658744496e-05,15,0.4797047970479705,0.031914893617021274,0.03898118012006782,1.0,2.363152384768733,1.3872961793021248,0.017339587870665103,True,True
0.1,0.46684873092051166,0.3197380507875129,0.4029574062370245,0.20912542918463972,0.10823180269946774,1.4787420537599913,5.2299873293267665e-05,15,0.4797047970479705,0.031914893617021274,0.008139153621622397,1.0,2.3680370768572923,1.3119372562501608,0.026051264868487183,True,True
0.1,0.5105207060361284,0.2710157334397613,0.383102353089541,0.18935561443878807,0.0993514725176937,1.4068422050064349,8.576502894798873e-05,15,0.5202952029520295,0.06382978723404255,-0.012759904298200333,1.0,2.438938361199915,1.376983735917856,0.01809348299547663,True,True
0.1,0.5047691791411422,0.2760860393719546,0.4271010942173734,0.18810428960829953,0.10494213304694465,1.4442839385215274,6.62022547149979e-05,15,0.4575645756457565,0.010638297872340425,0.002345355837060987,1.0,2.2907030199410605,1.3811008344435838,0.027056458368235885,True,True
0.1,0.5391361003368955,0.30514706238243056,0.38631114124102284,0.18398184331258918,0.0963347743122051,1.4070452936156363,8.564401329927299e-05,15,0.5202952029520295,0.0425531914893617,0.026033546566291272,1.0,2.426986212086902,1.394664472879364,0.017255821745686045,True,True
0.1,0.4845141056808513,0.27793846461558464,0.4173387909156831,0.21230545836782008,0.09261514731560609,1.367670421924784,0.00011278929585811548,15,0.46863468634686345,0.02127659574468085,-0.0748497796294695,1.0,2.3208948799534648,1.3014743507416595,0.023370748869157312,True,True
0.1,0.4604705563908565,0.32533493995497736,0.4051617435975212,0.1872153294728795,0.09622747910481716,1.3775698664887845,0.00010521512182558246,15,0.4797047970479705,0.031914893617021274,0.040134312756728706,1.0,2.36059408578838,1.3840256836704143,0.022784385994303904,True,True
0.1,0.5328137493451913,0.307754394616592,0.3981648573332217,0.19462413038099405,0.09232928055485791,1.3875063346296461,9.814351598038667e-05,15,0.4944649446494465,0.031914893617021274,0.0014014215383912133,1.0,2.3845035843159526,1.3596493086852721,0.01197855587200536,True,True
0.1,0.5315529426056858,0.3060949511667732,0.4271071003256065,0.21404158339604293,0.10042219361190347,1.4045202003163866,8.716138979303678e-05,15,0.4575645756457565,0.010638297872340425,-0.02847953335439294,1.0,2.2906848696878135,1.2957621666468353,0.0252136036186966,True,True
0.1,0.46827889702460695,0.27688060587703056,0.39965885531516393,0.2166105820019403,0.10350286786848524,1.452075786671492,6.275246948458235e-05,15,0.4907749077490775,0.031914893617021274,-0.05501655410850364,1.0,2.379328056403957,1.2873096688499146,0.013318813871670297,True,True
0.1,0.5384261479088974,0.2732673831835101,0.43011125748931733,0.19763111914325482,0.10938623351739901,1.4968179499484744,4.626206359419948e-05,15,0.44649446494464945,0.010638297872340425,-0.010882887776681787,1.0,2.2816699459213456,1.3497557393271462,0.030574635617356342,True,True
0.1,0.4661503874469585,0.31834454980039734,0.42865921555450986,0.1833160029093247,0.09047338150680746,1.3526921963183218,0.0001253452661381318,15,0.45387453874538747,0.010638297872340425,0.035158928073084905,1.0,2.2860114798031095,1.3968552154234721,0.034595409616351144,True,True
0.1,0.5029021536389978,0.3006359384092849,0.40149162573168634,0.21613219488623503,0.10830992886430724,1.5025545763573618,4.450192237521784e-05,15,0.4870848708487085,0.031914893617021274,-0.021832559039589017,1.0,2.3730315573129745,1.2888836541499813,0.017339587870665103,True,True
0.1,0.524265119145031,0.3116215031566021,0.4222962949975057,0.20522613983431592,0.09174253701079561,1.3623542866442269,0.00011708880382631064,15,0.4575645756457565,0.010638297872340425,-0.021070918570768673,1.0,2.3053883698642235,1.3247666655645558,0.026721393868319652,True,True
0.1,0.5498706175814446,0.2866918465091133,0.4177052768635152,0.21301718575443115,0.10077809784230292,1.4043421836080638,8.726941502511538e-05,15,0.46863468634686345,0.02127659574468085,-0.044916128532819066,1.0,2.319735954177613,1.2991326312274767,0.01809348299547663,True,True
0.1,0.5345623377332619,0.3103026956001695,0.3846313944507519,0.2058801646778958,0.10153823962529361,1.3941910400321593,9.366606961307782e-05,15,0.5202952029520295,0.06382978723404255,-0.004823765088586657,1.0,2.4332180890061967,1.322614798476423,0.018428547495392862,True,True
0.1,0.4952980882162016,0.3272652670799253,0.3908260714227527,0.18538683013123106,0.10743055811953917,1.4446462749020066,6.603752393979413e-05,15,0.5055350553505535,0.031914893617021274,0.05068617265238805,1.0,2.4105012752084343,1.390041796961202,0.030909700117272575,True,True
0.1,0.4830464439088411,0.3215875127278574,0.3988156486536244,0.2123610205536607,0.10676030632024164,1.4406088056009947,6.78975326640608e-05,15,0.4907749077490775,0.031914893617021274,0.0018264591880609706,1.0,2.382244337672093,1.3012915405009955,0.025883732618529068,True,True
0.1,0.5081009891908818,0.3138149044139595,0.39684418634178287,0.21604304513620254,0.09073447354805879,1.3820450197167529,0.0001019667642330775,15,0.5018450184501845,0.031914893617021274,-0.04823568565126658,1.0,2.38911111992887,1.28917697391435,0.024878539118780366,True,True
0.1,0.5264470184797212,0.2914044965298228,0.367216023007531,0.1962697413781278,0.0917466233555364,1.4332320550790736,7.143843071242997e-05,15,0.5682656826568265,0.06382978723404255,-0.022051684171607237,1.0,2.5011890483743677,1.354234933100976,0.028229184117942705,True,True
0.1,0.5234179903914757,0.31583948763059494,0.4354345543856248,0.20527546708204963,0.09435454578238772,1.3528155499431882,0.00012523612654911584,15,0.43911439114391143,0.010638297872340425,-0.010108470158391582,1.0,2.2660012086185835,1.3246043694652743,0.03258502261685375,True,True
0.1,0.5162302283966964,0.31545268050338343,0.3873885248854945,0.1940631000512987,0.0949974849622112,1.3942609959447134,9.362035422653752e-05,15,0.5202952029520295,0.0425531914893617,0.014162778839207937,1.0,2.423017556571761,1.361495205999062,0.019936337745015915,True,True
0.1,0.5339451783376791,0.28815848500339075,0.39577921478104955,0.19088717346216785,0.0943833131819317,1.401901457820106,8.876466095998946e-05,15,0.5055350553505535,0.031914893617021274,-0.007076313559231493,1.0,2.3928489711908196,1.3719446131868223,0.010805830122298542,True,True
0.1,0.5459631586099319,0.2833669517217585,0.38883951613445505,0.20497741068024244,0.10578894612799004,1.461867955877879,5.8681229839235415e-05,15,0.5129151291512916,0.031914893617021274,-0.021069427812344176,1.0,2.417707432636238,1.3255850321537825,0.016166862120958286,True,True
0.1,0.45415417331846003,0.28604087983651627,0.42622394777292955,0.21537220949189806,0.09798076854872773,1.4017565869928992,8.885424718800437e-05,15,0.4575645756457565,0.010638297872340425,-0.05844277509484821,1.0,2.2933592188024567,1.2913841517588858,0.024375942368906015,True,True
0.1,0.4622178673109344,0.2794684529544063,0.38632301750535897,0.19806564648471242,0.10113687519989907,1.4389395166993095,6.86824485017789e-05,15,0.5202952029520295,0.0425531914893617,-0.01933649814017986,1.0,2.426942343964396,1.3483260610906767,0.01206232199698442,True,True
0.1,0.5196174398794697,0.3158469994399046,0.3831813041042002,0.19406563227779933,0.0965955915932381,1.371133802079081,0.00011007688150900763,15,0.5202952029520295,0.06382978723404255,0.01680490244469853,1.0,2.438641881067842,1.3614868744885391,0.021611660244597083,True,True
0.1,0.4695067998151317,0.27989683578869934,0.38511809318145335,0.19533999657077272,0.10758855466411257,1.4487507192181135,6.420108698318878e-05,15,0.5202952029520295,0.06382978723404255,-0.00351831160603549,1.0,2.431406838283139,1.35729397171541,0.020690232869827442,True,True
0.1,0.4898909263381392,0.32217363060278653,0.40440521840398436,0.20765722447602897,0.10086469147694743,1.3963852367800393,9.224319738336263e-05,15,0.4797047970479705,0.031914893617021274,0.003005193478882142,1.0,2.3631393637848865,1.3167679311428886,0.02018763611995309,True,True
0.1,0.4544688863981845,0.32234208944977255,0.40649382872939194,0.20524721074131144,0.0994656761408412,1.3800605756317315,0.00010339412555251955,15,0.47601476014760147,0.031914893617021274,0.005671035321114814,1.0,2.356135402718442,1.3246973382420149,0.019014910370246274,True,True
0.1,0.45360533046099033,0.29944849967160864,0.40918221075382677,0.2090388280282185,0.10359688723905532,1.3980702882506053,9.116578540268843e-05,15,0.46863468634686345,0.031914893617021274,-0.017626415069643443,1.0,2.347225411170541,1.3122221906530758,0.012732450996816887,True,True
0.1,0.48593165340324646,0.30712305625246816,0.4134684807178565,0.18994794317857117,0.10005686146748372,1.3914190451456934,9.549637875029084e-05,15,0.46863468634686345,0.02127659574468085,0.02225884464814313,1.0,2.33325923942112,1.3750348608361116,0.014156475121460881,True,True
0.1,0.5358155534460567,0.2932347554047645,0.39830438584813943,0.1877253858236756,0.09472542953846742,1.405136825424442,8.678828137161405e-05,15,0.4944649446494465,0.031914893617021274,0.00565118849708451,1.0,2.3840185840601644,1.3823475005170596,0.009465572122633607,True,True
0.1,0.4956932411993592,0.29444222212756577,0.38578764030369417,0.2197231204157015,0.09626130073821959,1.382362520022836,0.0001017403047050828,15,0.5202952029520295,0.06382978723404255,-0.06310716497549292,1.0,2.428922584695922,1.2770688209083263,0.021611660244597083,True,True
0.1,0.5295315092788285,0.29791359769926984,0.43663577398087333,0.21425045825544053,0.10654438833386935,1.417485405128392,7.96566645802143e-05,15,0.4354243542435424,0.010638297872340425,-0.024359756638357266,1.0,2.2625183390279036,1.2950749283257101,0.03325515161668621,True,True
0.1,0.5450529436562875,0.30105183900965615,0.41112548312786346,0.21738837495092547,0.0930481305869526,1.3628586072508648,0.0001166737029724032,15,0.46863468634686345,0.02127659574468085,-0.059304009757005165,1.0,2.3408574626230325,1.2847505809731579,0.02027140224493215,True,True
0.1,0.4615868529938872,0.3043579413948926,0.4181888991150248,0.2081784197235106,0.09525776592604229,1.366838462972026,0.00011345116149439707,15,0.46863468634686345,0.02127659574468085,-0.028016575909589243,1.0,2.318209721236212,1.3150530988845173,0.020020103869994973,True,True
0.1,0.5091351362887259,0.3052036349688621,0.39218383110166233,0.19110967570559614,0.09646622474453313,1.4057437455448114,8.642267016952645e-05,15,0.5055350553505535,0.031914893617021274,0.012682876997528,1.0,2.4056180505401734,1.3712125381603624,0.011392192997151952,True,True
0.1,0.5408425801852182,0.31823068283901973,0.40890727402971916,0.1950121715521208,0.09643149138895704,1.3552039610236115,0.0001231423002209015,15,0.46863468634686345,0.031914893617021274,0.018420635507015923,1.0,2.3481312442645126,1.3583725788588978,0.01809348299547663,True,True
0.1,0.4653731948611502,0.29415029758752453,0.41628152710099453,0.18374536510981893,0.10035243694020124,1.3976173310636453,9.145410894515714e-05,15,0.46863468634686345,0.02127659574468085,0.02169617024896413,1.0,2.32424966336004,1.3954425314907415,0.015412966996146759,True,True
0.1,0.5316029925048169,0.3205976201657685,0.39388767752897835,0.19521743778713013,0.09543991992147162,1.39139069753957,9.551528751438045e-05,15,0.5055350553505535,0.031914893617021274,0.018438034967542975,1.0,2.3995377453409645,1.3576972136036516,0.019014910370246274,True,True
0.1,0.4968116797231792,0.30659182428083354,0.39468312196348654,0.21732261323866653,0.10975255634741571,1.510097509351059,4.229346587759697e-05,15,0.5055350553505535,0.031914893617021274,-0.016166351750371143,1.0,2.3967171167190022,1.2849669496106162,0.02412464399396884,True,True
0.1,0.5447657359468789,0.2750643293474708,0.38773408606698745,0.18708217345451533,0.09785504083468921,1.424553536764808,7.585215312164386e-05,15,0.5202952029520295,0.0425531914893617,-0.007032629172331406,1.0,2.4217493172144167,1.3844637924919942,0.015580499246104875,True,True
0.1,0.5161774240754019,0.30843510000508845,0.36708133857427583,0.21485738444083646,0.09487186496339786,1.444593803096151,6.606135294556885e-05,15,0.5719557195571956,0.06382978723404255,-0.041399821814503905,1.0,2.501739844001774,1.2930780248501004,0.03484670799128832,True,True
0.1,0.45378732874741057,0.29654937504927975,0.39150597355657357,0.19713482021886175,0.09502746715458583,1.4037674340834643,8.761914148341146e-05,15,0.5055350553505535,0.031914893617021274,-0.011515838261246355,1.0,2.408051752361926,1.3513886579108374,0.009716870497570782,True,True
0.1,0.4788405078475613,0.2704058591245487,0.3987676332456594,0.21058508886239033,0.0967599978043348,1.4219202059240588,7.724693930940497e-05,15,0.4907749077490775,0.031914893617021274,-0.06552935564535929,1.0,2.3824107730099877,1.3071346961467343,0.011140894622214776,True,True
0.1,0.4833918714603822,0.2929250850204808,0.3622323737065095,0.20311801891404843,0.10954980944250642,1.5591507712175698,3.0462801930916177e-05,15,0.5756457564575646,0.06382978723404255,-0.0035441781997474307,1.0,2.521842640639132,1.3317027874422784,0.034595409616351144,True,True
0.1,0.47636045789269255,0.3267476511668731,0.4091316268785626,0.19497615010818592,0.10818786278368053,1.4463571593775888,6.526545423540399e-05,15,0.46863468634686345,0.031914893617021274,0.0379757710289061,1.0,2.347391978303645,1.3584910963134431,0.028815546992796114,True,True
0.1,0.5237930305591061,0.28004306516729555,0.3815239856986235,0.19847082437760488,0.1023982420179074,1.4198681866079226,7.835235033580243e-05,15,0.5276752767527675,0.06382978723404255,-0.016863686488731044,1.0,2.4448912592403866,1.3469929481652074,0.0163343943709164,True,True
0.1,0.5365079823887464,0.2780865775635076,0.3763403705688144,0.19370588996695365,0.10376225771695775,1.4620375256060876,5.861320848200136e-05,15,0.5498154981549815,0.06382978723404255,-0.008245465330030727,1.0,2.4647928185150585,1.3626704956407274,0.022281789244429553,True,True
0.1,0.5180477546291185,0.2891115436316304,0.37518552939623606,0.2121468302171711,0.09356252140885986,1.4153643774405644,8.083673992018091e-05,15,0.5498154981549815,0.06382978723404255,-0.05853001399797871,1.0,2.4693015293356506,1.3019962677605368,0.025632434243591892,True,True
0.1,0.4618534187243065,0.2892523106056522,0.3891112688998607,0.21648146513066868,0.10006346150985596,1.4316284244646005,7.223336295614132e-05,15,0.5129151291512916,0.031914893617021274,-0.05151655670730034,1.0,2.4167173150371144,1.2877344881034025,0.014659071871335232,True,True
0.1,0.4659396553897423,0.2848382516045186,0.4049962536201192,0.1915871195849995,0.10695241154672253,1.4485081426490927,6.430812610556826e-05,15,0.4797047970479705,0.031914893617021274,0.00658570952444735,1.0,2.3611500531152325,1.3696416562885132,0.014072708996481822,True,True
0.1,0.4976440873990255,0.27691485518595443,0.4362884217981311,0.1991957098523785,0.10416852636632215,1.4176525626788443,7.956442988460771e-05,15,0.4354243542435424,0.010638297872340425,-0.019018450858334902,1.0,2.263523496347931,1.3446079360190433,0.026972692243256827,True,True
0.1,0.46058946373739573,0.274275682006717,0.41984267736882974,0.19404514661545272,0.09364286170215004,1.3713811476626139,0.00010988578344009235,15,0.4612546125461255,0.02127659574468085,-0.031195457151097415,1.0,2.313017236792761,1.3615542762440151,0.02236555536940861,True,True
0.1,0.5354777228651406,0.32756291611092003,0.4282349125159572,0.20751761518415135,0.09182745370727131,1.3509404121533661,0.00012690591220548478,15,0.45387453874538747,0.010638297872340425,-0.008948058486876558,1.0,2.2872856836630615,1.317227272471185,0.03937007874015748,True,True
0.1,0.506355398077617,0.2858375977825789,0.4095085650804725,0.2195307191873176,0.10383562725409767,1.4082860838332707,8.490851042450303e-05,15,0.46863468634686345,0.031914893617021274,-0.052019405057158,1.0,2.346151751473543,1.2777018578260213,0.018847378120288156,True,True
0.1,0.45340793005375035,0.30038898680711623,0.41651545014160085,0.19951048172522143,0.0948974764718154,1.3684718395320998,0.00011215552591739405,15,0.46863468634686345,0.02127659574468085,-0.012593671618433375,1.0,2.3235059394293436,1.34357227622708,0.013905176746523706,True,True
0.1,0.5366938125570477,0.3199139083770223,0.3735690488264929,0.18018020872155352,0.10974838500668455,1.5069102147035522,4.32123392288959e-05,15,0.5535055350553506,0.06382978723404255,0.050033462140537915,1.0,2.4726548499751733,1.4071725793188388,0.03719215949070196,True,True
0.1,0.49747540120685874,0.27098358648551213,0.3697839350267255,0.21075259518601747,0.09270116962921968,1.4352776886526721,7.04376178040332e-05,15,0.5645756457564576,0.06382978723404255,-0.07561289692663382,1.0,2.4907642542303896,1.3065835682371363,0.032082425866979396,True,True
0.1,0.513340498268246,0.27705579082661785,0.39241441612354055,0.21884996031991363,0.09767961471204764,1.4237759073962515,7.62612834774261e-05,15,0.5055350553505535,0.031914893617021274,-0.0751960681076635,1.0,2.404792101095864,1.2799416849764746,0.015412966996146759,True,True
0.1,0.5125909154072944,0.28250007118259096,0.4063156834059732,0.21518415086791232,0.10827057676764336,1.4958579754157297,4.656364478565843e-05,15,0.47601476014760147,0.031914893617021274,-0.03638047139159956,1.0,2.3567299876428827,1.2920029006757914,0.02018763611995309,True,True
0.1,0.4733952001146988,0.2946010635756403,0.42199809347227646,0.21139731389295122,0.10083394659349008,1.404805921076533,8.698829809057943e-05,15,0.4575645756457565,0.02127659574468085,-0.033205549234145364,1.0,2.3063108119532556,1.3044623201222165,0.01951750712012062,True,True
0.1,0.532080835397229,0.2858276699701053,0.4319909004977356,0.20481339341087437,0.09154123481622649,1.350077668522156,0.00012768193387502523,15,0.44649446494464945,0.010638297872340425,-0.050261692001396095,1.0,2.2760932498609074,1.3261246804061435,0.028229184117942705,True,True
0.1,0.548796505797538,0.2985766698958675,0.40379236939814,0.20223525904959355,0.1051940682785279,1.4320983357927837,7.199947304363429e-05,15,0.4797047970479705,0.031914893617021274,-0.002284725517789516,1.0,2.3652082453865075,1.3346072365892676,0.007957781873010555,True,True
0.1,0.4700868485773158,0.29653944384905423,0.3764486260561533,0.18579521771958207,0.10451332436482837,1.4574349950567689,6.0489025695189516e-05,15,0.5498154981549815,0.06382978723404255,0.022766499411823394,1.0,2.464371587437448,1.3886981235224924,0.022616853744345786,True,True
0.1,0.5388929810868605,0.272032940313468,0.4326081774003739,0.21432792377693952,0.10319737958548754,1.427045105133923,7.455662223441094e-05,15,0.44280442804428044,0.010638297872340425,-0.05650488577191228,1.0,2.2742724269317494,1.2948200519126578,0.030742167867314457,True,True
0.1,0.472244092391709,0.28557928579292247,0.41005638528898775,0.18155250424242636,0.10754220811199172,1.4367880603081995,6.970807110467222e-05,15,0.46863468634686345,0.031914893617021274,0.02390984521121046,1.0,2.3443533423775214,1.4026574640360687,0.02027140224493215,True,True
0.1,0.49827401232987295,0.30016841822896867,0.39501596810914014,0.19270837721202433,0.09309632378940325,1.3919801898633266,9.512287851405438e-05,15,0.5055350553505535,0.031914893617021274,-0.000495612311343184,1.0,2.3955402227541995,1.3659525037913296,0.009549338247612666,True,True
0.1,0.48604007704056906,0.30730979389198704,0.38917945178788327,0.2128696670042064,0.10910154088651164,1.5084005295997371,4.278012128424915e-05,15,0.5129151291512916,0.031914893617021274,-0.009062607041315882,1.0,2.4164691110849095,1.2996179961896908,0.02462724074384319,True,True
0.1,0.5466932157432554,0.2711711577794938,0.43549900486161175,0.2124303066186653,0.09545952173154104,1.3764153981522265,0.0001060704645161649,15,0.43911439114391143,0.010638297872340425,-0.07451997405482363,1.0,2.265813850255913,1.3010635760675138,0.031496062992125984,True,True
0.1,0.5273880781424559,0.2800427648239213,0.3844884045512682,0.19053202853643497,0.10380000878396295,1.4219051655899635,7.725498202769232e-05,15,0.5202952029520295,0.06382978723404255,-9.178829815103438e-07,1.0,2.4337510978253425,1.373113108060838,0.018009716870497572,True,True
0.1,0.5419894003403574,0.3139217337302712,0.364931021976324,0.21035134973681205,0.09102020074723557,1.4358785414001074,7.014644169246674e-05,15,0.5756457564575646,0.06382978723404255,-0.03516577460538845,1.0,2.496902934762483,1.3079037426691689,0.03836488524040878,True,True
0.1,0.45262882674427635,0.2975222484951357,0.42558418843059925,0.1904424481070327,0.10075691602991266,1.411492614022192,8.303810266692234e-05,15,0.4575645756457565,0.010638297872340425,0.013157078634049588,1.0,2.2953034607778675,1.373407844842879,0.018679845870330038,True,True
0.1,0.4523001370130267,0.3071628211505724,0.42104750874306396,0.18714994309458713,0.09250573593682529,1.3596478628204238,0.00011934282695745534,15,0.4575645756457565,0.02127659574468085,0.01840201371189946,1.0,2.309260025720498,1.384240817387185,0.024543474618864133,True,True
0.1,0.5034869626005654,0.29443083699169814,0.4172986171138505,0.18888051638712838,0.09276584113246747,1.360434904995911,0.0001186827285690571,15,0.46863468634686345,0.02127659574468085,0.0014300686537599778,1.0,2.3210220439721616,1.3785468995668189,0.020103869994974034,True,True
0.1,0.5076853989043968,0.2905109612487509,0.4352579540501618,0.19011039051527018,0.09692006411580914,1.377345299089978,0.000105380939028192,15,0.43911439114391143,0.010638297872340425,0.0013119243188198146,1.0,2.266514872380631,1.3745003779631308,0.02554866811861283,True,True
0.1,0.5031999540173078,0.3287044811479836,0.41542394963173995,0.19369230056651088,0.10792398738171526,1.4258570220426627,7.517148254166621e-05,15,0.46863468634686345,0.02127659574468085,0.04162550763357343,1.0,2.3269833687132633,1.3627152073727775,0.032501256491874686,True,True
0.1,0.5168451523469796,0.3260215064559422,0.4289744715479702,0.21221439858303492,0.10296348503494504,1.4034712240799079,8.779995075916548e-05,15,0.45387453874538747,0.010638297872340425,0.0011497097937014393,1.0,2.285066382009286,1.3017739548864489,0.03819735299045066,True,True
0.1,0.4799861843303088,0.2933576706214149,0.40216810958969895,0.21060316117279032,0.09027420595346908,1.3656298675142569,0.00011441986850752488,15,0.4833948339483395,0.031914893617021274,-0.05865708197776528,1.0,2.3707219915793525,1.3070752347817143,0.013821410621544647,True,True
0.1,0.5161161210735329,0.3048533614250573,0.3667427441356966,0.20610285195872613,0.09463168656772121,1.4450717639174626,6.584462767479814e-05,15,0.5719557195571956,0.06382978723404255,-0.024927508005261983,1.0,2.503126322037134,1.3218821146414454,0.028229184117942705,True,True
0.1,0.5121322768389792,0.2727568329094183,0.3824294996549853,0.21142855091848373,0.1029986308081222,1.4231757906814217,7.657859272449837e-05,15,0.5202952029520295,0.06382978723404255,-0.048362741005815627,1.0,2.4414700555888698,1.3043595443212137,0.02194672474451332,True,True
0.1,0.46092183723884333,0.3137067025823715,0.36313380765115943,0.19115118773716666,0.09363224168104851,1.4462358168274507,6.531990080665879e-05,15,0.5756457564575646,0.06382978723404255,0.013927501690663029,1.0,2.497787935654881,1.37107595562015,0.034679175741330205,True,True
0.1,0.5137244538542225,0.29354403610596913,0.42811686060294313,0.21239544574293878,0.09174845491620012,1.3643298858102317,0.00011547143469136776,15,0.45387453874538747,0.010638297872340425,-0.059912896997289126,1.0,2.28764064874745,1.3011782750302148,0.02839671636790082,True,True
0.1,0.5312972250992894,0.3019382154590281,0.4014126570268466,0.19721099996063612,0.10392152422185073,1.4326069060233133,7.174723122178464e-05,15,0.4870848708487085,0.031914893617021274,0.008335360159945968,1.0,2.373301669682097,1.3511380119595162,0.005863628748534092,True,True
0.1,0.4813261109887569,0.31300860596600133,0.40946037154637605,0.19032062775249167,0.09707672890361255,1.3616936409141713,0.00011763489989715585,15,0.46863468634686345,0.031914893617021274,0.02361164406923489,1.0,2.3463101936936983,1.3738086571578465,0.016585692745853576,True,True
0.1,0.5463190475375487,0.3289570904222385,0.40113540229129596,0.19030986405440764,0.0912484122791865,1.3634645830241032,0.00011617695491055836,15,0.4870848708487085,0.031914893617021274,0.030458994657446625,1.0,2.374250861374189,1.373844071787552,0.025632434243591892,True,True
0.1,0.5443167019636762,0.30362852779917765,0.41102268073792647,0.21365836698370574,0.09810243999688498,1.3850555114274237,9.984043669825142e-05,15,0.46863468634686345,0.02127659574468085,-0.034972611638014336,1.0,2.3411928294000557,1.2970230220920613,0.01524543474618864,True,True
0.1,0.5152251975753162,0.2836005263243168,0.38807239943490784,0.19859026749630393,0.09349263700311954,1.410420342501462,8.365874579181534e-05,15,0.5166051660516605,0.031914893617021274,-0.032134587137799764,1.0,2.420509866017821,1.3465999574117893,0.014324007371418998,True,True
0.1,0.5026142581186197,0.3162329835996114,0.39408189391990034,0.19319760605646552,0.09839760878135462,1.406423482920327,8.601509819959446e-05,15,0.5055350553505535,0.031914893617021274,0.0222253617776176,1.0,2.3988480075629726,1.3643428471257568,0.014407773496398057,True,True
0.1,0.46638791624862713,0.2851670044271941,0.4359459023821515,0.19193975477375388,0.10576287144285688,1.4217500488522747,7.733798062244622e-05,15,0.4354243542435424,0.010638297872340425,0.004837554161424639,1.0,2.264516237253811,1.368481418930182,0.028815546992796114,True,True
0.1,0.5282160917340913,0.2967684041728922,0.41246059276899727,0.207381008725962,0.09492688187195521,1.3728647402813687,0.00010874678922334615,15,0.46863468634686345,0.02127659574468085,-0.03482878021343778,1.0,2.3365171892560275,1.3176767339011135,0.015496733121125816,True,True
0.1,0.49772110017607674,0.3135323293293545,0.43886432970421585,0.19070962267242586,0.10065694551541392,1.3737669381597353,0.00010806016140242469,15,0.4280442804428044,0.010638297872340425,0.028218700806608276,1.0,2.2561072632584014,1.3725287893150968,0.02848048249287988,True,True
0.1,0.5384812939151956,0.3143094081306051,0.3963298076522109,0.2133955792875918,0.09664086441783697,1.397758671453037,9.136403888386606e-05,15,0.5055350553505535,0.031914893617021274,-0.02621119062695517,1.0,2.3909139849764722,1.2978876439791118,0.01968503937007874,True,True
0.1,0.4794763071332459,0.3064327536933345,0.43613082991794255,0.20074888984725414,0.09468207721585693,1.3525575644411945,0.00012546449727385275,15,0.4354243542435424,0.010638297872340425,-0.00906443117654332,1.0,2.2639800589887544,1.3394976761478348,0.026135030993466243,True,True
0.1,0.5169101042903917,0.2973175083346102,0.3692060038304675,0.2150091186022598,0.09381717860511489,1.4354173441918305,7.036982778053934e-05,15,0.5645756457564576,0.06382978723404255,-0.05472507898776541,1.0,2.493097800163683,1.2925787903771022,0.030909700117272575,True,True
0.1,0.4819911047387022,0.27850884056596137,0.4140841969907815,0.2033770436826611,0.09497528709953898,1.3809661091594698,0.00010274023487853925,15,0.46863468634686345,0.02127659574468085,-0.045364301337799805,1.0,2.331276769634287,1.3308505463079234,0.017088289495727927,True,True
0.1,0.462981137349144,0.3060089608110342,0.37275536497383627,0.1819631720920687,0.09437010828294297,1.4188157604952367,7.892567234095406e-05,15,0.5571955719557196,0.06382978723404255,0.02673228039961925,1.0,2.4788805847641884,1.4013062881006675,0.02730775674317306,True,True
0.1,0.5417690465626768,0.30813976732229237,0.36686148674655317,0.19400077389973436,0.09712425403598601,1.4531148750551595,6.230680359905577e-05,15,0.5719557195571956,0.06382978723404255,0.00865951381072756,1.0,2.5026398028728885,1.3617002709833632,0.02638632936840342,True,True
0.1,0.4970595909823561,0.2712655425124934,0.41104580644459765,0.1900151686025919,0.0987684297729249,1.4056181673251331,8.649818710834219e-05,15,0.46863468634686345,0.02127659574468085,-0.014971934488230667,1.0,2.3411173730117993,1.3748136763064167,0.014324007371418998,True,True
0.1,0.5491788121872272,0.29227400985771224,0.3732632131146874,0.20632353896506422,0.09179856189202143,1.4080002292444525,8.507737079167776e-05,15,0.5535055350553506,0.06382978723404255,-0.04548727055890733,1.0,2.476868474464739,1.3211560120929273,0.025632434243591892,True,True
0.1,0.5206353002842267,0.32129838522140575,0.4096397902843486,0.18852536804610429,0.10116972527578427,1.3765205153118263,0.00010599228482838131,15,0.46863468634686345,0.031914893617021274,0.03878779647200547,1.0,2.345720521299558,1.3797154056777972,0.020103869994974034,True,True
0.1,0.5254688165531739,0.30829121900151213,0.38659877164236733,0.20839649016488188,0.10931756709725478,1.5051621516443512,4.3725133932758424e-05,15,0.5202952029520295,0.0425531914893617,0.00010706525170574337,1.0,2.4259245309668303,1.31433560533624,0.0252136036186966,True,True
0.1,0.46321199380019473,0.3095141014362936,0.3677811253000689,0.18392033988243514,0.09858537780549284,1.45501676360662,6.149961861420167e-05,15,0.5682656826568265,0.06382978723404255,0.030391100947330434,1.0,2.4988824444884914,1.3948668309525396,0.02797788574300553,True,True
0.2,0.5897473877911825,0.2983627091072911,0.45466085468207534,0.1701269264309777,0.08066538669858377,1.2577459941346603,0.00024723868748041157,15,0.41697416974169743,0.010638297872340425,0.02932718089814001,1.0,2.2124656575327295,1.4402498049030974,0.04757915898810521,True,True
0.2,0.41147771107686304,0.3213255361739887,0.363445224215995,0.1753148767961773,0.11290445349162968,1.579102188915139,2.6695092934914434e-05,15,0.5793357933579336,0.06382978723404255,0.054322905177757355,1.0,2.4670564186284314,1.423180453860353,0.047244094488188976,True,True
0.2,0.41912209311670584,0.2937186552227862,0.3574897955116243,0.23338059116124113,0.09141506432830547,1.4830640594478008,5.078500700519201e-05,15,0.5940959409594095,0.06382978723404255,-0.10749675037361997,1.0,2.542031909855089,1.2321331245155063,0.049924610487518846,False,True
0.2,0.5984719402997574,0.25362049354977756,0.43171436513393185,0.22452988691668518,0.09106300506777541,1.3607414543436944,0.00011842665195637225,15,0.44649446494464945,0.010638297872340425,-0.13477240546552505,1.0,2.2769106535416683,1.2612536378379235,0.0381135868654716,False,True
0.2,0.4701163294927568,0.32339765829482703,0.3450279540319183,0.20230435066357166,0.09811771973744148,1.51441183705143,4.1082104018717485e-05,15,0.6199261992619927,0.09574468085106383,0.004917749254098632,1.0,2.458915178344708,1.3343799119369322,0.04389344948902664,True,True
0.2,0.5566352021881771,0.24983012133756133,0.385514984388136,0.20750659770642624,0.096621829049922,1.4049994731341673,8.687124638337598e-05,15,0.5202952029520295,0.06382978723404255,-0.07736835624348508,1.0,2.4299331918353833,1.31726352208455,0.020690232869827442,True,True
0.2,0.5289688888417702,0.32890028187895726,0.41936440706029565,0.19952820238772018,0.08213884938089121,1.2925858109902364,0.00019230521173177768,15,0.4612546125461255,0.02127659574468085,-0.011652565676258945,1.0,2.3145146866201163,1.3435139718510531,0.037024627240743846,True,True
0.2,0.5204277407721913,0.3001921543500074,0.4626891189043457,0.17503104175388984,0.0975929002203378,1.3077217715460905,0.00017254183656850546,15,0.3985239852398524,0.010638297872340425,0.0408787537304462,1.0,2.191427785100908,1.4241143255503244,0.0371083933657229,True,True
0.2,0.4378461273402163,0.2655419848568576,0.4658330404001075,0.2189598866507776,0.10105556515777964,1.3558647145721157,0.000122569496187638,15,0.3985239852398524,0.0,-0.07978724896855192,1.0,2.1833868023895717,1.279580006279056,0.041883062489529235,True,True
0.2,0.40266095603496616,0.28164836731083764,0.38841143886603874,0.1884525855926113,0.11457202103920955,1.5885793645741828,2.5079619547803266e-05,15,0.5166051660516605,0.031914893617021274,0.015152304683285123,1.0,2.4192699209268715,1.3799548738995362,0.027391522868152118,True,True
0.2,0.5301217652078613,0.34454599870357766,0.4112411948763461,0.2154216926696686,0.11804082704299522,1.5127971274454985,4.153117155555365e-05,15,0.46863468634686345,0.02127659574468085,0.029161853603074724,1.0,2.340480182906411,1.2912213426198966,0.05804992461048752,True,True
0.2,0.5599309846029961,0.2476469057391221,0.37590252410180847,0.17274803115833867,0.08903692589253305,1.4057266273516502,8.643296021443066e-05,15,0.5498154981549815,0.06382978723404255,-0.018444048417552643,1.0,2.466498990512746,1.4316258679797147,0.03350644999162339,True,True
0.2,0.5963509871769372,0.2591750060066502,0.4702540459056995,0.19195731017547704,0.09142025633994702,1.3080428414649767,0.00017214620782794705,15,0.3948339483394834,0.0,-0.04970318803556867,1.0,2.1722614125834445,1.3684236582937812,0.04573630423856592,True,True
0.2,0.5711722283920039,0.24259680558562843,0.4674586791482148,0.18896505356874022,0.09862518474208629,1.3477733593264558,0.00012977889880021193,15,0.3985239852398524,0.0,-0.03486530600601787,1.0,2.1792714451916506,1.3782687560366154,0.04121293348969677,True,True
0.2,0.5692361943571504,0.2654231196904327,0.4080726590937471,0.22107232235591123,0.10630033324851283,1.4339726697458648,7.10743876799427e-05,15,0.46863468634686345,0.031914893617021274,-0.06679972548306375,1.0,2.35088852399654,1.2726296879321368,0.02236555536940861,True,True
0.2,0.4750838384861388,0.29172729252656937,0.38567831797703755,0.18454361631745572,0.11158969745945713,1.5090663327519918,4.2588489655056566e-05,15,0.5202952029520295,0.06382978723404255,0.026228886173988605,1.0,2.429327619498994,1.3928161320219172,0.024878539118780366,True,True
0.2,0.5000709202021775,0.340694396932824,0.4668648328915634,0.1808141353024536,0.0958516547485952,1.3004888144998576,0.00018170899179348584,15,0.3985239852398524,0.0,0.06582370267613576,1.0,2.18077146379225,1.4050868393670275,0.04984084436253979,True,True
0.2,0.5423098840000035,0.26317470736851994,0.40792199327595285,0.1751900612001339,0.09967185648117094,1.4082889287921876,8.490683160339859e-05,15,0.47232472324723246,0.031914893617021274,0.0073437407058786555,1.0,2.351387474108502,1.423591121093942,0.01474283799631429,True,True
0.2,0.593122586024437,0.2904239739653474,0.3221330564203442,0.17648210032726297,0.10091867237494859,1.5635016718639765,2.95961432208093e-05,15,0.6715867158671587,0.1276595744680851,0.019034936724229286,1.0,2.556444317841983,1.4193400647288184,0.0603116099849221,True,True
0.2,0.5118844629534607,0.26914366181806465,0.43780287375513594,0.20059116233593544,0.09139114910146666,1.3488726201465333,0.0001287741200525868,15,0.4354243542435424,0.010638297872340425,-0.05955071868431681,1.0,2.25915270358599,1.340016629890696,0.03233372424191657,True,True
0.2,0.4249703206645968,0.35002677073839034,0.46606994118149103,0.16220829478478452,0.0978138278768162,1.318809779860987,0.00015940987652803202,15,0.3985239852398524,0.0,0.09498007164327014,1.0,2.1827852934026275,1.4663036207325124,0.05051097336237226,True,True
0.2,0.4063520667436179,0.3492575799849447,0.4016642295405122,0.23405334378054377,0.11352513960942834,1.5427482434252853,3.39764907818114e-05,15,0.4907749077490775,0.031914893617021274,-0.002942582365639737,1.0,2.3724415359493563,1.2299196394558125,0.06759926285810018,True,True
0.2,0.5100798410186849,0.3566866094988216,0.4789585207639583,0.23962601976346024,0.08387879608656185,1.2079572937692602,0.0003554276751036797,15,0.39114391143911437,0.0,-0.0813376231157896,1.0,2.150957020760821,1.2115844673928828,0.09649857597587536,True,True
0.2,0.47792863735075997,0.24510149793569386,0.45036239513092813,0.2021270883063574,0.0920242000481244,1.334626663233285,0.000142447230834851,15,0.42066420664206644,0.010638297872340425,-0.08257436982292742,1.0,2.2240379705020317,1.3349631390669086,0.03945384486513654,True,True
0.2,0.4453772829496461,0.2587059545707914,0.4565073299721893,0.1934715626474484,0.08412629011969569,1.2717493844618557,0.00022342703895189344,15,0.4132841328413284,0.010638297872340425,-0.07633073057196284,1.0,2.207561491203391,1.3634414774339172,0.04640643323839839,True,True
0.2,0.5881918418908352,0.2762063869073037,0.4749832200563864,0.17057772145729752,0.1142449176892922,1.4857303172123313,4.9873409085466445e-05,15,0.39114391143911437,0.0,0.03016233272941614,1.0,2.160589782647593,1.438766602865508,0.05637460211090635,True,True
0.2,0.46942180777523923,0.3302465596867171,0.3519777265923698,0.20820338776634906,0.08470726246451316,1.4478080810656528,6.461808026793741e-05,15,0.5977859778597786,0.0851063829787234,-0.031300274694383075,1.0,2.432637580451786,1.3149709492381136,0.056123303735969174,True,True
0.2,0.5646373022326825,0.2938005455931553,0.3596215047973585,0.182448773894948,0.10920608212869952,1.5685308800729536,2.862645295221699e-05,15,0.5830258302583026,0.06382978723404255,0.027923572788512475,1.0,2.532891289237897,1.3997085650970054,0.03928631261517842,True,True
0.2,0.5574661608323175,0.3267218029826226,0.42338167683406464,0.19367655453292112,0.08000148243204959,1.2873368900696678,0.00019969536240850038,15,0.4575645756457565,0.010638297872340425,-0.003848381640615052,1.0,2.302041874482325,1.3627670148412294,0.04087786898978053,True,True
0.2,0.4554032962283317,0.3231250090963393,0.4255669886688369,0.1772361654365675,0.09426971398590006,1.3755801737250835,0.00010669379026794978,15,0.4575645756457565,0.010638297872340425,0.05515292428571967,1.0,2.295355811903609,1.416859045992374,0.03317138549170715,True,True
0.2,0.4355802516793768,0.35753648612375466,0.408765005963312,0.23028357057721915,0.1088962413151545,1.4275571665062305,7.429323820849697e-05,15,0.46863468634686345,0.031914893617021274,0.004508138741884589,1.0,2.336703656710802,1.2423229158230495,0.0667616016083096,True,True
0.2,0.43504314399942556,0.30574077961884943,0.44867527979013594,0.20266517779219573,0.09619805455807427,1.3298606046187287,0.00014735158741033694,15,0.42066420664206644,0.010638297872340425,-0.011344065810633018,1.0,2.2286406159580325,1.3331927215263328,0.030825933992293518,True,True
0.2,0.5549458114091448,0.3425061029343133,0.4064497323356405,0.23846613644149645,0.11195294458588063,1.4996165369939276,4.539446897628149e-05,15,0.47601476014760147,0.031914893617021274,-0.020533916082728202,1.0,2.3562825320580405,1.2154007058295555,0.06684536773328865,True,True
0.2,0.5411984428999652,0.2986261014810342,0.34797420941577534,0.19502228237683583,0.11674297275465916,1.6482972287988185,1.6996307266084603e-05,15,0.6051660516605166,0.09574468085106383,0.017913738088310746,1.0,2.556444317841983,1.358339312307708,0.05134863461216284,True,True
0.2,0.5057258494814818,0.26852751418656207,0.3968147291616056,0.17933250273366586,0.10266560622395227,1.4501271286591837,6.359724439111419e-05,15,0.5055350553505535,0.031914893617021274,0.008423495680643923,1.0,2.389214239328275,1.4099616944933695,0.01373764449656559,True,True
0.2,0.4704793500878557,0.3250516854024196,0.3618119388869264,0.215298735977411,0.08267885781874083,1.4019970519388285,8.870559834576645e-05,15,0.5756457564575646,0.06382978723404255,-0.05870539370465796,1.0,2.4524811711222867,1.2916258937037464,0.05310772323672307,True,True
0.2,0.5596588335697307,0.3085016176123972,0.3601844155132899,0.2083324502558257,0.09864086137489975,1.4843230650512342,5.035240058353212e-05,15,0.5830258302583026,0.06382978723404255,-0.01813310657707233,1.0,2.5195343186252224,1.3145463089111544,0.03283632099179092,True,True
0.2,0.4322560861523408,0.263245429108602,0.3996817773117403,0.17433843359710652,0.1179702559780971,1.5656877676831342,2.9170477947199325e-05,15,0.4907749077490775,0.031914893617021274,0.01842882030039161,1.0,2.3792489510887256,1.4263931391339133,0.029820740492544816,True,True
0.2,0.47619400396109,0.2464706515541914,0.3886687187292606,0.17818004427644812,0.11625832371833714,1.5756749266243422,2.730583535865703e-05,15,0.5129151291512916,0.031914893617021274,0.006418558792421954,1.0,2.418330432994,1.4137535037019513,0.034176578991455854,True,True
0.2,0.5323581149671209,0.33718664028917356,0.35553396947690935,0.17711388235388192,0.08959231743064394,1.4896240320288756,4.857274255561477e-05,15,0.5940959409594095,0.07446808510638298,0.05509084906091152,1.0,2.4069584395728088,1.4172613807716252,0.05034344111241414,True,True
0.2,0.5746040600135346,0.27638628865077497,0.3898680644030877,0.16800421659263032,0.10240734087546109,1.4483786336955056,6.436534935764574e-05,15,0.5129151291512916,0.031914893617021274,0.03169085977769946,1.0,2.413967242919755,1.4472339271174675,0.018261015245434747,True,True
0.2,0.4746991325438861,0.3401902312666885,0.3711913366827083,0.19945578709976414,0.08520255014381639,1.3861804629512968,9.905777201941096e-05,15,0.5645756457564576,0.06382978723404255,0.00453264043456787,1.0,2.3961280103713376,1.3437522320278033,0.044563578488859105,True,True
0.2,0.540611665086434,0.29788666588137835,0.4741113584362981,0.2047980533796709,0.08949272083002258,1.2684176453323013,0.00022886814898611193,15,0.39114391143911437,0.0,-0.041945593341130044,1.0,2.162724035856574,1.3261751520489287,0.04246942536438264,True,True
0.2,0.44397466675111563,0.34868645217715627,0.4219234874741254,0.220420954685387,0.08625922909390887,1.3030172323155869,0.000178448305066187,15,0.4575645756457565,0.02127659574468085,-0.03318601421116291,1.0,2.3065417984352,1.2747728124116335,0.05897135198525716,True,True
0.2,0.45094829665440617,0.30759970158423894,0.34191196199381785,0.1915550765213898,0.09214101613480113,1.478189580467411,5.249689131828208e-05,15,0.6236162361623616,0.10638297872340426,0.0011429973780971705,1.0,2.5233667948583767,1.369747084109278,0.047160328363209915,True,True
0.2,0.5204511058339959,0.2434096277453147,0.38294759194129097,0.22906079583310343,0.11712945242215152,1.5641566662403625,2.9467927715510835e-05,15,0.5202952029520295,0.06382978723404255,-0.06187523653156265,1.0,2.4395198813810746,1.2463460790925982,0.04246942536438264,True,True
0.2,0.4272539932475236,0.3100121959496067,0.33544807969573875,0.21183766329055712,0.11810290460239935,1.652386768429181,1.6553924386430335e-05,15,0.6383763837638377,0.11702127659574468,0.0014833161573141482,1.0,2.513158491222189,1.3030134862051428,0.06927458535768136,True,True
0.2,0.571003014932872,0.26716832541160573,0.44863114839593204,0.2195628865463859,0.10545117325681241,1.4015216873490606,8.899970631756115e-05,15,0.42066420664206644,0.010638297872340425,-0.06674405828573082,1.0,2.228761476097931,1.2775960210493746,0.04079410286480147,True,True
0.2,0.5108630119475498,0.2470612327233418,0.4533459910216773,0.1926195179815955,0.11643068180351286,1.5340315876644435,3.6014006349508116e-05,15,0.41697416974169743,0.010638297872340425,-0.011319967427283481,1.0,2.215982236622748,1.3662448676905203,0.051683699112079075,True,True
0.2,0.5968184327157249,0.26770058264572344,0.3749456912266195,0.19416379789816302,0.11164643733578553,1.5604921369530909,3.019281564712528e-05,15,0.5498154981549815,0.06382978723404255,-0.006674599463040179,1.0,2.4702413843537405,1.3611638907827666,0.031998659742000335,True,True
0.2,0.4617464915995393,0.2542803601716033,0.33349403306477726,0.2362662624067955,0.09023385578348987,1.526958827479247,3.776110909047718e-05,15,0.6531365313653137,0.11702127659574468,-0.152825225561542,1.0,2.556444317841983,1.2226387130394962,0.06768302898307925,False,True
0.2,0.4831896947649971,0.31026852873016414,0.43378912068671965,0.23427757395947757,0.10057874805938494,1.392010267825612,9.510290150922204e-05,15,0.44280442804428044,0.010638297872340425,-0.07010763014910948,1.0,2.270803360060782,1.229181879190357,0.04171553023957112,True,True
0.2,0.4221939418488272,0.34989431019794687,0.4791290305981852,0.2331327581015724,0.08425607717917379,1.2133832990414526,0.0003415690057557961,15,0.39114391143911437,0.0,-0.0713415575631208,1.0,2.1505474244344054,1.2329485427823925,0.08602781035349305,True,True
0.2,0.5091632592714291,0.35530294934620155,0.35716673444755553,0.21974098843139736,0.10302098852738742,1.514910447557913,4.094446372647073e-05,15,0.5940959409594095,0.06382978723404255,0.008858381883134103,1.0,2.3440699410735717,1.2770100317120388,0.06416485173395879,True,True
0.2,0.5162949434174331,0.25790235316323645,0.3824660983226631,0.1816786141252844,0.09736389628101028,1.4048375291834045,8.696917168642425e-05,15,0.5202952029520295,0.06382978723404255,-0.013204686585061628,1.0,2.4413321194848248,1.4022425383507917,0.02253308761936673,True,True
0.2,0.41170707265704215,0.2716899370272553,0.3411047426255258,0.18386777254614825,0.10493809371617305,1.5591890577364258,3.045506077923394e-05,15,0.6346863468634686,0.10638297872340426,0.0028708021842184005,1.0,2.556444317841983,1.3950397875641682,0.05185123136203719,True,True
0.2,0.4726605730310861,0.3188219445172515,0.47309309394227683,0.18326084928875902,0.10101981987966407,1.3261091982105069,0.00015133506548682104,15,0.39114391143911437,0.0,0.046419118604834955,1.0,2.165226631259504,1.3970366814060746,0.04297202211425699,True,True
0.2,0.46520503812828407,0.262515063466145,0.4515290741239675,0.2329445172207104,0.08624532767530563,1.2944124647637265,0.0001898004130577163,15,0.42066420664206644,0.010638297872340425,-0.16582199989712484,1.0,2.220875251933714,1.2335678913593533,0.051181102362204724,False,True
0.2,0.4204598482087018,0.2697705234971646,0.33608849294405196,0.18895547248063166,0.09183016691073259,1.5087728814095427,4.2672840029602384e-05,15,0.6383763837638377,0.11702127659574468,-0.031160650704273228,1.0,2.556444317841983,1.3783002796528385,0.05595577148601106,True,True
0.2,0.5612602253389987,0.30954613265722086,0.3407992031129325,0.18853050424068055,0.08599829131506592,1.4779020257302518,5.2599743134958276e-05,15,0.6309963099630996,0.10638297872340426,-0.0029047696945882933,1.0,2.515119929725528,1.3796985066132197,0.05319148936170213,True,True
0.2,0.5555964619437685,0.3291033350141544,0.4469433957443225,0.21201093043065167,0.0812758462563017,1.2453928701025405,0.00027042400255713713,15,0.42066420664206644,0.010638297872340425,-0.047849514795343856,1.0,2.233401538931897,1.3024434041052282,0.05335902161166024,True,True
0.2,0.5069078643914269,0.330796499277887,0.3606890014342847,0.17043818902955998,0.11614636209164197,1.5864828814543628,2.5427939855260203e-05,15,0.5756457564575646,0.06382978723404255,0.0600940552963471,1.0,2.430568590514162,1.439225691296052,0.05603953761099011,True,True
0.2,0.5587645810700979,0.2737850594920214,0.4614069650364693,0.1954411342644793,0.08261897612940104,1.2379754815582735,0.0002854159848944207,15,0.3985239852398524,0.010638297872340425,-0.06713158804040449,1.0,2.1947385148009717,1.3569612093187011,0.046322667113419334,True,True
0.2,0.42041326869407847,0.32794370653674026,0.4060035310071197,0.19852049578316,0.10785779885507452,1.4259762535013512,7.510953951359773e-05,15,0.47601476014760147,0.031914893617021274,0.03315646372125599,1.0,2.357773098078865,1.3468295197207305,0.027223990618194003,True,True
0.2,0.49192689720238086,0.27206324654964764,0.40055834151381353,0.1771080482152857,0.11688640682719581,1.5676106440568767,2.8801365859434973e-05,15,0.4870848708487085,0.031914893617021274,0.02163975723159362,1.0,2.37623066353615,1.4172805762057987,0.02747528899313118,True,True
0.2,0.46249771343633567,0.35330424922362275,0.474279664830036,0.1632711509766005,0.09577223753595583,1.305514756615275,0.00017528702660135788,15,0.39114391143911437,0.0,0.09740970608265424,1.0,2.162311422995642,1.4628066201505951,0.054447981236388006,True,True
0.2,0.4999933569163682,0.3140298278723244,0.409518490042124,0.16952607421516847,0.1049017732843828,1.4044411434914423,8.72093463498327e-05,15,0.46863468634686345,0.031914893617021274,0.059955181090176224,1.0,2.3461191265620056,1.442226723854608,0.023622047244094488,True,True
0.2,0.43436308292533626,0.2668227071124144,0.42437116676997094,0.22018652572675712,0.11860052014260114,1.5846295363609029,2.5740086355740376e-05,15,0.4575645756457565,0.010638297872340425,-0.03829703481218869,1.0,2.2990059534966107,1.2755441286170237,0.04556877198860781,True,True
0.2,0.5781113836576459,0.24559429267266839,0.3746949857574011,0.21735007365038386,0.10292919786234916,1.4673886257409154,5.650841626753651e-05,15,0.5535055350553506,0.06382978723404255,-0.0788387391427359,1.0,2.471225111305367,1.2848765995929048,0.029736974367565755,True,True
0.2,0.49947368278269516,0.3078534327254776,0.35170013090169866,0.17424210880861604,0.09821238725930209,1.5046128015486275,4.388759669737181e-05,15,0.5977859778597786,0.0851063829787234,0.04190304663624904,1.0,2.5222866722158725,1.4267100661500027,0.039621377115094655,True,True
0.2,0.5962109516665901,0.2915840413353359,0.3979697351559653,0.21924468640924868,0.08130642093417584,1.3454166392168474,0.0001319606228943633,15,0.4944649446494465,0.031914893617021274,-0.11244299299026445,1.0,2.385182398129986,1.2786429604879395,0.02244932149438767,False,True
0.2,0.520289915043142,0.35465701753585,0.397714652741899,0.1905233624468771,0.08462326092081596,1.3360044780990972,0.00014106126831877743,15,0.4944649446494465,0.031914893617021274,0.04319225095847657,1.0,2.3462154062271567,1.3731416211564573,0.04205059473948735,True,True
0.2,0.45999751242245374,0.3282399205825839,0.32842874958304574,0.1945845306691213,0.08492391411194382,1.5096568867090194,4.241926743462311e-05,15,0.6605166051660517,0.11702127659574468,-0.006122869325075792,1.0,2.4402380119095692,1.3597795993271569,0.06567264198358184,True,True
0.2,0.5164731698902724,0.26514376313420557,0.46113808367865006,0.19256191102805642,0.1072344658644912,1.3767781187277401,0.00010580094871355217,15,0.3985239852398524,0.010638297872340425,-0.012516651483817653,1.0,2.195435145431728,1.3664344056088198,0.04280448986429888,True,True
0.2,0.5684141507322121,0.33315353514028917,0.3908652093972744,0.23016418736500777,0.11107170224493215,1.528674287616952,3.732936877205195e-05,15,0.5055350553505535,0.031914893617021274,-0.015543269567601908,1.0,2.4103600394022155,1.242715709472641,0.05369408611157648,True,True
0.2,0.46411533559890233,0.31608287167580046,0.4003692853662779,0.23383164313407565,0.08327467850189013,1.3320619299210568,0.00014506494188663334,15,0.4870848708487085,0.031914893617021274,-0.11547763054029156,1.0,2.376880525743063,1.2306490770746363,0.04062657061484336,False,True
0.2,0.4135655637948834,0.2918620018580564,0.3529051694495446,0.18723432978552046,0.11756630975107828,1.6486310378430702,1.69597368551968e-05,15,0.6014760147601476,0.0851063829787234,0.02307736692562598,1.0,2.556444317841983,1.3839631690001575,0.05377785223655554,True,True
0.2,0.49151209535738777,0.3268910354281392,0.3672824661868855,0.17077952244248387,0.08881467859076493,1.4177899101585332,7.948872720605245e-05,15,0.5682656826568265,0.06382978723404255,0.0597686435512251,1.0,2.4453925937131,1.4381026389463418,0.0435583849891104,True,True
0.2,0.49840223727449257,0.2865877789979255,0.37783582965186135,0.16833336484635875,0.09424951656732111,1.4096667800579585,8.40978077424613e-05,15,0.5461254612546126,0.06382978723404255,0.03431197886014395,1.0,2.4589952271980877,1.4461509662769618,0.026637627743340594,True,True
0.2,0.5179954609211191,0.2768257794714963,0.42995085091141,0.20247175149448757,0.08733036014896638,1.333267876930998,0.00014382791445928086,15,0.44649446494464945,0.010638297872340425,-0.06728232764935234,1.0,2.2821481128783274,1.333829131118573,0.03049086949237728,True,True
0.2,0.4719073719402919,0.339879064777491,0.3639090227381653,0.2050664115566837,0.11262527266746164,1.574351002898965,2.7545664400635818e-05,15,0.5756457564575646,0.06382978723404255,0.033100107291751814,1.0,2.3972422744873283,1.3252922022120623,0.052186295861953426,True,True
0.2,0.5348505743835356,0.33783000944799196,0.3514183170732667,0.16025488942832486,0.11384176085109657,1.619175818752375,2.052814558697517e-05,15,0.6014760147601476,0.0851063829787234,0.06646137672757317,1.0,2.4046244436320388,1.4727306987519655,0.061065505109733624,True,True
0.2,0.48675525888375765,0.2666269420833454,0.4405569644434828,0.17211712367878562,0.10856161098642265,1.4685185132172016,5.607416967388735e-05,15,0.42435424354243545,0.010638297872340425,0.021424801221030777,1.0,2.251281256722056,1.4337016745094424,0.039705143240073716,True,True
0.2,0.4538234533166929,0.3365392147571494,0.4705582275180056,0.19919024975912042,0.11109190739128674,1.4498312947064191,6.372652731214307e-05,15,0.3948339483394834,0.0,0.04269114251446835,1.0,2.1715036309834828,1.3446259007723635,0.053526553861618364,True,True
0.2,0.43863381302427545,0.3434584914017077,0.3410816041555621,0.2029592643518171,0.08064373210578414,1.444854854166012,6.59428905530765e-05,15,0.6309963099630996,0.10638297872340426,-0.01713371609181337,1.0,2.384531083073048,1.3322251203794901,0.06408108560897972,True,True
0.2,0.4157054556398766,0.35737896942591224,0.4084614761742497,0.16948082119669275,0.08804711071444733,1.3201499830874919,0.00015789444716227577,15,0.47232472324723246,0.031914893617021274,0.09131036400762671,1.0,2.349602604607264,1.4423756149587494,0.04213436086446641,True,True
0.2,0.42165232878424536,0.24154265561129162,0.38243557518621424,0.2176124723262142,0.0801899050339306,1.3169663116812664,0.00016151908527344949,15,0.5202952029520295,0.06382978723404255,-0.1584122372748658,1.0,2.4414471557936976,1.2840132576571484,0.03635449824091137,False,True
0.2,0.46228825932462636,0.30175497053767425,0.4761322272373769,0.21211449962106232,0.08117806237422834,1.2239421058252224,0.00031617754839759264,15,0.39114391143911437,0.0,-0.08371683541755583,1.0,2.157789035464014,1.3021026416183332,0.05109733623722566,True,True
0.2,0.5512026611330265,0.24460138554535438,0.37706278004991733,0.23301180496410412,0.101785264918033,1.4546772774164023,6.164289643019634e-05,15,0.5461254612546126,0.06382978723404255,-0.11243923460516803,1.0,2.4619864417631376,1.233346501786977,0.030825933992293518,False,True
0.2,0.5967786467034473,0.3282173254129896,0.4498532965274522,0.1992490920985533,0.10379099066463426,1.3579875573881808,0.00012074789374537967,15,0.42066420664206644,0.010638297872340425,0.029818138369043033,1.0,2.225423213260492,1.3444322981976948,0.03895124811526219,True,True
0.2,0.439467478542488,0.3466372524834859,0.3860207763320535,0.23044923053947353,0.11429333693132837,1.5130421308312147,4.146270452787794e-05,15,0.5202952029520295,0.06382978723404255,0.001802269409276823,1.0,2.373435066509228,1.2417778627962481,0.06709666610822583,True,True
0.2,0.46966234887495634,0.31182231809793465,0.3794803736106547,0.2136332226172579,0.08079087295852816,1.338270308866485,0.00013881242839201523,15,0.5424354243542435,0.06382978723404255,-0.07544465801198431,1.0,2.4526724185532887,1.2971057518769347,0.03727592561568102,True,True
0.2,0.5940282282042099,0.2632544508274096,0.36907010277740127,0.1844337184475371,0.08568542778200634,1.407365998769295,8.545327499522965e-05,15,0.5645756457564576,0.06382978723404255,-0.03927369145541332,1.0,2.4936475969688052,1.3931777170773707,0.03844865136538784,True,True
0.2,0.49930207366093593,0.3289086897958367,0.44358608490958923,0.19065474033470908,0.1056267646277711,1.3733106131771802,0.0001084068869389656,15,0.42066420664206644,0.010638297872340425,0.045946493698257575,1.0,2.242736620646818,1.3727093627251312,0.04062657061484336,True,True
0.2,0.5260368507607612,0.33338586485695815,0.3706725190012721,0.1970224286860952,0.11782640597040794,1.5674396064491845,2.8833998839887387e-05,15,0.5645756457564576,0.06382978723404255,0.04184795705411307,1.0,2.4209066144051583,1.351758447595005,0.05109733623722566,True,True
0.2,0.42009067708487624,0.3123947035377766,0.4577780076036997,0.22995128926062605,0.08543434071778178,1.2518007099236046,0.0002581289749387792,15,0.4059040590405904,0.010638297872340425,-0.10438786703202609,1.0,2.2042096015318497,1.2434161850408738,0.059725247110068685,False,True
0.2,0.44026903286717156,0.35245831726996696,0.42565404197406426,0.23350771567100895,0.09261041999648635,1.339394235447972,0.00013771078525407973,15,0.4575645756457565,0.010638297872340425,-0.04423755072898967,1.0,2.2950908901743365,1.231714860513229,0.07061484335734629,True,True
0.2,0.5883289550361542,0.28756394166884625,0.4186465750582755,0.22916769140343912,0.0877659842482505,1.3396352185600306,0.0001374757652040611,15,0.46863468634686345,0.02127659574468085,-0.12124199474887752,1.0,2.316768618135142,1.2459943721782043,0.03300385324174904,False,True
0.2,0.45011388172029815,0.28000864445950585,0.43802001191994605,0.17608062461314383,0.09002043688605511,1.3335364841791781,0.00014355388000856717,15,0.4280442804428044,0.010638297872340425,0.009880408248458634,1.0,2.2585285081158473,1.4206609967765507,0.03534930474116267,True,True
0.2,0.5167760975329576,0.33179058890318364,0.3618932919485862,0.2320921298514553,0.11255112720930205,1.5845592434827793,2.5752004061497168e-05,15,0.5756457564575646,0.06382978723404255,-0.018790776648992313,1.0,2.426843738630854,1.2363724091758332,0.06885575473278606,True,True
0.2,0.45829730329102863,0.3575448284127276,0.3545619636893708,0.18806459906720396,0.09851010150859243,1.5049123107410705,4.379894285974218e-05,15,0.5977859778597786,0.07446808510638298,0.060296746974839714,1.0,2.336676294890953,1.3812314239310202,0.049589545987602617,True,True
0.2,0.424954644984676,0.35179871512167865,0.38425572966923066,0.16831658332214205,0.08159504589947086,1.3036528051746978,0.00017763824868743952,15,0.5202952029520295,0.06382978723404255,0.08246629168861762,1.0,2.3557920688714074,1.446206180708042,0.04757915898810521,True,True
0.2,0.4788860643026111,0.34756447541903296,0.324946690402314,0.1650841798113693,0.09790391749132155,1.5501518968103,3.234070144392079e-05,15,0.6642066420664207,0.11702127659574468,0.07379593941475535,1.0,2.3702318615628863,1.4568414077925744,0.0613168034846708,True,True
0.2,0.48412335126761125,0.27637659599109443,0.4624631140811962,0.179391328880045,0.1100530016756026,1.4238439609179991,7.622538710617866e-05,15,0.3985239852398524,0.010638297872340425,0.02068311641425212,1.0,2.1920100335390393,1.409768145196951,0.04690902998827274,True,True
0.2,0.4451880131579013,0.3515191726961344,0.39807162467678137,0.19660689913224383,0.09540746536587551,1.3824258415346262,0.00010169520281381664,15,0.4944649446494465,0.031914893617021274,0.04431126575980245,1.0,2.3567359874417733,1.3531256194690657,0.03258502261685375,True,True
0.2,0.49021622675333054,0.3537226901146883,0.433524583907155,0.21022511736785396,0.11644596609925806,1.53546566825106,3.567019478942301e-05,15,0.44280442804428044,0.010638297872340425,0.04339200019487769,1.0,2.2715788045010963,1.308319071357191,0.06341095660914726,True,True
0.2,0.5598065113885761,0.32620295477296307,0.39592490376791434,0.20558706728321444,0.11769947271917239,1.558467377987289,3.060132440458666e-05,15,0.5055350553505535,0.031914893617021274,0.028436493397703873,1.0,2.3923364427958203,1.323579145081026,0.03861618361534595,True,True
0.2,0.4230590284038657,0.25383330097748497,0.3500270557975737,0.23447520955435427,0.0863978422821982,1.4730007812366144,5.4385552972395794e-05,15,0.6051660516605166,0.0851063829787234,-0.16485727556338295,1.0,2.556444317841983,1.2285316202036634,0.057966158485508464,False,True
0.2,0.5346269549227906,0.24991341820942828,0.3699111502223692,0.16828748286188144,0.10664469345732895,1.4964543602107476,4.637604636008614e-05,15,0.5645756457564576,0.06382978723404255,0.012162085921056266,1.0,2.4902515693163325,1.4463019267997985,0.03677332886580667,True,True
0.2,0.44168296133863744,0.24173039569406057,0.3532480655088357,0.23771170934920743,0.11146996443930564,1.6341291857553681,1.862735910917244e-05,15,0.5977859778597786,0.0851063829787234,-0.08884140359672242,1.0,2.556444317841983,1.217882915559398,0.057547327860613166,True,True
0.2,0.4727351032896857,0.2945109376245722,0.4458776757602054,0.20880754133730664,0.11666623502651288,1.5320564614955918,3.649321731432458e-05,15,0.42066420664206644,0.010638297872340425,-0.0022653608931945315,1.0,2.236349568716612,1.3129831681954154,0.04565253811358687,True,True
0.2,0.5720125236731365,0.35572286172916584,0.40590080368863646,0.2295430511756627,0.09589836901843722,1.353335933632642,0.00012477679328749393,15,0.4797047970479705,0.031914893617021274,-0.022960223955405562,1.0,2.342678864392752,1.2447593665847836,0.06039537610990116,True,True
0.2,0.5672852509952995,0.25573647185271775,0.3296146275188462,0.23838407643230367,0.09160839468507453,1.5364741736919305,3.543047047662876e-05,15,0.6605166051660517,0.11702127659574468,-0.1508797776287992,1.0,2.556444317841983,1.2156706989877164,0.07053107723236723,False,True
0.2,0.49399914332943085,0.2629709689614815,0.42570595857583193,0.19975581129711684,0.09118569140621846,1.3763998476258272,0.0001060820351381116,15,0.4575645756457565,0.010638297872340425,-0.06453561517254597,1.0,2.2949329484856107,1.3427650949147956,0.027642821243089293,True,True
0.2,0.5245440440264402,0.3025265276546627,0.4407947535153879,0.1760878811816258,0.10683014556785023,1.4054649080335628,8.659044334125657e-05,15,0.42435424354243545,0.010638297872340425,0.04494106054155929,1.0,2.2506062463995526,1.420637121275425,0.03493047411626738,True,True
0.2,0.592809632361054,0.3051355200266423,0.44780528929762364,0.21217572137060686,0.1193874117757332,1.5205402449971157,3.942341762055429e-05,15,0.42066420664206644,0.010638297872340425,0.004020035301144292,1.0,2.2310276035174574,1.3019012103283507,0.05227006198693249,True,True
0.2,0.5233241490751205,0.30512553993590324,0.3782734850688213,0.23635246302144097,0.1159901974189306,1.578613400281887,2.678131329658112e-05,15,0.5461254612546126,0.06382978723404255,-0.041473649633123055,1.0,2.4573071967394213,1.2223550964957928,0.05025967498743508,True,True
0.2,0.41055063921707957,0.32524754119622096,0.3493572311258275,0.2040361955657434,0.0827962828202773,1.4570589399069975,6.064503591764288e-05,15,0.6088560885608856,0.09574468085106383,-0.030522461324495077,1.0,2.451723066613874,1.3286818102771605,0.05411291673647177,True,True
0.2,0.5273581399379397,0.3257603168162308,0.45566390948186913,0.20218016102055617,0.0928514286908037,1.289679146337214,0.00019636188368733727,15,0.4132841328413284,0.010638297872340425,0.004848021407309849,1.0,2.209796651995828,1.334788519665087,0.04297202211425699,True,True
0.2,0.44103926528781723,0.30034746321563077,0.3833699317963192,0.19932305955991325,0.11063326518999057,1.4936822588596255,4.725478956896361e-05,15,0.5202952029520295,0.06382978723404255,0.011061817114739426,1.0,2.4379340329156927,1.3441889310729507,0.019936337745015915,True,True
0.2,0.5134997402220545,0.33654530419208645,0.43033543819192027,0.18607823189885594,0.08215012397806587,1.2927106583318604,0.00019213292827591804,15,0.44649446494464945,0.010638297872340425,0.03256050892791675,1.0,2.281002267539596,1.3877669526291654,0.046657731613335564,True,True
0.2,0.4313914928747223,0.3320985159982434,0.37605881380031975,0.18807362456457286,0.08832207645916582,1.379569207211514,0.00010375075718860786,15,0.5498154981549815,0.06382978723404255,0.030511540374124065,1.0,2.4256938680368973,1.3812017283148172,0.03928631261517842,True,True
0.2,0.5717632496279005,0.29308959452590627,0.45692437129341795,0.16163276656585127,0.10212978625774749,1.3611324654943806,0.00011810085384123799,15,0.4132841328413284,0.010638297872340425,0.05376982878038598,1.0,2.206459332790762,1.4681972188806127,0.03987267549003183,True,True
0.2,0.43101243562325126,0.34027328071765056,0.34022347742056513,0.21299389770858734,0.10172167408251527,1.5120030282982309,4.175389908268657e-05,15,0.6309963099630996,0.11702127659574468,0.003965757937920856,1.0,2.3958309168462035,1.2992092533617736,0.05964148098508963,True,True
0.2,0.44195632099492654,0.26385187732422183,0.4187319937861411,0.22943913344372857,0.0925939093219751,1.373869386839064,0.00010798247745723244,15,0.46863468634686345,0.02127659574468085,-0.13007470903038154,1.0,2.3165000055095875,1.2451012758400934,0.0316635952420841,False,True
0.2,0.5280026610560887,0.24662474357950992,0.4487335032437716,0.2284269161009093,0.11421020087916252,1.552768884114038,3.178240029714338e-05,15,0.42066420664206644,0.010638297872340425,-0.07197989975059234,1.0,2.2284811990671143,1.2484316649031877,0.05277265873680684,True,True
0.2,0.5528316381637157,0.27964369619254337,0.4026392598540068,0.20967431491311223,0.09302703496485745,1.3837513503143022,0.00010075584850711603,15,0.4797047970479705,0.031914893617021274,-0.06442449200022,1.0,2.3691180346555805,1.3101313170020723,0.013067515496733122,True,True
0.2,0.5789370640990638,0.2650455007330589,0.38925810020500595,0.1623730841087514,0.10522835970507788,1.4664360071715343,5.687726192204903e-05,15,0.5129151291512916,0.031914893617021274,0.029906424165333668,1.0,2.4161829178022742,1.4657614322725467,0.02286815211928296,True,True
0.2,0.5720868250196247,0.28207102674205714,0.4104884023426145,0.21302518225923964,0.09070118761555884,1.3613036955028948,0.00011795847532878486,15,0.46863468634686345,0.02127659574468085,-0.07711700043174888,1.0,2.342938482501596,1.2991063211940181,0.019852571620036858,True,True
0.2,0.4269801140106396,0.24232558054595238,0.44882246009834453,0.21219200229648957,0.10865451974642125,1.4721196388378028,5.471326393228289e-05,15,0.42066420664206644,0.010638297872340425,-0.05766098821710135,1.0,2.2282377134283893,1.3018476429617358,0.04330708661417323,True,True
0.2,0.4895692927666554,0.2447619561332808,0.3288727003625023,0.17784291911402333,0.08232636798928963,1.500537799998774,4.511260181046845e-05,15,0.6605166051660517,0.11702127659574468,-0.049833483244718174,1.0,2.556444317841983,1.4148627101009508,0.07078237560730441,True,True
0.2,0.47116682730791115,0.24716189979645048,0.3368721341614633,0.22962688885819957,0.10467979017615939,1.557753200617309,3.074679183831628e-05,15,0.6383763837638377,0.11702127659574468,-0.09511758864345936,1.0,2.556444317841983,1.2444835245406054,0.06014407773496398,True,True
0.2,0.5759854562448576,0.32673742102319125,0.34817292161556873,0.19609859376708805,0.09058368926311794,1.4813378492631857,5.138447155445303e-05,15,0.6051660516605166,0.09574468085106383,0.008139339360731452,1.0,2.4459819514747907,1.354798041544064,0.04866811861283297,True,True
0.2,0.46109536665276973,0.31095524826229254,0.45357675493790284,0.20340084931410307,0.08780439804580403,1.283131412225023,0.00020582861105850872,15,0.41697416974169743,0.010638297872340425,-0.026952856672207662,1.0,2.2153635875850073,1.3307722212178064,0.04029150611492712,True,True
0.2,0.40662741888169196,0.27597261680838403,0.42499601230382233,0.18267071174166985,0.09836699042432329,1.4184759549092907,7.911171826185473e-05,15,0.4612546125461255,0.010638297872340425,0.003862808273842068,1.0,2.2970961048274696,1.398978347043884,0.023705813369073545,True,True
0.2,0.5426570743655732,0.2903132219218189,0.44832423224202067,0.16307692378553326,0.08865000772052013,1.3047157085391956,0.0001762920623400416,15,0.42066420664206644,0.010638297872340425,0.04636592815465866,1.0,2.229602668072838,1.4634456648354888,0.04205059473948735,True,True
0.2,0.43288936668663347,0.28262810519945003,0.4180030575183654,0.20542444494099252,0.08669188212428336,1.3365378038390576,0.0001405285571291493,15,0.46863468634686345,0.02127659574468085,-0.06943501598555375,1.0,2.31879578919653,1.3241142037557196,0.02404087786898978,True,True
0.2,0.4132932985584606,0.35318718730965487,0.3417509934741003,0.2170279508486381,0.09480321888083058,1.4797610449300502,5.1938513448590194e-05,15,0.6273062730627307,0.10638297872340426,-0.005641128524434441,1.0,2.374043039643385,1.2859364453498636,0.06927458535768136,True,True
0.2,0.5220817118824305,0.25864583203897706,0.39446936400612853,0.22089759423239663,0.10915320352941799,1.5343058963838745,3.594797537373374e-05,15,0.5055350553505535,0.031914893617021274,-0.06397947889721442,1.0,2.397473980052684,1.2732045769475209,0.023789579494052606,True,True
0.2,0.4053925882787288,0.31342921650340405,0.3410309629451443,0.18647664997743973,0.09924297127881249,1.5300841185076406,3.697841541002411e-05,15,0.6346863468634686,0.10638297872340426,0.025443876432812894,1.0,2.498931529187036,1.3864560807883817,0.04607136873848216,True,True
0.2,0.5021627116214038,0.30802834623152675,0.47477379606155234,0.2079420110489133,0.10324657577564032,1.3362394759136973,0.00014082628315743533,15,0.39114391143911437,0.0,-0.007837665178134121,1.0,2.161101721913538,1.3158309287348797,0.04305578823923605,True,True
0.2,0.5568759934258226,0.2652483001082684,0.39763819940409234,0.20720988089655276,0.08969463101842495,1.3920750816201892,9.505986871385538e-05,15,0.4944649446494465,0.031914893617021274,-0.08406125878845265,1.0,2.3863373110345645,1.3182397772588454,0.016166862120958286,True,True
0.2,0.5653223894700284,0.32686754770403964,0.39675439864998463,0.20824524905905895,0.09472157483010561,1.3831890854528446,0.00010115320319851749,15,0.5055350553505535,0.031914893617021274,-0.005041675658647741,1.0,2.3894254833777295,1.314833217561812,0.026637627743340594,True,True
0.2,0.5538022361480546,0.32638361226948037,0.45924883080631346,0.17387049797953058,0.10858371453308982,1.4155096767785462,8.07553212729219e-05,15,0.4059040590405904,0.010638297872340425,0.06439551168437843,1.0,2.200352913601619,1.4279327370019628,0.05025967498743508,True,True
0.2,0.45862267561236425,0.32766242377844,0.4709080290627909,0.16357616854116824,0.09249469983640426,1.3013350311074903,0.00018061087026492644,15,0.3948339483394834,0.0,0.07992506484126362,1.0,2.170633410569838,1.4618030539024032,0.052102529736974365,True,True
0.2,0.5227426829615471,0.3028301251410024,0.3373690970522851,0.19899565675453443,0.08203923043086586,1.4737316338550757,5.411529283278051e-05,15,0.6383763837638377,0.11702127659574468,-0.04553581487935204,1.0,2.543959748411482,1.3452661490538471,0.05268889261182778,True,True
0.2,0.41000193517412,0.35805467639658883,0.4126501009357621,0.19622147959724745,0.11947573984309168,1.520495001960017,3.94354028399476e-05,15,0.47232472324723246,0.02127659574468085,0.06228163777892772,1.0,2.3359033982456507,1.354393723610099,0.056123303735969174,True,True
0.2,0.4804601266736342,0.3486438152441106,0.36201525590869826,0.16885039903921062,0.10058699358848291,1.4731903245599482,5.43153271051468e-05,15,0.5756457564575646,0.06382978723404255,0.08129940721298967,1.0,2.366521918598214,1.444449824685845,0.04313955436421511,True,True
0.2,0.49570789532189447,0.34609345944314174,0.45746941154115384,0.22648273452586154,0.09866174495876341,1.3055701397989063,0.0001752175868203226,15,0.4095940959409594,0.010638297872340425,-0.01812875441083233,1.0,2.2050219276287155,1.2548283949139325,0.06391355335902162,True,True
0.2,0.401117677697753,0.2647092853721299,0.39413061356259105,0.20756558305596326,0.11251936148331024,1.5793360179413067,2.6653949325059596e-05,15,0.5092250922509225,0.031914893617021274,-0.029061622639308077,1.0,2.3986750918523887,1.317069448979229,0.02404087786898978,True,True
0.2,0.49381359506851724,0.2858115038448935,0.4528777432714204,0.17846195648600477,0.11930345401139436,1.515085069183167,4.0896373930259934e-05,15,0.41697416974169743,0.010638297872340425,0.029557951238918145,1.0,2.217239487514651,1.4128259585002012,0.05428044898642989,True,True
0.2,0.5125664807066036,0.29376800456526575,0.36318590377544224,0.18675921273782914,0.10439033849139695,1.4938472226041708,4.720201292280822e-05,15,0.5756457564575646,0.06382978723404255,0.018385531570097494,1.0,2.5178471036346712,1.385526395149705,0.031579829117105045,True,True
0.2,0.5715130090285261,0.3273829523136706,0.4318352666794043,0.18779486496281173,0.11526429973614649,1.5288105750799201,3.729529067211687e-05,15,0.44649446494464945,0.010638297872340425,0.05054739573813145,1.0,2.2765531550153657,1.3821189008326797,0.046825263863293685,True,True
0.2,0.4753412864959043,0.24407185839151094,0.42582448156367997,0.16156093651817258,0.0985767112678449,1.4213227079665927,7.756711992375411e-05,15,0.4575645756457565,0.010638297872340425,0.016908656463365902,1.0,2.2945725198847144,1.4684335535046809,0.028648014742837995,True,True
0.2,0.5640115251380495,0.2480002489700993,0.44844856848138204,0.22711089730483347,0.10376252303481392,1.399328850633446,9.036962530951504e-05,15,0.42066420664206644,0.010638297872340425,-0.10013462715261552,1.0,2.2292617501116667,1.252761618975176,0.042301893114424526,False,True
0.2,0.5777000218119694,0.29197922912560487,0.34164907944924533,0.23969642470018138,0.1149847988927048,1.64634537492948,1.7211805875106628e-05,15,0.6236162361623616,0.10638297872340426,-0.058766042009603,1.0,2.556444317841983,1.211352821657007,0.07053107723236723,True,True
0.2,0.5023255451851488,0.26940158056051344,0.3747384389803444,0.2349730943843575,0.08840809978467043,1.3980200651214065,9.119770750253377e-05,15,0.5535055350553506,0.06382978723404255,-0.14832879609973448,1.0,2.4710545137201945,1.2268934836865544,0.039537610990115594,False,True
0.2,0.5550237149207038,0.27564905415701085,0.4004778766240571,0.16071682645393268,0.1048318242016141,1.4529003056649028,6.239856116749578e-05,15,0.4870848708487085,0.031914893617021274,0.03995038558085591,1.0,2.376507178807241,1.471210837401203,0.017088289495727927,True,True
0.2,0.5720135255627978,0.2544619485324203,0.3713905907456643,0.18996896072492375,0.10347456590629718,1.4845353491712108,5.027983790506369e-05,15,0.5645756457564576,0.06382978723404255,-0.021593230029127275,1.0,2.484315127692639,1.3749657090803131,0.029653208242586698,True,True
0.2,0.5683095121443242,0.262874593281011,0.43307121689185113,0.2374144549048165,0.08163400161318213,1.3143423810485633,0.00016457135984278973,15,0.44280442804428044,0.010638297872340425,-0.1918178787075213,1.0,2.272909975599138,1.2188609396543009,0.04808175573797956,False,True
0.2,0.40507131012986886,0.35015086089164044,0.3598880329346939,0.17564905532737418,0.11538663032590663,1.6139601328722613,2.1238104766308993e-05,15,0.5867158671586716,0.06382978723404255,0.06906307066186779,1.0,2.4019328597560783,1.422080942442855,0.05830122298542469,True,True
0.2,0.4847105284639016,0.35118669027123456,0.44108785818477536,0.16620005606135102,0.11793100218618646,1.4941620289089292,4.710146822453157e-05,15,0.42435424354243545,0.010638297872340425,0.07247308664095405,1.0,2.249775213480412,1.4531699610572766,0.06181940023454515,True,True
0.2,0.4248616237508486,0.33676791912807363,0.4597056489413516,0.16567590792669026,0.09437223941059522,1.3067629936990668,0.00017372888758756746,15,0.4059040590405904,0.010638297872340425,0.08389100099252346,1.0,2.199160100372889,1.4548945088804284,0.05000837661249791,True,True
0.2,0.46929627619043385,0.2506289669877188,0.4272632069789139,0.20752434314572202,0.11588450109858402,1.5899918928958956,2.4847757392985857e-05,15,0.4575645756457565,0.010638297872340425,-0.03337232068005436,1.0,2.2902132997229994,1.3172051361881123,0.041380465739654884,True,True
0.2,0.5732122007617372,0.2597875222878752,0.3936669841982818,0.22555076597343382,0.08379941981922684,1.3651644372282097,0.0001147952093198837,15,0.5055350553505535,0.031914893617021274,-0.15518333739551005,1.0,2.4003223390682846,1.2578947500758664,0.028815546992796114,False,True
0.2,0.46314683973035703,0.25752776020278106,0.3232786323702686,0.2060693416965953,0.11497554924248717,1.705931379248016,1.1757608597558531e-05,15,0.6715867158671587,0.11702127659574468,-0.0283607536596638,1.0,2.556444317841983,1.3219923698265532,0.07497068185625733,True,True
0.2,0.5419572254030018,0.24593873726461946,0.32039330268596805,0.2070643924001553,0.08481621146509735,1.5093052952672084,4.251993048407272e-05,15,0.6715867158671587,0.1276595744680851,-0.11386528417325632,1.0,2.556444317841983,1.318718462296842,0.0752219802311945,False,True
0.2,0.46648751765500046,0.31871060009490565,0.38851996574837533,0.19271579824520466,0.08399299267148623,1.3475266844243918,0.00013000548951872513,15,0.5129151291512916,0.031914893617021274,-0.0018271981382765655,1.0,2.4188734704139216,1.3659280871698243,0.028815546992796114,True,True
0.2,0.5508748158296033,0.2508063012643705,0.3773270285217584,0.18044862782727383,0.08587254527171533,1.3834529220376206,0.00010096654611202993,15,0.5461254612546126,0.06382978723404255,-0.04319279680603674,1.0,2.460962588039746,1.4062894290148469,0.034595409616351144,True,True
0.2,0.4749895343259365,0.35316816663517364,0.3754118957315541,0.20621593281193387,0.10468147081769415,1.4344338850655258,7.084865931896079e-05,15,0.5498154981549815,0.06382978723404255,0.036478383550636435,1.0,2.351186815643713,1.3215100569609088,0.046322667113419334,True,True
0.2,0.5984508242891446,0.2515578760078728,0.41595660851544897,0.17064956511322052,0.09182673136546056,1.376250555788039,0.00010619318502860644,15,0.46863468634686345,0.02127659574468085,-0.006614733288033728,1.0,2.325284082140075,1.438530223467708,0.027223990618194003,True,True
0.2,0.4914178457861919,0.3168250304467422,0.457274102994967,0.17958888581275004,0.11107097769015549,1.45888631125516,5.9890850545256375e-05,15,0.4095940959409594,0.010638297872340425,0.05185632583022626,1.0,2.2055366103524188,1.409118145023879,0.048584352487853914,True,True
0.2,0.5536799607849926,0.2975940263290661,0.35039368467678034,0.19453135267856242,0.09022297672543766,1.4812505599855192,5.1414980362930206e-05,15,0.6014760147601476,0.0851063829787234,-0.016782209257339684,1.0,2.556444317841983,1.3599545651083806,0.03987267549003183,True,True
0.2,0.46917584097092424,0.25228836754815953,0.4635670530259819,0.23415030216320099,0.08601697372936572,1.2642057519922048,0.00023594371148407146,15,0.3985239852398524,0.010638297872340425,-0.17939092141814017,1.0,2.18917137990736,1.2296006277934777,0.05545317473613671,False,True
0.2,0.43539351102058754,0.28449919865161977,0.42520809467915344,0.20783231652071643,0.08669296348099942,1.3460898539743933,0.00013133353421389423,15,0.4575645756457565,0.010638297872340425,-0.0737152872461634,1.0,2.2964491481340605,1.3161918447570953,0.028815546992796114,True,True
0.2,0.5329341885376115,0.24066375939704393,0.4054728403670548,0.2009975843330108,0.08990793880168954,1.381461350874433,0.00010238444063833198,15,0.4797047970479705,0.031914893617021274,-0.0837869165735058,1.0,2.3595501775839436,1.3386794236240154,0.01859607974535098,True,True
0.2,0.47746101683917824,0.33138494205125557,0.380194410250748,0.23884795876678108,0.08015564302686574,1.302993483920553,0.00017847864727724795,15,0.5387453874538746,0.06382978723404255,-0.12102128765343673,1.0,2.428361351433436,1.2141444371979282,0.0667616016083096,False,True
0.2,0.4569284677789531,0.28229989805552463,0.3563676848255246,0.16486394597529444,0.09917955134629022,1.5241361919442278,3.848290607197423e-05,15,0.5940959409594095,0.07446808510638298,0.037036081285722666,1.0,2.5468873739109905,1.4575660193240703,0.0381135868654716,True,True
0.2,0.5055126034143008,0.30879011111386,0.4693348764671772,0.18393446786292114,0.10435334825437147,1.3572837710384231,0.00012134866931323846,15,0.3948339483394834,0.0,0.03828493862853345,1.0,2.1745572293199213,1.394820347188921,0.04263695761434076,True,True
0.2,0.5765946888664272,0.3582095101530137,0.37585798409777693,0.23698811178665663,0.09463303301117909,1.389019785640377,9.711064464427909e-05,15,0.5498154981549815,0.06382978723404255,-0.04274805757194076,1.0,2.3344998038886873,1.2202636902275033,0.07471938348132015,True,True
0.2,0.5624954325101397,0.2879172577918758,0.46927884188142,0.19199181421129224,0.11518239898348351,1.5083790242021726,4.278632598442378e-05,15,0.3948339483394834,0.0,0.015926946085673917,1.0,2.1746974781909962,1.3683101334027814,0.05009214273747697,True,True
0.2,0.41593646490431946,0.3329902967085731,0.3693682270928742,0.1805960068941354,0.10001422437608326,1.4575238082252222,6.045224186433308e-05,15,0.5682656826568265,0.06382978723404255,0.056541191497433016,1.0,2.422374185263529,1.40580452363767,0.03660579661584855,True,True
0.2,0.4035920933444892,0.25934492836786266,0.4189673015813294,0.18160094269530358,0.0837353936465751,1.3449304703186673,0.00013241541635385578,15,0.46863468634686345,0.02127659574468085,-0.042560129952017946,1.0,2.3157606095889687,1.4024980922422143,0.03275255486681186,True,True
0.2,0.5556319092198039,0.3091891973069458,0.34753152186729186,0.1894361885703773,0.10370965472279335,1.5314210513729607,3.664879721366182e-05,15,0.6125461254612546,0.09574468085106383,0.022646767329832295,1.0,2.51662554255264,1.3767186315817994,0.04221812698944547,True,True
0.2,0.43355775778512873,0.29503563867580174,0.4159949283373685,0.18901748578845298,0.1010202379303715,1.4004387606917286,8.967351261797458e-05,15,0.46863468634686345,0.02127659574468085,0.013594635948875574,1.0,2.3251620021661115,1.3780962439844124,0.014575305746356173,True,True
0.2,0.5889186465708437,0.2849425339178318,0.331878113651903,0.20480908093500416,0.11372441673899286,1.6849208933290296,1.343742795505594e-05,15,0.6605166051660517,0.11702127659574468,-0.009762378528105018,1.0,2.556444317841983,1.3261388692783012,0.06274082760931479,True,True
0.2,0.5722353693872965,0.24387426688518005,0.3444882557376446,0.22551016529369117,0.08613960449240607,1.4749919550768662,5.365253213845829e-05,15,0.6199261992619927,0.09574468085106383,-0.15005585069872443,1.0,2.556444317841983,1.258028334093892,0.059306416485173395,False,True
0.2,0.521537304500782,0.2549600141581189,0.37230685638770483,0.17177855399091294,0.09104474341984299,1.423507837995451,7.640285431161165e-05,15,0.5608856088560885,0.06382978723404255,-0.007335253576856667,1.0,2.480662154533183,1.4348156336740283,0.034260345116434915,True,True
0.2,0.47730058786358687,0.33832281148923504,0.40387783700187596,0.19110583716345814,0.10186403519371856,1.3961490049647254,9.239529935178521e-05,15,0.4797047970479705,0.031914893617021274,0.04945560946214673,1.0,2.3649193434794364,1.3712251676997051,0.0262187971184453,True,True
0.2,0.5518844118653845,0.3453221470671663,0.3968735460074562,0.20495913628752663,0.11035053624726338,1.509947427942999,4.233627154191072e-05,15,0.5018450184501845,0.031914893617021274,0.03956025080943357,1.0,2.3780040285780863,1.3256451584083535,0.03819735299045066,True,True
0.2,0.5987852495832555,0.34919028696037574,0.3320584769680339,0.19550345916076106,0.08253391168971473,1.4909363063792904,4.8142414832251673e-05,15,0.6568265682656826,0.11702127659574468,0.008827414333745136,1.0,2.3646512178257666,1.35675614846452,0.06659406935835148,True,True
0.2,0.43541364860724713,0.2932275536669532,0.37711686902625446,0.16964644636611884,0.11428963513042961,1.5555952785002751,3.119074476992099e-05,15,0.5461254612546126,0.06382978723404255,0.040948973206805815,1.0,2.461776752522087,1.4418306764070214,0.036019433740995144,True,True
0.2,0.5067444587840761,0.3432195794354239,0.43616411422937723,0.2320217378875825,0.08618094652492143,1.2900857464663251,0.0001957891169954655,15,0.4354243542435424,0.010638297872340425,-0.07002311701360286,1.0,2.2638836028508966,1.2366040122285518,0.07002848048249288,True,True
0.2,0.42692766006635713,0.3521683243868296,0.40708762425187345,0.2273031708598551,0.08679871925281402,1.3042387586300461,0.00017689481391809617,15,0.47601476014760147,0.031914893617021274,-0.04582573264530108,1.0,2.3541572852762997,1.252129002127313,0.06089797285977551,True,True
0.2,0.5011239371088101,0.2700483694137341,0.44629525534882775,0.19582816025748198,0.11436334612191652,1.533559720638384,3.6127890243848645e-05,15,0.42066420664206644,0.010638297872340425,-0.004379297501640596,1.0,2.235192768732497,1.3556878196229274,0.04322332048919417,True,True
0.2,0.468347509307069,0.26128024920503995,0.3302019257480182,0.2188749314021135,0.08315577895988646,1.5043014903212817,4.397994277954665e-05,15,0.6605166051660517,0.11702127659574468,-0.1361890161591711,1.0,2.556444317841983,1.2798595253299898,0.06952588373261853,False,True
0.2,0.4369093978349951,0.3168153918619359,0.38388778201769264,0.23846938552190775,0.09268647004109093,1.354153290133348,0.00012405886118509356,15,0.5202952029520295,0.06382978723404255,-0.09462880499159741,1.0,2.4359943138307245,1.2153900157322721,0.046741497738314625,True,True
0.2,0.5421194264083584,0.3560947628987888,0.3984146503452062,0.17934794289306535,0.09527160297301997,1.386687017203896,9.870743464622186e-05,15,0.4944649446494465,0.031914893617021274,0.0776989383266649,1.0,2.34144924045835,1.4099108934096285,0.03526553861618362,True,True
0.2,0.5952387238140984,0.3287949568287744,0.41937999905032886,0.21302670900842685,0.0849821069073852,1.3039404709652593,0.0001772728653348954,15,0.4612546125461255,0.02127659574468085,-0.040244593028698976,1.0,2.314465814714115,1.29910129789657,0.0435583849891104,True,True
0.2,0.562156185469749,0.3033416923707707,0.45017733599596677,0.18845821590577677,0.11888933941726983,1.5119132774926294,4.1779150683539926e-05,15,0.42066420664206644,0.010638297872340425,0.03299681410836083,1.0,2.2245411486717632,1.3799363490900958,0.05025967498743508,True,True
0.2,0.5117056880159719,0.28873843352919853,0.39028887413796964,0.23755512386350539,0.10701276946786287,1.4555137345606328,6.129050205816563e-05,15,0.5092250922509225,0.031914893617021274,-0.07838053639060016,1.0,2.412442702457414,1.2183981118190954,0.030993466242251633,True,True
0.2,0.5656588309930617,0.30299405979535887,0.465065233990803,0.20550501019899042,0.11180563084887943,1.4630957099263455,5.819058315853442e-05,15,0.3985239852398524,0.0,0.004473044933369009,1.0,2.185340532544294,1.3238491286154792,0.04389344948902664,True,True
0.2,0.580323305665376,0.27797690788965174,0.39756886078081366,0.16088585919165974,0.11062661943998467,1.5305276319128718,3.686872555009985e-05,15,0.4944649446494465,0.031914893617021274,0.03946939011358098,1.0,2.386579097376579,1.4706546872966582,0.022616853744345786,True,True
0.2,0.4015227082867298,0.35477084000400316,0.37592864773434576,0.16078781786877125,0.09027867786736009,1.3962755683762027,9.231377683292818e-05,15,0.5535055350553506,0.06382978723404255,0.09769518264269925,1.0,2.4143229473586327,1.4709772620399142,0.047160328363209915,True,True
0.2,0.5897061144633711,0.24197834542911262,0.4102350136981279,0.22806352200493954,0.08064526142733874,1.3131666083119102,0.0001659584412719453,15,0.46863468634686345,0.031914893617021274,-0.18383398517877864,1.0,2.3437679713320163,1.2496273011283485,0.033841514491539625,False,True
0.2,0.50054454909522,0.3116229149554761,0.4538247907801991,0.19339841277594938,0.1130315755727886,1.4814866111222222,5.13325208060592e-05,15,0.41697416974169743,0.010638297872340425,0.03195651960268809,1.0,2.2146993362323553,1.3636821545313165,0.04506617523873346,True,True
0.2,0.5542725686979265,0.26489932728361837,0.39112568552522076,0.2017593355259588,0.09152418741857003,1.4005862346144018,8.958144133834713e-05,15,0.5055350553505535,0.031914893617021274,-0.06545661066303461,1.0,2.409420788579094,1.3361731161992414,0.01809348299547663,True,True
0.2,0.4008424454748502,0.2566975493464782,0.32788165713576856,0.21156736163976486,0.09030971330407732,1.5430467031674162,3.3908900130481377e-05,15,0.6642066420664207,0.11702127659574468,-0.09833971346769435,1.0,2.556444317841983,1.3039028304432365,0.06642653710839337,True,True
0.2,0.5446782351020906,0.34101789111107933,0.3715540952892506,0.17127457375472185,0.11793913749971907,1.5507692622647153,3.2208075388861956e-05,15,0.5608856088560885,0.06382978723404255,0.06457712629055497,1.0,2.393172853796455,1.4364738252457627,0.056123303735969174,True,True
0.2,0.41333547966351725,0.3058809343306526,0.3441599628210825,0.21600728006465522,0.08452038944289525,1.4788989999902789,5.224404554814359e-05,15,0.6236162361623616,0.09574468085106383,-0.07709953998215538,1.0,2.530724067220066,1.2892946478546032,0.05595577148601106,True,True
0.2,0.5275099061955506,0.32452271821774276,0.449498565064032,0.17177490613923896,0.08110429918758826,1.2603451979827849,0.00024262808311747823,15,0.42066420664206644,0.010638297872340425,0.05373610172083886,1.0,2.226390282353776,1.4348276358051961,0.05084603786228849,True,True
0.2,0.5223535501614273,0.26282029286342745,0.4582053200595422,0.23636844718789898,0.09981731840685742,1.3530424013612128,0.00012503567310498918,15,0.4059040590405904,0.010638297872340425,-0.12369996144149144,1.0,2.2030865814802434,1.222302505524563,0.04523370748869157,False,True
0.2,0.5675375569751564,0.30024767194657287,0.4426964983931031,0.18662246456214127,0.11900867096862722,1.5154645717945798,4.0792064669073195e-05,15,0.42066420664206644,0.010638297872340425,0.03262810461894831,1.0,2.2452338659272386,1.3859763228573656,0.046657731613335564,True,True
0.2,0.48202018511162115,0.28995418354913,0.448596639683469,0.19328981274925908,0.09790340996107164,1.3465520617237408,0.0001309047893682772,15,0.42066420664206644,0.010638297872340425,-0.00451885360464918,1.0,2.228855999713833,1.3640394694337994,0.02839671636790082,True,True
0.2,0.4191009745471454,0.2602251500139646,0.37877668735374703,0.2317656585171268,0.08487848225989388,1.3760042028143669,0.00010637686343633774,15,0.5461254612546126,0.06382978723404255,-0.16268549227483897,1.0,2.4553711739172113,1.237446562438445,0.039537610990115594,False,True
0.2,0.5397340791148962,0.2929635475653258,0.4346986824957273,0.22452714969524312,0.10108168294757824,1.4026542738073051,8.830064213134935e-05,15,0.44280442804428044,0.010638297872340425,-0.06414947204982659,1.0,2.2681443361216393,1.2612626438210937,0.03132853074216787,True,True
0.2,0.4247601840921479,0.3277663949524225,0.46728390558876615,0.22602552689911232,0.1058100070103272,1.3397801194407999,0.00013733465057009372,15,0.3985239852398524,0.0,-0.02096441416879084,1.0,2.1797125163810653,1.2563326956359964,0.061986932484503265,True,True
0.2,0.5427799634415681,0.24315273956472366,0.436348511815682,0.16774858627837116,0.08025935697920053,1.2853620703427067,0.0002025514835536554,15,0.4354243542435424,0.010638297872340425,-0.02579223284027643,1.0,2.2633494951836877,1.448074999846406,0.04489864298877534,True,True
0.2,0.48105798035822,0.25773042676685876,0.4459015458427409,0.23407204262414405,0.11082253002709111,1.4986919004874868,4.567922000741458e-05,15,0.42066420664206644,0.010638297872340425,-0.08708874481147151,1.0,2.236283384226957,1.2298581166764797,0.049505779862623556,True,True
0.2,0.4675124094733169,0.2956332168532344,0.3791261225296822,0.16060052753450674,0.09426555646974924,1.410292650644727,8.373297680057703e-05,15,0.5461254612546126,0.06382978723404255,0.054804594038594695,1.0,2.4540297789249186,1.4715934831363837,0.02680515999329871,True,True
0.2,0.43090563119586905,0.29480423201131234,0.46789795513153687,0.20382552909865784,0.10886257570200397,1.424671431564062,7.579032578795533e-05,15,0.3985239852398524,0.0,-0.0038917899932714986,1.0,2.1781643114288096,1.3293749433309654,0.042385659239403586,True,True
0.2,0.5363139569187911,0.2678659336463933,0.3904067298381002,0.1667109302136456,0.10721048789592953,1.4662241204331175,5.695964389862716e-05,15,0.5092250922509225,0.031914893617021274,0.02767128127034491,1.0,2.412016315279966,1.4514890871802488,0.02395711174401072,True,True
0.2,0.4971227224353708,0.3386363849564142,0.4384928407175229,0.1959244620675796,0.11068073846177913,1.4694471587801468,5.571987544841584e-05,15,0.4280442804428044,0.010638297872340425,0.048649610623284954,1.0,2.257171431178776,1.355370968210155,0.0459876026135031,True,True
0.2,0.48689821950905193,0.3150418811759995,0.4188080608405259,0.19324119299985848,0.09716322756785258,1.370452425292908,0.00011060510075904709,15,0.46863468634686345,0.02127659574468085,0.020141804643460035,1.0,2.316260892925852,1.3641994377279638,0.02127659574468085,True,True
0.2,0.5648060176172788,0.243617293898168,0.46570965971664047,0.20062619625271083,0.09040253220904086,1.3026018569958002,0.00017897978338157996,15,0.3985239852398524,0.0,-0.08475286433508394,1.0,2.1837003176225895,1.3399013615897784,0.044982409113754396,True,True
0.2,0.44793786083645576,0.24530695470136255,0.3758291923551497,0.16532823294794832,0.1101397481880791,1.5250023255371663,3.825989806016018e-05,15,0.5498154981549815,0.06382978723404255,0.016361683634808645,1.0,2.466785133618804,1.4560384261971269,0.03627073211593232,True,True
0.2,0.4667599968981793,0.32421551238887464,0.4511643169386769,0.21058708325296582,0.10704773007123342,1.3739655443289907,0.00010790961682120057,15,0.42066420664206644,0.010638297872340425,0.008898122265733199,1.0,2.221862304774036,1.307128134219489,0.047160328363209915,True,True
0.2,0.5739824450968306,0.2625402309377288,0.4103869840092374,0.19164985196601617,0.09801587286056523,1.4077919651324582,8.520061716239616e-05,15,0.46863468634686345,0.02127659574468085,-0.028408364446064382,1.0,2.343270360918871,1.3694352547314543,0.014407773496398057,True,True
0.2,0.547989054650129,0.2986584511410421,0.33218077691567954,0.200975292427973,0.11944625897258127,1.686862211806296,1.3272136913541005e-05,15,0.6531365313653137,0.11702127659574468,0.010250690870680661,1.0,2.556444317841983,1.3387527682641363,0.06642653710839337,True,True
0.2,0.4869935448454494,0.24582304840143218,0.4143204571150998,0.22129771690376354,0.08767113206892575,1.3584738164182684,0.00012033461448539859,15,0.46863468634686345,0.02127659574468085,-0.1414358865237111,1.0,2.3305176287092024,1.2718880966697725,0.03015580499246105,False,True
0.2,0.5941667305815123,0.31617024821058376,0.34597300148504895,0.23595272408361542,0.1177755477706794,1.6497486664821421,1.683789520695914e-05,15,0.6199261992619927,0.09574468085106383,-0.03023275960527837,1.0,2.4877110139527394,1.2236703142166423,0.07714860110571285,True,True
0.2,0.5530080834974941,0.2458425243051337,0.34882162850120624,0.16497065891870974,0.10898695197443445,1.586301774351355,2.5458266872980623e-05,15,0.6051660516605166,0.09574468085106383,0.015553092933426112,1.0,2.556444317841983,1.4572149132872472,0.05285642486178589,True,True
0.2,0.4805562031296822,0.28488509187363265,0.4311960288746014,0.20671966884415816,0.08981619430963642,1.341997839589843,0.0001351935640511019,15,0.44649446494464945,0.010638297872340425,-0.06109869395178465,1.0,2.278445614550895,1.31985266886703,0.02956944211760764,True,True
0.2,0.5740392786788382,0.28073243654306224,0.43708439173008024,0.20426189761033894,0.10634114852187207,1.4269174949010732,7.462241131813018e-05,15,0.4354243542435424,0.010638297872340425,-0.021463437360857242,1.0,2.261222506583864,1.3279392072915752,0.030909700117272575,True,True
0.2,0.43062762195451637,0.3183923025354083,0.34821172493700603,0.17932794212923966,0.08391904677289874,1.459709528089377,5.955430112259649e-05,15,0.6051660516605166,0.09574468085106383,0.02455091656595085,1.0,2.478737496672679,1.4099766997560335,0.05268889261182778,True,True
0.2,0.43957482129968745,0.3542503447030535,0.3343360270044362,0.23405974446494457,0.11120211773080364,1.654867794205343,1.6291446699480367e-05,15,0.6457564575645757,0.11702127659574468,-0.008416569045087493,1.0,2.3475696888888247,1.2298985799773554,0.09432065672641983,True,True
0.2,0.5788203932276308,0.3343676830603651,0.40596454305703084,0.2206053613976892,0.11041011728437299,1.4911299676103722,4.807924663036384e-05,15,0.4797047970479705,0.031914893617021274,0.0036754732007519045,1.0,2.3579034956485176,1.2741660789841052,0.04548500586362875,True,True
0.2,0.5832583106820217,0.3267556714416588,0.367435090343974,0.20725130005839604,0.10710357589103162,1.4806107631788703,5.1639176706076087e-05,15,0.5682656826568265,0.06382978723404255,0.014193958238672073,1.0,2.445911906674642,1.3181035002778356,0.0425531914893617,True,True
0.2,0.5552711104293374,0.31991460115872733,0.3495890220922739,0.1830745588486303,0.11456786500378574,1.638451813876169,1.811299656428965e-05,15,0.6051660516605166,0.09574468085106383,0.044565135968705316,1.0,2.4726520919647177,1.3976496126591942,0.05503434411124141,True,True
0.2,0.5079976233151849,0.31446065246675164,0.3222397077990161,0.21547545905267504,0.0916966568469406,1.5288600373949917,3.72829308826244e-05,15,0.6715867158671587,0.1276595744680851,-0.05259661152793043,1.0,2.4946895023033795,1.291044440914747,0.06902328698274418,True,True
0.2,0.43442721939573636,0.33767409105081414,0.43898289400763074,0.23126684597625738,0.09586365437466485,1.3324042142798083,0.00014471271655173607,15,0.4280442804428044,0.010638297872340425,-0.045742666418441456,1.0,2.255768002925674,1.2390877513021121,0.06140056960964986,True,True
0.2,0.5478691428115955,0.32760651924542433,0.42678943378817213,0.22434310252782433,0.10913514043493111,1.4869780253426905,4.945270416458599e-05,15,0.4575645756457565,0.010638297872340425,-0.011882082747089113,1.0,2.29164554809504,1.261868194277044,0.051599932987100014,True,True
0.2,0.5031618343886519,0.2901920483709563,0.38204929801332244,0.1763263072865962,0.08783337798219072,1.3537668023861966,0.00012439779913333952,15,0.5239852398523985,0.06382978723404255,0.015845293659715463,1.0,2.442904554446459,1.419852653692467,0.025883732618529068,True,True
0.2,0.5780870566325137,0.3246650209278061,0.4177326789149722,0.21876026255170744,0.09483274289225513,1.3542237914168767,0.0001239971373531206,15,0.46863468634686345,0.02127659574468085,-0.032683793208652986,1.0,2.319649383328955,1.2802368078256703,0.03719215949070196,True,True
0.2,0.5186431395871627,0.2994571216151088,0.3955829031713036,0.22029732748369987,0.09435982638847731,1.3974496971034756,9.15610546746273e-05,15,0.5055350553505535,0.031914893617021274,-0.06384974065147667,1.0,2.3935401851474274,1.2751795696000185,0.0163343943709164,True,True
0.2,0.4423060494866471,0.33209873896029607,0.3279473588366668,0.19412170945798257,0.11950307728005671,1.6730587252840126,1.4495536513032886e-05,15,0.6605166051660517,0.11702127659574468,0.03625969284669386,1.0,2.425693036116771,1.361302369817782,0.07731613335567096,True,True
0.2,0.4138231677102597,0.3532514274129713,0.3434531255197904,0.22688663934020292,0.08576651076674628,1.4727750585022104,5.446930705990133e-05,15,0.6273062730627307,0.09574468085106383,-0.05165615900880381,1.0,2.3722836818385047,1.2534994706608988,0.08234210085441447,True,True
0.2,0.5358289672760549,0.24185205166731927,0.45822629987560304,0.20354415256732872,0.0900401281726782,1.3044778905964252,0.00017659234097324757,15,0.4059040590405904,0.010638297872340425,-0.0931296165408266,1.0,2.203031498358232,1.3303007260486768,0.044060981738984754,True,True
0.2,0.4611455009069763,0.27466627806416966,0.4098826519308397,0.16806884639541286,0.09178584747786728,1.3550784593621399,0.0001232514112283026,15,0.46863468634686345,0.031914893617021274,0.022976903664541914,1.0,2.3449231616162924,1.447021282679132,0.022281789244429553,True,True
0.2,0.5819265355254015,0.2736673390811314,0.33706915006428484,0.20807426374969437,0.10608546042734215,1.5637678044159566,2.954397729977832e-05,15,0.6383763837638377,0.11702127659574468,-0.03585688565179433,1.0,2.556444317841983,1.315395792001281,0.05419668286145083,True,True
0.2,0.4326711685747457,0.33623210989356134,0.3833182868357723,0.17194779771627564,0.11601700595997891,1.501438992552593,4.483864525037426e-05,15,0.5202952029520295,0.06382978723404255,0.0647258613997088,1.0,2.410435583397814,1.4342587893797236,0.04774669123806333,True,True
0.2,0.5657417548224968,0.3310041639871239,0.4061260247747148,0.17658653506388078,0.11617429011376755,1.519867272389772,3.960208697155273e-05,15,0.47601476014760147,0.031914893617021274,0.06061030511014404,1.0,2.357363573123119,1.4189964544290083,0.03995644161501089,True,True
0.2,0.5390685438846786,0.24601499668682625,0.4248170309271047,0.2238347993340434,0.11720816226754045,1.6023244493130544,2.2916364260337004e-05,15,0.4575645756457565,0.010638297872340425,-0.05616616684304658,1.0,2.297642589618982,1.2635406092078025,0.04531747361367063,True,True
0.2,0.5464478864594408,0.35190608846830956,0.4053761307893482,0.18940858712412292,0.08540385007369151,1.3185648253446731,0.0001596884863159486,15,0.4797047970479705,0.031914893617021274,0.04467680284441703,1.0,2.3554298550708523,1.376809445630169,0.041966828614508296,True,True
0.2,0.4087184375414335,0.25788879317028884,0.4041286893126854,0.20592208755703034,0.10790328689652678,1.486948019401945,4.946277799333593e-05,15,0.4833948339483395,0.031914893617021274,-0.040264894481184976,1.0,2.364072105506892,1.3224768641689804,0.019266208745183446,True,True
0.2,0.5733691665062023,0.34411759550638893,0.3452545578008485,0.21732457325506138,0.10302890789114859,1.5231481846108927,3.873895485475718e-05,15,0.6199261992619927,0.09574468085106383,0.0020144190622917333,1.0,2.3822156570927904,1.2849605007810132,0.06223823085944044,True,True
0.2,0.45058660530613986,0.25939125633060106,0.44648674498556296,0.1851282993943538,0.10519242260551563,1.4049465293102557,8.690324814608092e-05,15,0.42066420664206644,0.010638297872340425,-0.007091126884440507,1.0,2.2346630181469784,1.3908924126364597,0.037359691740660075,True,True
0.2,0.41229229015675783,0.278580114082028,0.3235375471879751,0.20810458630247886,0.08352085556226452,1.5373700636564127,3.5218929263486175e-05,15,0.6752767527675276,0.11702127659574468,-0.09207332080910385,1.0,2.556444317841983,1.3152960249908907,0.07011224660747194,True,True
0.2,0.4461051869634592,0.26275391745922483,0.3501833361939372,0.237769739818133,0.09168234385806615,1.4944558477588175,4.700782857739288e-05,15,0.6051660516605166,0.0851063829787234,-0.14575511343434852,1.0,2.556444317841983,1.2176919841943044,0.05520187636119953,False,True
0.2,0.4631970622725165,0.3571137824001305,0.35606449047828304,0.21810924492242745,0.10043574548266032,1.5182549520094066,4.003360053084615e-05,15,0.5940959409594095,0.07446808510638298,0.008567825639879333,1.0,2.338091547854508,1.2823787806023832,0.061149271234712685,True,True
0.2,0.48297767723546225,0.2965344663692763,0.41835809377000654,0.22895296986260494,0.1009941197065665,1.3995664251396278,9.022015139180401e-05,15,0.46863468634686345,0.02127659574468085,-0.07015398191719976,1.0,2.3176766036933714,1.246700847201852,0.02554866811861283,True,True
0.2,0.5578941693596681,0.356979085071179,0.4429565579120991,0.22196141988211335,0.09844010041753785,1.3135536382662774,0.00016550051965482428,15,0.42066420664206644,0.010638297872340425,0.0026073852291510066,1.0,2.244502789900874,1.2697043866633004,0.0613168034846708,True,True
0.2,0.5989476928133892,0.3378121117707532,0.3251585648795902,0.1936031296862966,0.09564333208080547,1.5476675473609445,3.288021116632425e-05,15,0.6642066420664207,0.11702127659574468,0.0234580708279941,1.0,2.4046892675871723,1.3630085966594945,0.06073044060981739,True,True
0.2,0.5099295784747507,0.3044657984978914,0.3436206393195622,0.2346533395030256,0.11242831721099929,1.6494186000044935,1.6873782498160586e-05,15,0.6236162361623616,0.09574468085106383,-0.04670541723712032,1.0,2.5368351856601885,1.2279455385315077,0.0667616016083096,True,True
0.2,0.46594428736638893,0.2862928085373529,0.43816250100555565,0.1919195039265427,0.10498493215614045,1.4096158404156818,8.412757416675685e-05,15,0.4280442804428044,0.010638297872340425,0.00503767352888166,1.0,2.2581192385505067,1.368548048098857,0.02906684536773329,True,True
0.2,0.541494033432196,0.34104602739751355,0.3824689139533587,0.21183615025756208,0.09813942957132571,1.3627782467041019,0.00011673974420066944,15,0.5202952029520295,0.06382978723404255,0.006122976449158283,1.0,2.3930726131400606,1.3030184643736897,0.03853241749036689,True,True
0.2,0.4998726846945852,0.27658504159881503,0.3766136790404602,0.1890856022629506,0.10219074888941578,1.455318055587074,6.137275156594917e-05,15,0.5498154981549815,0.06382978723404255,-0.0031382038617411316,1.0,2.4637298186592753,1.3778721277278665,0.02236555536940861,True,True
0.2,0.5628283576360379,0.3598346236494885,0.38625760396931025,0.16017556985966575,0.08986103611928235,1.3656593064048665,0.00011439617083418295,15,0.5202952029520295,0.0425531914893617,0.1035196209759443,1.0,2.3292081239836797,1.4729916753355279,0.04481487686379628,False,True
0.2,0.5684935527107151,0.2780996040565744,0.34090247209032154,0.23618608403035868,0.09855769384570365,1.5259820112804774,3.800928181096982e-05,15,0.6309963099630996,0.10638297872340426,-0.10702340218904922,1.0,2.556444317841983,1.2229025152652497,0.055872005361032,False,True
0.2,0.5028395256376725,0.3486603167100934,0.33884087355242787,0.1983457946117522,0.1109053486065039,1.6099693753031254,2.179869425807784e-05,15,0.6346863468634686,0.11702127659574468,0.04424386488535521,1.0,2.3664653551179544,1.3474043200585175,0.06098173898475456,True,True
0.2,0.49672733640354216,0.28910415144326135,0.47870668812186806,0.2171555612186971,0.11647959310230803,1.510274921289447,4.224292346623522e-05,15,0.39114391143911437,0.0,-0.02127544185383317,1.0,2.1515625033134205,1.2855165827741069,0.06022784385994304,True,True
0.2,0.5385305301144181,0.31053419300790186,0.45503189579767567,0.23260902053305693,0.08907452667285594,1.286762392319649,0.0002005219081914843,15,0.41697416974169743,0.010638297872340425,-0.10114588184160658,1.0,2.2114769914318417,1.2346717397642357,0.056123303735969174,False,True
0.2,0.44865467108440116,0.3051044446049824,0.3648683264955552,0.23315597324114515,0.10338204703557802,1.4854554235747237,4.996660004674121e-05,15,0.5756457564575646,0.06382978723404255,-0.06380085114716331,1.0,2.5108482487947903,1.232872160523701,0.04347461886413134,True,True
0.2,0.4038625532426004,0.27970121808694876,0.33181918963981993,0.18635740687220778,0.08437932713642332,1.5171838660766095,4.032297727872349e-05,15,0.6642066420664207,0.11702127659574468,-0.03314627485833179,1.0,2.556444317841983,1.3868484134591577,0.06399731948400067,True,True
0.2,0.5544001548912589,0.32556310482728174,0.46371530338981315,0.1975136707720781,0.09845622139489117,1.3078482934269369,0.00017238582125074937,15,0.3985239852398524,0.0,0.024538485037648373,1.0,2.188791200326397,1.350142166978895,0.039705143240073716,True,True
0.2,0.5713754049774773,0.24937968102518418,0.37771654645214997,0.18768653120944556,0.09946309702689919,1.4451790564264415,6.579607929558753e-05,15,0.5461254612546126,0.06382978723404255,-0.02882435637400995,1.0,2.459455979105036,1.3824753396448914,0.023286982744178255,True,True
0.2,0.4713592379263361,0.24277201905299145,0.4301935146108952,0.21172560955775627,0.1148066626905407,1.569859344970996,2.8375906492909065e-05,15,0.44649446494464945,0.010638297872340425,-0.04249761211036278,1.0,2.281424878348303,1.3033821644626793,0.04171553023957112,True,True
0.2,0.49584307877565637,0.31005277859075914,0.4485591644063388,0.1640961084182342,0.10194465534357514,1.3718234424049058,0.0001095449286889684,15,0.42066420664206644,0.010638297872340425,0.06403277207732627,1.0,2.2289586655889204,1.4600923520533082,0.03861618361534595,True,True
0.2,0.5259182084453995,0.2734180595324343,0.4541941940149135,0.22340368527160487,0.09603129497970003,1.340750593948626,0.0001363934067137335,15,0.41697416974169743,0.010638297872340425,-0.09762831085739633,1.0,2.2137114022826867,1.264959057102098,0.042720723739319816,True,True
0.2,0.4848541662497714,0.27324707376000956,0.4669556125649852,0.19706390994578218,0.0802485230923126,1.221669916527854,0.000321471855349816,15,0.3985239852398524,0.0,-0.08068708201472724,1.0,2.1805419129634673,1.3516219663001872,0.04925448148768638,True,True
0.2,0.5712665383735931,0.32702044131184294,0.3989937610973761,0.1617044972333831,0.09887887028604132,1.4140270060453626,8.159016803855879e-05,15,0.4907749077490775,0.031914893617021274,0.0785381523951229,1.0,2.3816272981570705,1.467961211236275,0.023370748869157312,True,True
0.2,0.5126630017713548,0.32970242932754146,0.4501749205789298,0.18841897541623076,0.11887768984938299,1.4974358770982146,4.606901913116511e-05,15,0.42066420664206644,0.010638297872340425,0.05121262580228652,1.0,2.224547718956818,1.3800654578216753,0.05846875523538281,True,True
0.2,0.44917670950199123,0.3415365201247483,0.345557280625167,0.19297145453780754,0.09230410589759136,1.489847419480796,4.849920525027886e-05,15,0.6199261992619927,0.09574468085106383,0.02979450991255156,1.0,2.391327457962614,1.3650869289671557,0.05335902161166024,True,True
0.2,0.4880726631185127,0.2622663535506231,0.4392567850531512,0.21300074667521432,0.10003107470120275,1.3945083168761117,9.34589190663957e-05,15,0.4280442804428044,0.010638297872340425,-0.07153557055458798,1.0,2.254984990293983,1.2991867189488733,0.030407103367398224,True,True
0.2,0.5179253140333894,0.2813456974946964,0.4061716677122803,0.1886463046340152,0.11902912901584306,1.5483499474302413,3.273108673005698e-05,15,0.47601476014760147,0.031914893617021274,0.017049760265325578,1.0,2.357211041408707,1.3793175011244287,0.029904506617523873,True,True
0.2,0.537663073313289,0.2448157778833584,0.4737448957007616,0.20533257737614352,0.08187813131031532,1.246807842954439,0.0002676578615538143,15,0.39114391143911437,0.0,-0.1289034580987196,1.0,2.1636234545832362,1.324416465651741,0.05411291673647177,False,True
0.2,0.5340181003502851,0.2579338740327822,0.35560734349319467,0.1919131456953093,0.09289763810372449,1.500250748500213,4.520023056208813e-05,15,0.5940959409594095,0.07446808510638298,-0.04450108169912116,1.0,2.5501948489346784,1.3685689678982564,0.041547997989613,True,True
0.2,0.49662962814223044,0.3291940707231443,0.46006208054352343,0.17409651386896782,0.09431375535236257,1.2964537736760218,0.00018704126384795302,15,0.4022140221402214,0.010638297872340425,0.0662760983973689,1.0,2.198231054981164,1.4271891014066955,0.046741497738314625,True,True
0.2,0.4667572413325211,0.3072950955797582,0.39205014897491836,0.21409601028684666,0.11883067959907889,1.5670710351229762,2.8904451826106148e-05,15,0.5055350553505535,0.031914893617021274,0.0017450669548469962,1.0,2.4060973412913116,1.2955830917444373,0.03576813536605797,True,True
0.2,0.43702152785330484,0.26002049828704443,0.37673899321789156,0.20967392120983158,0.08337548988572682,1.3781505569441694,0.0001047876065991748,15,0.5498154981549815,0.06382978723404255,-0.11625529351468239,1.0,2.463242940206264,1.310132612361324,0.03434411124141397,False,True
0.2,0.5520887634556075,0.25692141238405297,0.4687273406838725,0.16254135253178933,0.09507212401688361,1.3298524316827534,0.00014736014654010077,15,0.3948339483394834,0.0,0.0191359209068459,1.0,2.176079618744251,1.4652077969098203,0.047244094488188976,True,True
0.2,0.557693945717505,0.331505273270957,0.4282958515688818,0.18937894717517684,0.10121296553185746,1.3984821106757646,9.090446742699388e-05,15,0.45387453874538747,0.010638297872340425,0.04704130323196042,1.0,2.2871025252922337,1.3769069667431006,0.03325515161668621,True,True
0.2,0.46901100034922244,0.31591617728091537,0.46846640571133763,0.18692923275230602,0.1051887004295688,1.3593187868833199,0.00011961995660612569,15,0.3948339483394834,0.0,0.04028213496951719,1.0,2.1767346930447227,1.3849669967154283,0.044563578488859105,True,True
0.2,0.58041927131147,0.2462002931517877,0.4132074568040868,0.21234047912593954,0.10778427919836152,1.469129075645909,5.584096564413626e-05,15,0.46863468634686345,0.02127659574468085,-0.0583718070194881,1.0,2.334101461745554,1.301359125735242,0.026135030993466243,True,True
0.2,0.5363103317775476,0.2567878153253338,0.40477022649885025,0.18328878927154413,0.10552655106500208,1.4544914640689572,6.172146518531379e-05,15,0.4797047970479705,0.031914893617021274,-0.005202048302674078,1.0,2.3619101308284125,1.396944753507634,0.018177249120455687,True,True
0.2,0.5050314046913708,0.2854507101840916,0.32723750021387477,0.19264630442740938,0.10763740307609221,1.6076488477186615,2.2131778467945825e-05,15,0.6642066420664207,0.11702127659574468,-0.00015789020493300158,1.0,2.556444317841983,1.366156735149806,0.06039537610990116,True,True
0.2,0.5970159021524035,0.25425160138262176,0.47390913370073506,0.1606954701557434,0.10877012311248456,1.4267462901294574,7.471077054814929e-05,15,0.39114391143911437,0.0,0.023715541049321012,1.0,2.163220189114579,1.4712811037154707,0.05377785223655554,True,True
0.2,0.5423945803501155,0.2744520183336955,0.4006444137915522,0.1791361960163899,0.1147884763618166,1.56354707854155,2.9587236018543742e-05,15,0.4870848708487085,0.031914893617021274,0.021032950306007738,1.0,2.3759350015879814,1.4106075812180592,0.024375942368906015,True,True
0.2,0.5858886425601086,0.3325082436081845,0.4271432092704983,0.20231303605028983,0.11002680071009185,1.4858288862947282,4.9840037694853516e-05,15,0.4575645756457565,0.010638297872340425,0.03342123841129544,1.0,2.2905757604527355,1.334351335349957,0.04087786898978053,True,True
0.2,0.5027286381625062,0.3194271950829501,0.4456177557377977,0.2389322814855686,0.1031324472963988,1.3565103709870658,0.00012201245613466096,15,0.42066420664206644,0.010638297872340425,-0.0643549311310141,1.0,2.2370707069645093,1.2138669992915214,0.05771486011057129,True,True
0.2,0.5054379124627416,0.29172080476095247,0.479140912785004,0.23003168963173423,0.09527830444344855,1.2988434949508711,0.00018386396833516171,15,0.39114391143911437,0.0,-0.09722303788307445,1.0,2.150518892077689,1.2431516524101034,0.05277265873680684,True,True
0.2,0.5036298381957667,0.26679954913403053,0.37745849689782446,0.1938831740182717,0.10703230297642408,1.472428039104849,5.459833095396285e-05,15,0.5461254612546126,0.06382978723404255,-0.012999318257467024,1.0,2.4604537363897734,1.3620871971329918,0.026972692243256827,True,True
0.2,0.5459792144186196,0.3091188153783903,0.39800398300124773,0.18586269685302634,0.102464515638175,1.434157548878371,7.09838140373115e-05,15,0.4944649446494465,0.031914893617021274,0.033093466677777766,1.0,2.385063204567898,1.3884761042401672,0.012313620371921595,True,True
0.2,0.4774525701261225,0.3245548455236579,0.47037829440123907,0.18091579738459995,0.1133728417423266,1.4723396871959393,5.463123167949359e-05,15,0.3948339483394834,0.0,0.055574321014374505,1.0,2.1719517645435027,1.4047523516318454,0.056542134360864464,True,True
0.2,0.5347606577539719,0.3186528725352002,0.4208953061080755,0.22863962859068152,0.09654769609889753,1.3704340380454554,0.00011061939147990602,15,0.4575645756457565,0.02127659574468085,-0.058578474808472364,1.0,2.3097334755853636,1.2477318000425959,0.03995644161501089,True,True
0.2,0.500975627536932,0.31801840436490036,0.4673020236398956,0.21043111756139343,0.09568732494004131,1.2939945629000857,0.00019037046003781376,15,0.3985239852398524,0.0,-0.017190577798840694,1.0,2.179666777029193,1.3076412912377078,0.04607136873848216,True,True
0.2,0.5821260577174998,0.31193554679257085,0.478202406020566,0.19161106494215194,0.11686580708760459,1.4857108113738686,4.988001571779064e-05,15,0.39114391143911437,0.0,0.03560188634462325,1.0,2.152776868510334,1.3695628714740282,0.057547327860613166,True,True
0.2,0.5878973317436855,0.26092311016218583,0.4468556844120869,0.1674141788715841,0.11743401190928918,1.520082364304244,3.95448897105267e-05,15,0.42066420664206644,0.010638297872340425,0.022396604842851994,1.0,2.2336436378822633,1.4491752643084626,0.05277265873680684,True,True
0.2,0.5974391530074278,0.2794011771156567,0.43097353957749535,0.2349268095448046,0.09999998441484659,1.3960204500804017,9.247818140011336e-05,15,0.44649446494464945,0.010638297872340425,-0.10423262891693413,1.0,2.279105609747929,1.2270457696798025,0.03392528061651868,False,True
0.2,0.46786853887997387,0.25034377544950853,0.3721473522453677,0.18515654267990653,0.11662757161141622,1.5864988681018743,2.5425264654384797e-05,15,0.5608856088560885,0.06382978723404255,-0.00046969964609405317,1.0,2.481296773443206,1.3907994868137816,0.044060981738984754,True,True
0.2,0.5727465561945844,0.34913162748701304,0.32201810294247224,0.19368978153136218,0.08683403999114277,1.4964591940727177,4.6374529055252434e-05,15,0.6715867158671587,0.1276595744680851,0.01772156158928673,1.0,2.364851777531509,1.362723495481224,0.0681856257329536,True,True
0.2,0.40539453966246997,0.3259608780375593,0.38210573708873463,0.19376443059741638,0.11555922572104636,1.5232587891615061,3.871020255679938e-05,15,0.5276752767527675,0.06382978723404255,0.04145249877722605,1.0,2.4426914296721973,1.3624778857463973,0.04071033673982242,True,True
0.2,0.5083961627098236,0.27881328545291795,0.38513059864388144,0.21958902450335455,0.09636351853529955,1.3892250619541244,9.697142583739623e-05,15,0.5202952029520295,0.06382978723404255,-0.0785264513249768,1.0,2.4313603594925715,1.277510022161253,0.022198023119450495,True,True
0.2,0.47640194381991385,0.3216038707523425,0.3649635329320005,0.19684660983559757,0.08807249170828607,1.4221886371442913,7.710354424324113e-05,15,0.5756457564575646,0.06382978723404255,-0.0015566059715374368,1.0,2.4659575804250684,1.3523369253112159,0.03777852236555537,True,True
0.2,0.5130553539754913,0.24425135255626543,0.3786898307952683,0.170776747194938,0.09005199049904951,1.4023386394262694,8.849488362192067e-05,15,0.5461254612546126,0.06382978723404255,-0.011884261059021996,1.0,2.4557049788446106,1.4381117700426818,0.031496062992125984,True,True
0.2,0.4891092653154837,0.30866157226978835,0.43204033547330334,0.22198689713168163,0.09305096040477547,1.3470018615839556,0.0001304889509705183,15,0.44649446494464945,0.010638297872340425,-0.06292541313510035,1.0,2.275947236552775,1.2696205616291594,0.03794605461551349,True,True
0.2,0.5962606759885367,0.2889217872762317,0.3430627298832036,0.239017163756854,0.08789547971174787,1.465665514403987,5.717742883028924e-05,15,0.6236162361623616,0.10638297872340426,-0.13723227530337245,1.0,2.556444317841983,1.2135877203501508,0.06315965823421009,False,True
0.2,0.5936886485933376,0.3204759959502579,0.3473861543433054,0.17678043019386133,0.11243587689053772,1.6154944790747767,2.102661450571527e-05,15,0.6125461254612546,0.09574468085106383,0.0503098479018235,1.0,2.4704205325028283,1.418358502288734,0.05411291673647177,True,True
0.2,0.4217959216672073,0.35790629526887835,0.4425472518838627,0.17626973878209726,0.08914332393560974,1.2930163941161712,0.00019171170292051642,15,0.42066420664206644,0.010638297872340425,0.08301421799768367,1.0,2.245653813869264,1.4200387749143917,0.05084603786228849,True,True
0.2,0.49529903623486654,0.26568984819760355,0.3378041159130523,0.2027828585494471,0.1161218275186924,1.6604055822383947,1.572121691729968e-05,15,0.6383763837638377,0.11702127659574468,-0.016065659626880665,1.0,2.556444317841983,1.3328055292798586,0.0637460211090635,True,True
0.2,0.43103431352347965,0.2597438706545715,0.43271373907047894,0.20816644396404618,0.09567414361252721,1.3915152041055843,9.54322666707641e-05,15,0.44280442804428044,0.010638297872340425,-0.07521813238891625,1.0,2.2739615647764486,1.315092501428472,0.02998827274250293,True,True
0.2,0.4080016117748355,0.3312302541377583,0.37793215477454023,0.23766884246712705,0.08481735623259136,1.361108254145598,0.00011812100010607273,15,0.5498154981549815,0.06382978723404255,-0.10291051846478058,1.0,2.4289409230565564,1.2180239558174635,0.06500251298374937,False,True
0.2,0.5893306390966553,0.2947105326775278,0.437082325094968,0.22296839283504713,0.09760539395541165,1.3708821899502774,0.0001102716307566159,15,0.4354243542435424,0.010638297872340425,-0.06844137700131185,1.0,2.261228469960937,1.2663912526480878,0.032920087116769976,True,True
0.2,0.48097784835702656,0.3596581149384377,0.33992445335608723,0.17005472946046873,0.09366307368014468,1.4765559262293166,5.308401917845071e-05,15,0.6309963099630996,0.11702127659574468,0.08175531606526364,1.0,2.329780837678654,1.4404873467736032,0.05989277936002681,True,True
0.2,0.5283193803713203,0.27349635596818883,0.4580889703430825,0.21029936797855237,0.10564399886676101,1.3794985328126814,0.00010380215739413743,15,0.4059040590405904,0.010638297872340425,-0.04180816166356565,1.0,2.2033921526502427,1.308074772616854,0.04112916736471771,True,True
0.2,0.40650766968867935,0.2730694836277305,0.43552299361066016,0.17571961768473277,0.11027546289925903,1.516755112018932,4.0439426767776056e-05,15,0.44280442804428044,0.010638297872340425,0.02281536461784441,1.0,2.2657441288147,1.4218487787629102,0.03836488524040878,True,True
0.2,0.45413400770263546,0.27983592625295867,0.32374591893431903,0.21429154629779248,0.08543477314603265,1.5357762174042986,3.5596196117253306e-05,15,0.6715867158671587,0.11702127659574468,-0.09996013778615098,1.0,2.556444317841983,1.29493974079129,0.06986094823253476,True,True
0.2,0.5843059343241156,0.26530675264512976,0.4315651530867384,0.22687046783441783,0.09561113860011766,1.3797530084296892,0.00010361720591961378,15,0.44649446494464945,0.010638297872340425,-0.11356404483487373,1.0,2.277352140652792,1.253552678014421,0.03484670799128832,False,True
0.2,0.41706963908768746,0.29880477636306696,0.3926407950350983,0.17780789055279922,0.10766946602995627,1.4782557919783366,5.247323873165804e-05,15,0.5092250922509225,0.031914893617021274,0.03894008054953637,1.0,2.403982161551038,1.4149779607810782,0.018009716870497572,True,True
0.2,0.46080908270365684,0.2658970153480756,0.38137896228731566,0.19993649574802383,0.10086136584249157,1.4284205324130441,7.385135208827326e-05,15,0.5313653136531366,0.06382978723404255,-0.035889559985180515,1.0,2.4454406945268197,1.3421706084406795,0.01750712012062322,True,True
0.2,0.4380625346330839,0.24168240312957368,0.42147292747271764,0.2306712482003908,0.0882362353654554,1.3615809349148031,0.00011772832799014605,15,0.4575645756457565,0.02127659574468085,-0.1606648754552292,1.0,2.3079385084874255,1.2410473821391261,0.035600603116099847,False,True
0.2,0.5992273104646557,0.3535955843094624,0.36277129258242363,0.2285714016834831,0.08046924529678665,1.3653888614248315,0.00011461406538692507,15,0.5756457564575646,0.06382978723404255,-0.06817180489028658,1.0,2.3497558754929173,1.2479562796438932,0.07790249623052438,True,True
0.2,0.5794915218724024,0.244368895382494,0.3866896462008181,0.18277419767657876,0.08148220708206255,1.3582425137374203,0.00012053101852389278,15,0.5202952029520295,0.0425531914893617,-0.06365116297363982,1.0,2.42558942951426,1.3986378584835468,0.031496062992125984,True,True
0.2,0.4737195710922237,0.28767057997659823,0.34388919804663115,0.230041641507774,0.11966717638536564,1.6623723140817952,1.552377723469667e-05,15,0.6236162361623616,0.09574468085106383,-0.03636016455046469,1.0,2.556444317841983,1.2431189088305201,0.07153627073211594,True,True
0.2,0.4133446934365397,0.2604399727162438,0.364837680341898,0.16327600974180123,0.09503777987724511,1.4691576192233462,5.5830088252071245e-05,15,0.5793357933579336,0.06382978723404255,0.01953363623765007,1.0,2.5109751591718705,1.4627906338818364,0.037862288490534426,True,True
0.2,0.4194028259066483,0.31570924940774353,0.40027358171116467,0.19548040835545044,0.09701638554811548,1.3938636879956114,9.388029958600532e-05,15,0.4870848708487085,0.031914893617021274,0.015554014328903874,1.0,2.3772097318285725,1.3568319900319925,0.013235047746691238,True,True
0.2,0.5685530753952466,0.29539901152841713,0.47079570107795954,0.20449537257641134,0.08250033783943028,1.245894577605127,0.00026943984182997255,15,0.3948339483394834,0.0,-0.065312415250744,1.0,2.170912714080224,1.3271710299045445,0.04649019936337745,True,True
0.2,0.5294116108157795,0.3007491837597736,0.3462751541323536,0.19929053971793917,0.08275703439237148,1.4590087025532632,5.9840688854906185e-05,15,0.6162361623616236,0.09574468085106383,-0.04454826391865972,1.0,2.5531198259831,1.3442959275859154,0.04548500586362875,True,True
0.2,0.45364720591193336,0.34185344129725054,0.44792981468335563,0.23163526664203565,0.11903860768997306,1.4937081986136147,4.724648661071818e-05,15,0.42066420664206644,0.010638297872340425,0.0030061651072882368,1.0,2.230685375377803,1.2378755766988707,0.08317976210420507,True,True
0.2,0.41729078425263366,0.24935774961416177,0.42179787062469515,0.1777221124520028,0.1141941371314297,1.574503191628212,2.7517983473792622e-05,15,0.4612546125461255,0.02127659574468085,0.005610731685154428,1.0,2.306930903444491,1.4152601871732378,0.03777852236555537,True,True
0.2,0.470273246025917,0.3014523783136764,0.35472065377794654,0.18485489704055222,0.08632588889767201,1.466875008588293,5.6706973021643776e-05,15,0.5977859778597786,0.07446808510638298,0.001970235936189841,1.0,2.5500123056742887,1.391791958781746,0.04322332048919417,True,True
0.2,0.5027045542839439,0.3112926067034824,0.35650760330233755,0.18959785713954266,0.09308337644133284,1.4991334078450433,4.554302120040647e-05,15,0.5940959409594095,0.07446808510638298,0.013029828688618812,1.0,2.5077959004341928,1.3761867110032657,0.03861618361534595,True,True
0.2,0.5172736999790813,0.313046597118448,0.3779606456886102,0.19322151023665332,0.1196237517705252,1.5532292411260589,3.168523725756543e-05,15,0.5461254612546126,0.06382978723404255,0.03290866679470358,1.0,2.458513415125927,1.3642641977913779,0.04163176411459206,True,True
0.2,0.5540906030319552,0.3437212257845418,0.44855748836998305,0.18045390626058566,0.10449689413219383,1.3680469650575864,0.0001124910585414269,15,0.42066420664206644,0.010638297872340425,0.07103913472509736,1.0,2.2289632575965372,1.4062720619575675,0.046741497738314625,True,True
0.2,0.5758985474331875,0.2779431887640561,0.32769380216611427,0.20961184826182372,0.11683434257190808,1.6994538949451024,1.2250602990614678e-05,15,0.6605166051660517,0.11702127659574468,-0.018118329364274585,1.0,2.556444317841983,1.3103368442573946,0.07270899648182275,True,True
0.2,0.4157393771062205,0.3364329798217816,0.4058602955939547,0.18184121583754298,0.11427463935971585,1.538484487860435,3.4957630195116195e-05,15,0.4833948339483395,0.031914893617021274,0.061521741356188334,1.0,2.358252280676421,1.4017075475526317,0.04020773998994807,True,True
0.2,0.4240932086404547,0.2937965302052671,0.45798773324928876,0.23303374305349053,0.08188363251666962,1.2422878983763805,0.0002765980905853685,15,0.4059040590405904,0.010638297872340425,-0.1480122881376327,1.0,2.203658159609347,1.2332743212681623,0.05645836823588541,False,True
0.2,0.4343205206323178,0.3303046420656393,0.45971794869840904,0.22655896671764986,0.09499127421036728,1.2880302780844808,0.00019870246845020287,15,0.4059040590405904,0.010638297872340425,-0.04470104951435534,1.0,2.199128016835691,1.2545775763920126,0.05947394873513151,True,True
0.2,0.4037755700290711,0.3277043327399721,0.4757470784023557,0.19335476288475142,0.11206544955376299,1.4441199990975773,6.627692814155214e-05,15,0.39114391143911437,0.0,0.04415923537901391,1.0,2.1587263425300014,1.363825771039453,0.054029150611492716,True,True
0.2,0.4716807990617855,0.3292735769785979,0.36709289542626483,0.23148048720789297,0.10536338054626591,1.4771213058424655,5.2880051967441894e-05,15,0.5719557195571956,0.06382978723404255,-0.03358711720353837,1.0,2.4363128472707554,1.2383848307027838,0.0578823923605294,True,True
0.2,0.4921567069293201,0.2583340210016042,0.4079386521499193,0.23550181844461793,0.10086659379284553,1.417977495504673,7.938545589591705e-05,15,0.47232472324723246,0.031914893617021274,-0.11729023608341979,1.0,2.351332287885053,1.2251538801911415,0.021611660244597083,False,True
0.2,0.5175912538801805,0.2974862380792042,0.3982550133922411,0.23865364998632488,0.11676714572625456,1.599299490303059,2.3375052757587357e-05,15,0.4944649446494465,0.031914893617021274,-0.04953206822509735,1.0,2.3841901635612532,1.2147837503275491,0.037024627240743846,True,True
0.2,0.4203914289642056,0.31335963517762816,0.4795337383723761,0.2069309928083722,0.09442335709742905,1.2838448416880814,0.00020477455335367185,15,0.39114391143911437,0.0,-0.016815784468429348,1.0,2.1495764072775634,1.319157372521654,0.04732786061316804,True,True
0.2,0.5315336889295211,0.26164308838565314,0.371951667918891,0.21388450591568212,0.1163096907756345,1.5989327487479499,2.3431314142714842e-05,15,0.5608856088560885,0.06382978723404255,-0.033829084021100374,1.0,2.482076085881957,1.2962789816632576,0.04339085273915229,True,True
0.2,0.5413400874703393,0.2872869573036915,0.3919010584331944,0.17376039686208436,0.11383394720058032,1.56443415722452,2.9413784269007323e-05,15,0.5055350553505535,0.031914893617021274,0.03487238985046782,1.0,2.406632261546868,1.4282949907807372,0.026470095493382476,True,True
0.2,0.412590422755654,0.24280384677253844,0.41653959819677805,0.21049958695869908,0.10116720304061155,1.4364182912164032,6.988594691801419e-05,15,0.47232472324723246,0.02127659574468085,-0.07245096729532732,1.0,2.323429211803468,1.3074160137974808,0.021025297369743675,True,True
0.2,0.5516865657819783,0.29093805228215,0.35810765629427355,0.2007229106365349,0.08310651833721011,1.4377492310552045,6.924791005721291e-05,15,0.5867158671586716,0.06382978723404255,-0.05651179426662462,1.0,2.5393713662282025,1.3395831527303703,0.03937007874015748,True,True
0.2,0.40359509321999953,0.3070803373176996,0.3531442839913066,0.18896363309895625,0.1055447898922219,1.536909351979366,3.532754879965258e-05,15,0.6014760147601476,0.0851063829787234,0.024291078971522294,1.0,2.5255824931071937,1.378273429654457,0.041380465739654884,True,True
0.2,0.5787217527697613,0.34614313286789433,0.3444361652875318,0.20539664022713824,0.0967808452176872,1.502813997138111,4.4423999482042185e-05,15,0.6199261992619927,0.09574468085106383,0.016563568856857495,1.0,2.3751481877293044,1.3242056865934515,0.05310772323672307,True,True
0.2,0.515149544379827,0.2873728240133657,0.39749527721661804,0.19501851409290852,0.11660689079179985,1.5844475678508139,2.5770949839658196e-05,15,0.4944649446494465,0.031914893617021274,0.012434423572730243,1.0,2.3868357782426726,1.358351710684072,0.02186295861953426,True,True
0.2,0.45662819151952994,0.2993478818946612,0.430311415273394,0.18069635232347925,0.08334969630612254,1.3096081229638488,0.00017023087629787828,15,0.44649446494464945,0.010638297872340425,0.008514563148263845,1.0,2.2810737818243965,1.4054743679425628,0.033757748366560564,True,True
0.2,0.42032399824402045,0.3384771633914112,0.3520077535780626,0.17647835762023972,0.09924392843639854,1.5055294638723888,4.3616857248233415e-05,15,0.5977859778597786,0.0851063829787234,0.06281693942176984,1.0,2.4022845165182183,1.4193523789522655,0.045903836488524044,True,True
0.2,0.5520583126107613,0.28396713416761626,0.33901669228150794,0.16165093062213667,0.11641758211462394,1.6309985193864334,1.9009442449505792e-05,15,0.6346863468634686,0.11702127659574468,0.03540561073425992,1.0,2.556444317841983,1.4681374556540452,0.06743173060814207,True,True
0.2,0.5862132826720106,0.35203135583561357,0.39042343807389807,0.19155253854286455,0.10511719506120967,1.4242423354285074,7.601560858848108e-05,15,0.5055350553505535,0.031914893617021274,0.06049545603273219,1.0,2.3550075220188518,1.369755434545064,0.036940861115764785,True,True
0.2,0.45226863422511465,0.24202165741370316,0.3206476182576185,0.21967686610794185,0.11533723605886959,1.6831780044823823,1.3587666549016257e-05,15,0.6715867158671587,0.1276595744680851,-0.05099364588165954,1.0,2.556444317841983,1.2772210064461227,0.08133690735466577,True,True
0.2,0.5690745207514121,0.26984715864511055,0.4448127441506687,0.17221459469770473,0.09724099653351255,1.3570309084696985,0.00012156527969281956,15,0.42066420664206644,0.010638297872340425,0.01658177288356929,1.0,2.2393095282804447,1.4333809761755523,0.03451164349137209,True,True
0.2,0.4356089153735432,0.3097498701666272,0.46516930538744217,0.192813129390094,0.08030283238659944,1.2106383671885648,0.0003485087456967817,15,0.3985239852398524,0.0,-0.020168252336652374,1.0,2.1850753386820037,1.3656078490483008,0.04841682023789579,True,True
0.2,0.5481297397038568,0.28705131236694154,0.3297365397666027,0.194096661309397,0.11749939044816471,1.6936638308958254,1.270967502153096e-05,15,0.6605166051660517,0.11702127659574468,0.00900382285621926,1.0,2.556444317841983,1.361384783027447,0.06826939185793265,True,True
0.2,0.5776827929094156,0.2764746696852481,0.4738800647066286,0.20034110206657463,0.09533940408602731,1.3100037374790616,0.00016975029945833793,15,0.39114391143911437,0.0,-0.04082280081481872,1.0,2.1632915439643403,1.340839376104344,0.04020773998994807,True,True
0.2,0.4111965688383398,0.2911062479587742,0.3571887126138582,0.1934624355388862,0.09591834077780685,1.509580910721392,4.2440998755777944e-05,15,0.5977859778597786,0.06382978723404255,-0.008464107049462315,1.0,2.543331725385287,1.3634715073704213,0.03359021611660245,True,True
0.2,0.4631972159917263,0.24257060128180502,0.4611560625307946,0.21627117709242627,0.11510991003123097,1.508776217979538,4.2671879976495716e-05,15,0.3985239852398524,0.010638297872340425,-0.05024603119124793,1.0,2.19538853962195,1.2884263760537822,0.05461551348634612,True,True
0.2,0.4461943865525388,0.28902253214863627,0.3608094329498858,0.2129971123049515,0.09328872989587744,1.453157775102974,6.22884749001959e-05,15,0.5756457564575646,0.06382978723404255,-0.06028054753961362,1.0,2.527844401460152,1.2991986767236146,0.036019433740995144,True,True
0.2,0.5894679226312072,0.254524006510327,0.42698058753260426,0.20185489012385927,0.09407506634698204,1.3954942677624886,9.281823030195735e-05,15,0.4575645756457565,0.010638297872340425,-0.07013046595228002,1.0,2.291067294913966,1.3358587232578105,0.02797788574300553,True,True
0.2,0.5836573207699274,0.3343501904487097,0.37790727212830943,0.1692219378429627,0.0840551964919477,1.3575647147434682,0.00012110847441287538,15,0.5461254612546126,0.06382978723404255,0.06624682545109156,1.0,2.4173415931151716,1.4432273908110367,0.044060981738984754,True,True
0.2,0.47054907704112736,0.3242083990767568,0.41163430677301066,0.21611601960704602,0.1159379685034173,1.5378868672406754,3.509750106274399e-05,15,0.46863468634686345,0.02127659574468085,0.009605022293134428,1.0,2.339200020639872,1.2889368739187255,0.04473111073881722,True,True
0.2,0.5812850505903894,0.2693275993825473,0.4565603788059561,0.21531062383523358,0.0822256677172716,1.2575825542774777,0.0002475316199845463,15,0.4132841328413284,0.010638297872340425,-0.1299874840996508,1.0,2.207421181768355,1.2915867803730405,0.04975707823756073,False,True
0.2,0.548949921123832,0.3326722533619866,0.45204121506936545,0.16872521297400733,0.11774188986238834,1.490911644705476,4.8150465172887546e-05,15,0.41697416974169743,0.010638297872340425,0.06366350975768031,1.0,2.2194920590192306,1.4448617108339756,0.06022784385994304,True,True
0.2,0.5848496393689417,0.2794070912088162,0.41615434567981063,0.18114098020731767,0.09878418171626324,1.3973064915038318,9.165251898305607e-05,15,0.46863468634686345,0.02127659574468085,0.010829220191271607,1.0,2.324654368863988,1.4040114569857538,0.01792595074551851,True,True
0.2,0.582952654060491,0.24288154682905486,0.42197326546979674,0.23702662135468763,0.10688830913327221,1.456246519431588,6.09835123289206e-05,15,0.4575645756457565,0.02127659574468085,-0.10655601033763143,1.0,2.306387672481475,1.2201369863677987,0.03627073211593232,False,True
0.2,0.44499618598699353,0.3049886574213025,0.3236559875325448,0.22860422195349048,0.08712197523386322,1.546196349064929,3.320413601512291e-05,15,0.6715867158671587,0.11702127659574468,-0.10362237339713615,1.0,2.5345715978698866,1.247848294665118,0.07488691573127827,False,True
0.2,0.5111593782664747,0.3163048914570676,0.45907165246977527,0.21876631931697596,0.09489398131821125,1.2950541925749781,0.00018892849637229932,15,0.4059040590405904,0.010638297872340425,-0.04159186697579155,1.0,2.2008161888470985,1.2802168799070754,0.04841682023789579,True,True
0.2,0.5304008974638786,0.35775705071369174,0.4214120243475547,0.22900617141719365,0.08257667048010864,1.2814455119170256,0.00020834185690926727,15,0.4575645756457565,0.02127659574468085,-0.05585833637597853,1.0,2.3081275338072684,1.2465258038904536,0.07304406098173899,True,True
0.2,0.5088253470128541,0.24124079233639875,0.44429520280394014,0.1664827704616692,0.11352151496289194,1.5065392924558427,4.332062132636651e-05,15,0.42066420664206644,0.010638297872340425,0.016443014632093977,1.0,2.2407531493644264,1.4522397764941704,0.047662925113084266,True,True
0.2,0.5406539724523677,0.26112854653678486,0.45582181937726685,0.2221347363969664,0.10368438104023261,1.3807734904107816,0.00010287896454067053,15,0.4132841328413284,0.010638297872340425,-0.08248074022910037,1.0,2.209377543355899,1.2691341421109668,0.04330708661417323,True,True
0.2,0.48747836585636045,0.3446688951087143,0.45340946427429574,0.18566378101010614,0.10822185205926337,1.4242785570672798,7.599656465354699e-05,15,0.41697416974169743,0.010638297872340425,0.06580089630599105,1.0,2.215812010031187,1.389130575488301,0.05193499748701625,True,True
0.2,0.5063121113733051,0.3508383366187457,0.3404304574191627,0.23213767653620176,0.08185134940567147,1.4360876850795887,7.004538449548039e-05,15,0.6309963099630996,0.11702127659574468,-0.07924806062870209,1.0,2.3590404446838975,1.236222551853376,0.08912715697771821,True,True
0.2,0.49122784045437257,0.2783292925003025,0.43484489969037105,0.21411595086582225,0.11032859565023774,1.5243017018129885,3.844018650265593e-05,15,0.44280442804428044,0.010638297872340425,-0.03477914122847327,1.0,2.2677179208472205,1.2955174834177245,0.03677332886580667,True,True
0.2,0.5288342592100728,0.3204629198639881,0.350908387233179,0.1761225299735196,0.11128987421361379,1.6102843001747065,2.1753897279309965e-05,15,0.6014760147601476,0.0851063829787234,0.051404648753030587,1.0,2.4704724333671386,1.4205231201091824,0.051599932987100014,True,True
0.2,0.5574698412812121,0.3131532131096666,0.3667339180300997,0.22370231767389318,0.10323901660954196,1.4755880761878697,5.343509206679066e-05,15,0.5719557195571956,0.06382978723404255,-0.03741221138192662,1.0,2.5000707458429847,1.2639764992616085,0.040961635114759594,True,True
0.2,0.562031750952479,0.2670618881031021,0.4763952781352181,0.17090568489161287,0.11284407338268838,1.4655365545451577,5.72278301195354e-05,15,0.39114391143911437,0.0,0.023544744720005558,1.0,2.157149739779805,1.4376875403079585,0.05603953761099011,True,True
0.2,0.567735033979656,0.29828007494125786,0.3549557431280888,0.22468430279730509,0.11066168656618676,1.6335405315470792,1.8698581690026265e-05,15,0.5940959409594095,0.07446808510638298,-0.03553428401652549,1.0,2.5530405770264384,1.2607455799947807,0.05025967498743508,True,True
0.2,0.5760950859581832,0.3020788636357005,0.47214984833097556,0.1605214037186905,0.107286065767337,1.3764986528922518,0.00010600853981211854,15,0.39114391143911437,0.0,0.05817850757259093,1.0,2.1675544831268554,1.4718538156555745,0.04984084436253979,True,True
0.2,0.5741698301842963,0.3193307546318821,0.38748353249507406,0.21189602340998948,0.10957522695078892,1.498587108036364,4.571160948427564e-05,15,0.5202952029520295,0.0425531914893617,0.0039483245162101575,1.0,2.422668644979134,1.3028214702266998,0.03216619199195845,True,True
0.2,0.46151022742855746,0.27100288182804116,0.3314756806007661,0.19157341114876347,0.11518545615509101,1.685127392540628,1.3419743516741776e-05,15,0.6605166051660517,0.11702127659574468,0.00048761260112845534,1.0,2.556444317841983,1.369686759671138,0.06709666610822583,True,True
0.2,0.5703979902153716,0.35975548237465854,0.4553880635669405,0.1673468388308955,0.11935473756266789,1.4858016337890554,4.9849261925128386e-05,15,0.41697416974169743,0.010638297872340425,0.07462258761956223,1.0,2.2105294719598243,1.4493968259489627,0.06826939185793265,True,True
0.2,0.4662969095525535,0.28979549479175293,0.44072208407916835,0.2300030428106486,0.11732738841543128,1.5552755529906777,3.1257091218383455e-05,15,0.42435424354243545,0.010638297872340425,-0.04074077444907351,1.0,2.2508124553782753,1.243245905942028,0.05310772323672307,True,True
0.2,0.43432321332655893,0.2592624335875603,0.3877692213099653,0.2376441521387109,0.11909055645077937,1.5867001112318055,2.539161390380366e-05,15,0.5202952029520295,0.0425531914893617,-0.06693910742127322,1.0,2.4216204944379593,1.21810519173019,0.044647344613838166,True,True
0.2,0.5153185928487991,0.24749207343952484,0.3542352300410922,0.1847397180208038,0.09627828191212223,1.5012376646050505,4.4899696370521046e-05,15,0.5977859778597786,0.0851063829787234,-0.02916712693908992,1.0,2.5561994555497702,1.3921709198323438,0.04280448986429888,True,True
0.2,0.5064143457669207,0.3533876971468853,0.39889818500607865,0.17780171160160982,0.11274927461406813,1.519439937522604,3.971598080207866e-05,15,0.4907749077490775,0.031914893617021274,0.07567259658251572,1.0,2.3504514765762243,1.4149982907147713,0.04246942536438264,True,True
0.2,0.5673205086796204,0.2562633030788793,0.3285361354640534,0.16198319702870842,0.11507695916282559,1.6652512181285497,1.523944676836226e-05,15,0.6605166051660517,0.11702127659574468,0.01980432506856819,1.0,2.556444317841983,1.4670442354930489,0.0752219802311945,True,True
0.2,0.42206902357629345,0.2400654002578301,0.4160525676111901,0.22406627257524306,0.11199110071751028,1.554716442629397,3.1373467972701164e-05,15,0.46863468634686345,0.02127659574468085,-0.0684087537049194,1.0,2.3249784162891167,1.2627790178792613,0.03434411124141397,True,True
0.2,0.4977406044893612,0.3042746396949952,0.4502132067218547,0.22918479642238282,0.09969556596005079,1.34678474308911,0.00013068950453572626,15,0.42066420664206644,0.010638297872340425,-0.06744963908160788,1.0,2.224443583386634,1.24593809338747,0.04163176411459206,True,True
0.2,0.5819075967503478,0.2690664458060145,0.44277098704167983,0.1699808517733724,0.10827995580473014,1.456959220017104,6.0686476128417205e-05,15,0.42066420664206644,0.010638297872340425,0.025753664495859564,1.0,2.2450243766188835,1.4407304185238134,0.04045903836488524,True,True
0.2,0.4967970868385667,0.3317421032207993,0.41436362785767006,0.1914069637633462,0.08681712545311855,1.3181372046609547,0.00016017607188650778,15,0.46863468634686345,0.02127659574468085,0.023242883239540792,1.0,2.330379007869504,1.3702344034710658,0.035181772491204556,True,True
0.2,0.5459067980442538,0.3365990117771988,0.4418353523902534,0.21480168424023738,0.08274192829869265,1.2512241065302354,0.00025921125535330753,15,0.42066420664206644,0.010638297872340425,-0.041992907159373566,1.0,2.2476608518179217,1.2932612891857724,0.057128497235717876,True,True
0.2,0.4675343478577167,0.2878477939588079,0.3854511808928064,0.19540934680933802,0.0808848502882073,1.3210221208039317,0.0001569163225988157,15,0.5202952029520295,0.06382978723404255,-0.05261492186760611,1.0,2.4301698877913163,1.357065796138614,0.024794772993801308,True,True
0.2,0.42235265686755497,0.2731294572980885,0.39342246210315723,0.22793131108445724,0.08420948263102752,1.3627131148571094,0.00011679329883836649,15,0.5055350553505535,0.031914893617021274,-0.1451702596314994,1.0,2.4011926751196837,1.2500623003967561,0.029820740492544816,False,True
0.2,0.5441051039025591,0.32604394924474983,0.3787633541444691,0.23420146719894036,0.08293632050115907,1.3467633197246687,0.00013070931077871527,15,0.5461254612546126,0.06382978723404255,-0.10612758152094735,1.0,2.448648521904915,1.2294322850194201,0.05846875523538281,False,True
0.2,0.5155165822864503,0.35792350214122,0.4534091148684374,0.19340600972013947,0.10289329102794642,1.348389595008221,0.00012921462907911267,15,0.41697416974169743,0.010638297872340425,0.06375030579710159,1.0,2.2158129469595043,1.3636571591288735,0.049505779862623556,True,True
0.2,0.4473624712629,0.35940709306963203,0.3362836251341328,0.1992532802444632,0.09802713217864002,1.5114847742821238,4.1899931406787275e-05,15,0.6383763837638377,0.11702127659574468,0.03884592062520088,1.0,2.330596173017554,1.344418518394936,0.056542134360864464,True,True
0.2,0.45476826346763893,0.26978095957741804,0.35448112208687715,0.23224680544365586,0.09122131095401348,1.4841540630738888,5.0410246844095925e-05,15,0.5977859778597786,0.07446808510638298,-0.12995016452523692,1.0,2.555119970511126,1.2358634968318127,0.051264868487183785,False,True
0.2,0.48214006407830723,0.3284535284940649,0.35197436940365945,0.19462654325656578,0.11700949924956708,1.6330191266427618,1.8761906273197427e-05,15,0.5977859778597786,0.0851063829787234,0.03888454237648847,1.0,2.4394251083148166,1.3596413698621808,0.05846875523538281,True,True
0.2,0.5244275009108129,0.26877280250673546,0.4674796113464161,0.23260874960950934,0.1108329150516749,1.4709218581979493,5.5162048578653705e-05,15,0.3985239852398524,0.0,-0.07802737294863193,1.0,2.1792186412981227,1.2346726311546334,0.05637460211090635,True,True
0.2,0.4830322423444864,0.31472287420409756,0.3590341367444183,0.22968928771177152,0.11690135719766546,1.6416923665928285,1.773718002259336e-05,15,0.5867158671586716,0.06382978723404255,-0.020822692752906786,1.0,2.4936148779630716,1.244278220352765,0.06366225498408444,True,True
0.2,0.5049334443707126,0.3205845629883557,0.34421173366096836,0.19591138914739123,0.08240769881102313,1.4595687709550584,5.9611705543914785e-05,15,0.6199261992619927,0.09574468085106383,-0.017087758111229652,1.0,2.4699897557843253,1.3554139806231775,0.053526553861618364,True,True
0.2,0.49172396462124024,0.34963081099110177,0.4278128932141263,0.17348508468174093,0.11646467416148204,1.5356301711255425,3.5630976473158885e-05,15,0.45387453874538747,0.010638297872340425,0.07258781226611308,1.0,2.288555536475105,1.4292008206213904,0.055285642486178586,True,True
0.2,0.5680746277650054,0.2941523018063192,0.3464934450317911,0.1870280869951817,0.08303685821068789,1.459289691449299,5.9725692307755416e-05,15,0.6125461254612546,0.09574468085106383,-0.019668192027168425,1.0,2.556444317841983,1.3846417473096073,0.05009214273747697,True,True
0.2,0.44689727931199497,0.3166791132157331,0.43387007019070467,0.1699300300386494,0.11717119612817839,1.5473714857260503,3.294513039473931e-05,15,0.44280442804428044,0.010638297872340425,0.05501779078931269,1.0,2.2705662593508524,1.4408976317717288,0.049086949237728265,True,True
0.2,0.49614063056805363,0.35185354565049093,0.3741159349079883,0.1634381297927128,0.11209498473342305,1.5202657694511457,3.9496186853855714e-05,15,0.5535055350553506,0.06382978723404255,0.07816855363758288,1.0,2.3556070790986396,1.4622572278418249,0.05017590886245602,True,True
0.2,0.5208851461594118,0.34096581348139404,0.32771460699271526,0.17381849040747624,0.11178413099082159,1.6493815551386255,1.687781530072589e-05,15,0.6605166051660517,0.11702127659574468,0.05922559626873049,1.0,2.3933584279245905,1.4281038518819802,0.06952588373261853,True,True
0.2,0.43662074623720754,0.24856108110577357,0.3237995846627575,0.2398544685739215,0.0960271938912518,1.5721960882007446,2.7940758360968532e-05,15,0.6715867158671587,0.11702127659574468,-0.14128273600222513,1.0,2.556444317841983,1.2108328270211441,0.07195510135701122,False,True
0.2,0.43721645288349886,0.3594670861868404,0.33899531138851535,0.16566039128432197,0.08583509546676443,1.4558884099930618,6.113333611143174e-05,15,0.6346863468634686,0.11702127659574468,0.08504883760930601,1.0,2.330401220566288,1.4549455616077955,0.06600770648349807,True,True
0.2,0.4478712393285399,0.2572678992529249,0.39271202806382643,0.18307889027450266,0.11426543466739417,1.5789477998752215,2.672229507595756e-05,15,0.5055350553505535,0.031914893617021274,0.0040785832109156974,1.0,2.4037274968234494,1.3976353614378976,0.028061651867984587,True,True
0.2,0.40610664850069617,0.27010620425498943,0.46526597403379855,0.22589596065949472,0.08943444585082976,1.2871193444860431,0.00020000793491066092,15,0.3985239852398524,0.0,-0.13004944131022744,1.0,2.184829114725784,1.2567589933974703,0.051181102362204724,False,True
0.2,0.4516346003815231,0.2777800787638698,0.43030703776004675,0.16971320612649052,0.08546459549967017,1.3245605688177282,0.00015301196588922615,15,0.44649446494464945,0.010638297872340425,0.014900917752807021,1.0,2.281086814187539,1.4416110239999829,0.03719215949070196,True,True
0.2,0.4180538246135466,0.3069940162233964,0.32134074370010146,0.18535862859202257,0.11671276382220225,1.677376575904163,1.4100596186377173e-05,15,0.6752767527675276,0.1276595744680851,0.027066420324108467,1.0,2.5259513787026666,1.3901345854304066,0.0766460043558385,True,True
0.2,0.5383782218539697,0.32701045382202104,0.42974870883506755,0.21334192716401068,0.09951124853484833,1.3798306877659243,0.00010356081737305774,15,0.45018450184501846,0.010638297872340425,-0.006434999602440712,1.0,2.282751200395259,1.2980641697488529,0.037359691740660075,True,True
0.2,0.5326945372367765,0.3122486254366491,0.32700926654146123,0.19754213804513615,0.10276735097174985,1.5787867573830898,2.675070045323209e-05,15,0.6642066420664207,0.11702127659574468,0.005199870244656587,1.0,2.5038166413690424,1.3500485041943941,0.05419668286145083,True,True
0.2,0.5031577057433062,0.31623574372626123,0.4550623262706798,0.16815578711798096,0.11226191542962133,1.4742842538726604,5.3911872442455254e-05,15,0.41697416974169743,0.010638297872340425,0.059490761762770634,1.0,2.2113959787534574,1.4467352310385113,0.05076227173730943,True,True
0.2,0.5954427096801145,0.2684757965802811,0.4705723045577959,0.21755531265231004,0.10040244252791918,1.3571181305679478,0.00012149051698243947,15,0.3948339483394834,0.0,-0.07610461347760046,1.0,2.1714685857777445,1.2842013239397219,0.04221812698944547,True,True
0.2,0.5696153337837911,0.299033879299904,0.39864066358377004,0.16876220140568082,0.10276588265364058,1.4411218839852877,6.765816307640893e-05,15,0.4907749077490775,0.031914893617021274,0.04961581895848066,1.0,2.3828510798940457,1.444740011804434,0.011392192997151952,True,True
0.2,0.5084137382110647,0.26105378955310793,0.3766806984202905,0.21374737258508875,0.11622664946149007,1.591265352062694,2.4640648572956217e-05,15,0.5498154981549815,0.06382978723404255,-0.034484688639425894,1.0,2.463469390490014,1.2967301766043775,0.04029150611492712,True,True
0.2,0.5732473943851578,0.3395319700366148,0.425405155343688,0.23506162050335516,0.08465818983426295,1.3098062628080829,0.00016999000759766454,15,0.4575645756457565,0.010638297872340425,-0.08735666057597083,1.0,2.2958485932807458,1.2266022157878176,0.06885575473278606,True,True
0.2,0.4034268820854678,0.332773084057704,0.3916908571625677,0.18465286227246763,0.11143757517878528,1.5299998230399836,3.699930197827257e-05,15,0.5092250922509225,0.031914893617021274,0.05609026214464036,1.0,2.4073871320864138,1.392456691891455,0.036438264365890434,True,True
0.2,0.4849388361614053,0.35689415807821545,0.3608879503026718,0.21015050364795287,0.09376329824124009,1.4342316802425896,7.094753036284333e-05,15,0.5756457564575646,0.06382978723404255,0.013646380414374774,1.0,2.3388137932911244,1.3085645647963997,0.05595577148601106,True,True
0.2,0.49614048943448974,0.2912299569010017,0.4795719581535637,0.2199567645071201,0.08085450275137662,1.2231576786774492,0.0003179950408760772,15,0.39114391143911437,0.0,-0.12134071847793204,1.0,2.1494847910810835,1.2763000870664918,0.05763109398559223,False,True
0.2,0.4403531798665864,0.2828374457915983,0.33640911865345446,0.2326454083473303,0.10344195741661305,1.5519984140377365,3.194571445882346e-05,15,0.6383763837638377,0.11702127659574468,-0.08214983654797052,1.0,2.556444317841983,1.2345520168810569,0.06006031160998492,True,True
0.2,0.5215153052891883,0.33404545617574305,0.377592141220398,0.22607116929131643,0.08627950404745141,1.3569392076596731,0.00012164393294591864,15,0.5461254612546126,0.06382978723404255,-0.06583034197116042,1.0,2.4184662322769634,1.2561825234176598,0.05629083598592729,True,True
0.2,0.5119886237722557,0.3304170517897691,0.3334715372939749,0.18174553816452477,0.08312304853460303,1.498687124451797,4.568069567291918e-05,15,0.6531365313653137,0.11702127659574468,0.024471746050095337,1.0,2.43199551303432,1.4020223454347889,0.06525381135868655,True,True
0.2,0.44090322957476064,0.28945111324414863,0.36421133131711203,0.20495659618903758,0.08212259680320647,1.4077783696906812,8.52086691287446e-05,15,0.5756457564575646,0.06382978723404255,-0.07236619226020054,1.0,2.5135736445457346,1.3256535158192269,0.03794605461551349,True,True
0.2,0.5144082693039949,0.338588972448321,0.3289339803879774,0.17508031078770248,0.09250070198376908,1.5347915084971588,3.5831390408921333e-05,15,0.6605166051660517,0.11702127659574468,0.053578683248384475,1.0,2.401881035924512,1.4239522209860005,0.06257329535935667,True,True
0.2,0.5657769974467806,0.35694529633032596,0.4178312359730966,0.18433397541838248,0.11795091382232262,1.5050716378712845,4.37518588133918e-05,15,0.46863468634686345,0.02127659574468085,0.0709473844155102,1.0,2.3193381075080515,1.3935058907603972,0.05637460211090635,True,True
0.2,0.5497389643750559,0.2633526979537652,0.39777482869128694,0.20454836767115592,0.08117946568666357,1.3525424526669798,0.00012547788774944351,15,0.4944649446494465,0.031914893617021274,-0.10810315405335094,1.0,2.3858611263568132,1.3269966658856043,0.02144412799463897,False,True
0.2,0.48259478268934664,0.3080878693269491,0.35260960903626093,0.17042888329820538,0.1086569312804993,1.578160383786454,2.6861484146684673e-05,15,0.5977859778597786,0.0851063829787234,0.04901925989588153,1.0,2.5212900461235943,1.4392563089357786,0.04783045736304239,True,True
0.2,0.574213065104545,0.24242566352634473,0.44246644832649695,0.1881073310557225,0.10039350262694419,1.38593101077277,9.923077088714863e-05,15,0.42066420664206644,0.010638297872340425,-0.02908669106409251,1.0,2.2458812961106576,1.3810908274986273,0.031579829117105045,True,True
0.2,0.42713861363658606,0.2790608560133998,0.4715045191599077,0.17473275726314758,0.09388746578817361,1.310325223156405,0.00016936080857926273,15,0.3948339483394834,0.0,0.01701126426563574,1.0,2.1691524677402696,1.4250957386951453,0.04523370748869157,True,True
0.2,0.4116355277488573,0.33897305724881416,0.4767038332395453,0.18005031397149762,0.11406390110214222,1.4712531482531066,5.5037537442549735e-05,15,0.39114391143911437,0.0,0.0655147982033863,1.0,2.1564007538606997,1.407599957942618,0.061568101859607975,True,True
0.2,0.5415057710352361,0.3388947631928296,0.36780395110653874,0.1676167007970879,0.09043200145697128,1.4218483404570201,7.728537677015682e-05,15,0.5682656826568265,0.06382978723404255,0.07531010340035124,1.0,2.4007787268006546,1.448508928357474,0.04506617523873346,True,True
0.2,0.4523316446600312,0.3401695367591467,0.46253588142791346,0.22722896725379368,0.08998073506565699,1.2410664203339685,0.0002790667452368247,15,0.3985239852398524,0.010638297872340425,-0.04939205805083628,1.0,2.19182250342325,1.2523731462133854,0.06944211760763946,True,True
0.2,0.44745549830181947,0.2514657456792501,0.3989338587057553,0.1971869368413265,0.11179701129477103,1.565412711243643,2.922368101673387e-05,15,0.4907749077490775,0.031914893617021274,-0.022835381670985255,1.0,2.3818347580597132,1.351217184234069,0.019433740995141564,True,True
0.2,0.5353229956953307,0.35076545356634325,0.37100030294783476,0.23871696090889283,0.11557310928114584,1.5833398462307766,2.5959667814556374e-05,15,0.5645756457564576,0.06382978723404255,-0.008562324266682745,1.0,2.3592875992603846,1.2145754452579016,0.08527391522868152,True,True
0.2,0.5957857840979903,0.3350305430997372,0.33573367580696206,0.20098900898124736,0.09771582533968849,1.518786865169423,3.9890700842374646e-05,15,0.6383763837638377,0.11702127659574468,0.014511869062153591,1.0,2.4148371369685915,1.3387076381749,0.052186295861953426,True,True
0.2,0.4456753402378431,0.2672358752755216,0.35221225026479736,0.20647854484869696,0.11948406281368505,1.6398388444846062,1.795112572622046e-05,15,0.5977859778597786,0.0851063829787234,-0.014894043416768084,1.0,2.556444317841983,1.32064601302679,0.059390182610152456,True,True
0.2,0.5016697838061049,0.3068817783551349,0.3749360675044422,0.2090232670080078,0.09330811697257331,1.407993265658684,8.508148869327513e-05,15,0.5498154981549815,0.06382978723404255,-0.03343013838558477,1.0,2.470279121973146,1.3122733893920502,0.027223990618194003,True,True
0.2,0.47706160858024416,0.3247470432509654,0.4776506510727246,0.2367770288914738,0.09187976407267956,1.2661339398816513,0.0002326768419276005,15,0.39114391143911437,0.0,-0.08649191930698796,1.0,2.1541084909828028,1.2209581934095621,0.07170380298207404,True,True
0.2,0.4940475496016088,0.35198679614852196,0.46496236182632666,0.1765600456645921,0.08432197540230628,1.2432992744234006,0.0002745711609210772,15,0.3985239852398524,0.0,0.07370356619428661,1.0,2.185602787204533,1.4190836096297217,0.05863628748534093,True,True
0.2,0.5794799404473311,0.2533918299494755,0.4036771701065914,0.1812051961801407,0.1060596949803676,1.4581949832052223,6.0175014657390826e-05,15,0.4797047970479705,0.031914893617021274,-0.003833953766023898,1.0,2.3655978414160366,1.4038001741273018,0.019014910370246274,True,True
0.2,0.4585908514464451,0.3138285824567719,0.36691565012037525,0.19536903432263908,0.10732777890741621,1.4897071675385172,4.85453614279308e-05,15,0.5719557195571956,0.06382978723404255,0.022982133743248846,1.0,2.497286187814611,1.3571984319462898,0.033757748366560564,True,True
0.2,0.5442648207877125,0.3316839699553528,0.36874231329604923,0.16987314410191287,0.10539602712678767,1.4750939646765644,5.3615257852814195e-05,15,0.5645756457564576,0.06382978723404255,0.06852224156307578,1.0,2.4272423107221828,1.4410847974065553,0.041799296364550174,True,True
0.2,0.5918865978495286,0.2746406030722048,0.4306703547670496,0.2244415942214563,0.11310987959826052,1.5473074790834156,3.295918315174739e-05,15,0.44649446494464945,0.010638297872340425,-0.05135510611485083,1.0,2.2800060789525975,1.2615441377277223,0.04246942536438264,True,True
0.2,0.5292708708963046,0.26011795564220275,0.4787909596498617,0.22088996513953446,0.10806431983924503,1.438201444981495,6.903250966554716e-05,15,0.39114391143911437,0.0,-0.06956781130912913,1.0,2.1513598179247797,1.2732296781252568,0.05469927961132518,True,True
0.2,0.482158959032298,0.28074250852460747,0.36947635284824654,0.19945372868825456,0.08423764188587142,1.3992959040128008,9.039037457989356e-05,15,0.5645756457564576,0.06382978723404255,-0.06170685535376173,1.0,2.4920052876913408,1.3437590045961922,0.0326687887418328,True,True
0.2,0.4621483134594449,0.3386118132080856,0.37528362848144753,0.1697576317573628,0.09901017248013677,1.4258845718737452,7.515716514554021e-05,15,0.5498154981549815,0.06382978723404255,0.0752737502279183,1.0,2.4017986400042854,1.4414648551596367,0.03585190149103702,True,True
0.2,0.5141436552671177,0.25464143804537304,0.4612069203229423,0.19732510497271927,0.10850087883921998,1.430771308776034,7.266202012840276e-05,15,0.3985239852398524,0.010638297872340425,-0.027865183180881412,1.0,2.1952567228186783,1.3507625845999853,0.044479812363880045,True,True
0.2,0.5863442051675605,0.34514980981398347,0.3509553626597597,0.21098228914812883,0.11887817780970247,1.6286132733637784,1.9306065578509794e-05,15,0.6014760147601476,0.0851063829787234,0.031215493826255478,1.0,2.3786050194510713,1.3058278310778184,0.07170380298207404,True,True
0.2,0.43389694571437404,0.3529816296212849,0.399030832618155,0.22262635806783038,0.11158043105943205,1.51898103134855,3.983867066863141e-05,15,0.4907749077490775,0.031914893617021274,0.018429921277530178,1.0,2.3518122693499595,1.2675166125878454,0.05696096498575976,True,True
0.2,0.5907346397237785,0.34066698952944424,0.3615844982722795,0.18358855138074107,0.10410186769850767,1.4843274145713121,5.0350912738821594e-05,15,0.5756457564575646,0.06382978723404255,0.05885241943423499,1.0,2.3944242176715473,1.3959584787148913,0.044144747863963815,True,True
0.2,0.41530390389302274,0.3442386602062035,0.35877155779937536,0.17647505102050284,0.10151877630422734,1.5152808795778059,4.084251912122204e-05,15,0.5904059040590406,0.06382978723404255,0.06918385586499931,1.0,2.381791199675252,1.4193632582991547,0.04439604623890099,True,True
0.2,0.5719320144156289,0.35822789837334007,0.43519551618434227,0.1869054214091871,0.10707194351235,1.406670758774776,8.586732836647864e-05,15,0.43911439114391143,0.010638297872340425,0.07383444652324357,1.0,2.2666965803319297,1.3850453405980572,0.049505779862623556,True,True
0.2,0.583312789246402,0.3324599656009784,0.36408371838575154,0.22674920590293773,0.09368071384331,1.4410037487554135,6.771319928969506e-05,15,0.5756457564575646,0.06382978723404255,-0.04815938649529928,1.0,2.4243464943806403,1.2539516530104886,0.057547327860613166,True,True
0.2,0.5376671632629278,0.2983171521352545,0.44071846338615606,0.18663490434538055,0.10516067241364623,1.3950670179223685,9.30953014605541e-05,15,0.42435424354243545,0.010638297872340425,0.025564466043507525,1.0,2.250822731344211,1.3859353935862546,0.03015580499246105,True,True
0.2,0.4352246281104744,0.2424172045437453,0.45882863804861995,0.21197044278834182,0.08797486893881741,1.2924881850754149,0.00019244004251921555,15,0.4059040590405904,0.010638297872340425,-0.12168829696622055,1.0,2.2014521902359565,1.3025766162084347,0.04657396548835651,False,True
0.2,0.40488964936072314,0.3348165966216079,0.34806960121900055,0.19705510014224162,0.08864163591025258,1.4808145213909734,5.156766551849033e-05,15,0.6088560885608856,0.09574468085106383,0.009160673263516692,1.0,2.415623743952901,1.3516509522423545,0.05193499748701625,True,True
0.2,0.4771197962244983,0.30683082640389475,0.3335085482197421,0.2145141272575681,0.10838723199869456,1.638978123487016,1.8051394973844762e-05,15,0.6531365313653137,0.11702127659574468,-0.01809694529414348,1.0,2.5266492436617245,1.2942074067729603,0.06022784385994304,True,True
0.2,0.41869056886197725,0.2508613801295348,0.428564202211525,0.17134773513399842,0.10109498472739527,1.4302437303639142,7.292718887328548e-05,15,0.45387453874538747,0.010638297872340425,0.004197814148561974,1.0,2.286296590526736,1.4362331102855697,0.029150611492712347,True,True
0.2,0.4623389739968618,0.3469128837495125,0.4162202547916766,0.19682601226381544,0.0961037155261864,1.3515654843599427,0.00012634673630375722,15,0.46863468634686345,0.02127659574468085,0.041438352022239576,1.0,2.324444607825268,1.3524046952701838,0.03526553861618362,True,True
0.2,0.5187852924480367,0.26696051326123166,0.4238059596233272,0.20834588732719472,0.09569051129544463,1.4004321039560175,8.967767089224954e-05,15,0.4575645756457565,0.010638297872340425,-0.06794541173346774,1.0,2.300738367663466,1.3145020983709528,0.025632434243591892,True,True
0.2,0.47607800416996043,0.2491512240655709,0.34904566404012083,0.16134893799447336,0.08681999509772427,1.468428326079634,5.6108702727510296e-05,15,0.6051660516605166,0.09574468085106383,0.0014870650487962052,1.0,2.556444317841983,1.4691310692800514,0.053861618361534594,True,True
0.2,0.591252914485979,0.3173115814791942,0.4349294431648744,0.17114882207759297,0.09663030647877849,1.38074535006503,0.00010289924836190855,15,0.44280442804428044,0.010638297872340425,0.061452691752676904,1.0,2.267471496330778,1.4368875723655359,0.033841514491539625,True,True
0.2,0.4796850475280099,0.24741725447627522,0.41802656309757485,0.17759296537163788,0.11313971231325036,1.5361828419534242,3.5499547099244373e-05,15,0.46863468634686345,0.02127659574468085,0.005091216702803096,1.0,2.318721633481031,1.4156851058204327,0.034260345116434915,True,True
0.2,0.5759633256646272,0.2668834277936863,0.4286515269575496,0.2327503464506976,0.11026659866493638,1.5249047717966193,3.828494803471744e-05,15,0.45387453874538747,0.010638297872340425,-0.07958386405872063,1.0,2.2860345466145695,1.234206750408164,0.041547997989613,True,True
0.2,0.5630822916044544,0.2623413475500068,0.45327053492395797,0.2015424570139009,0.08042451446650553,1.2484299846775244,0.000264522713765565,15,0.41697416974169743,0.010638297872340425,-0.10721246263133263,1.0,2.2161846615928313,1.336886688071628,0.046322667113419334,False,True
0.2,0.5257406855642899,0.29357866177217795,0.33387242788759874,0.2253937663809095,0.0981647891803569,1.5589648003393668,3.0500432708717357e-05,15,0.6494464944649446,0.11702127659574468,-0.07201752661200267,1.0,2.556444317841983,1.2584113088263784,0.056709666610822586,True,True
0.2,0.5564844612774521,0.2549818849684761,0.3632206406655004,0.17928830903149662,0.11217572990418996,1.5843389333972548,2.578939369758985e-05,15,0.5756457564575646,0.06382978723404255,0.005803763794410128,1.0,2.517701943139751,1.4101071002438303,0.04481487686379628,True,True
0.2,0.5543482519941406,0.28287814089629065,0.40137553021949696,0.2370832851868453,0.09720158791746168,1.4099556755918958,8.392920004157574e-05,15,0.4870848708487085,0.031914893617021274,-0.11215126300195177,1.0,2.3734286986180546,1.219950551499606,0.02035516836991121,False,True
0.2,0.5597348324899857,0.3180843402849509,0.3684273594037515,0.16417597499963,0.08051873179053454,1.3698434779785227,0.0001110794030136631,15,0.5645756457564576,0.06382978723404255,0.05610454786187816,1.0,2.479974700425924,1.4598295756929995,0.04523370748869157,True,True
0.2,0.5635801401789282,0.24674195570303598,0.33674588682588735,0.1933221386549346,0.09039149890296169,1.5049524145727902,4.378708646564877e-05,15,0.6383763837638377,0.11702127659574468,-0.06358049820726835,1.0,2.556444317841983,1.3639331110084276,0.056542134360864464,True,True
0.2,0.4670443373612094,0.30332373579860034,0.3783282494876876,0.1733982585791713,0.11756510817465271,1.5571448325556514,3.087127860049479e-05,15,0.5461254612546126,0.06382978723404255,0.04322937377667469,1.0,2.457096246111634,1.4294864951402477,0.039118780365220304,True,True
0.2,0.5884834224014398,0.3403667444776156,0.4761102745145707,0.1780267651627334,0.08341627771037055,1.235881902682686,0.00028980121793315445,15,0.39114391143911437,0.0,0.05882627025385167,1.0,2.157842419360821,1.4142578213640993,0.058887585860278105,True,True
0.2,0.5150028703599958,0.2822276255511781,0.4586991604921791,0.23868551907493624,0.09544099028766136,1.315643306671649,0.0001630506493223135,15,0.4059040590405904,0.010638297872340425,-0.12634450349939666,1.0,2.2017913255716417,1.2146788949178737,0.04925448148768638,False,True
0.2,0.4000309920343722,0.3358570406490371,0.3687649667347951,0.16505075153144735,0.08683296015611465,1.4107634970965328,8.345959961626689e-05,15,0.5682656826568265,0.06382978723404255,0.07528401112522849,1.0,2.41959696004432,1.456951393240502,0.04749539286312615,True,True
0.2,0.42589792469328486,0.3269456428301471,0.4573895719160006,0.19679055367326606,0.10231752438244557,1.33926114634868,0.00013784076004395686,15,0.4095940959409594,0.010638297872340425,0.031646963018787014,1.0,2.205232270200804,1.3525213608292121,0.04062657061484336,True,True
0.2,0.46616688352559565,0.29680204003935257,0.3849164253113208,0.1730998536368639,0.10156907769798232,1.405203526929043,8.674802139620477e-05,15,0.5202952029520295,0.06382978723404255,0.04101506332062848,1.0,2.432156790089264,1.4304683045938043,0.017842184620539454,True,True
0.2,0.5838717230167523,0.27592431412702495,0.376049317093425,0.16242235162029425,0.09070946830566468,1.404779580774921,8.700424023745089e-05,15,0.5498154981549815,0.06382978723404255,0.03163458400865139,1.0,2.4659265342836436,1.465599332716782,0.03233372424191657,True,True
0.2,0.5992652019189274,0.3403447579510259,0.38776955470382196,0.1858198325062017,0.11312337027194663,1.5239160552906672,3.8539802275796494e-05,15,0.5202952029520295,0.0425531914893617,0.05987389636191783,1.0,2.395575321938974,1.3886171361567552,0.042301893114424526,True,True
0.2,0.4240321717351423,0.30964569690208865,0.44147058718739496,0.21514698654494163,0.10130604222391802,1.3652547937058435,0.00011472224231870353,15,0.42435424354243545,0.010638297872340425,-0.02520227122603475,1.0,2.248691731964686,1.292125178421413,0.034762941866309266,True,True
0.2,0.4313364296748035,0.3471640862290569,0.3861357024756554,0.21845544649589638,0.11330279130657922,1.5336249282135619,3.611213014852511e-05,15,0.5202952029520295,0.0425531914893617,0.021350035079241086,1.0,2.371613220160386,1.2812397110714309,0.056123303735969174,True,True
0.2,0.43856583051525766,0.26784377356799777,0.42986918738803875,0.21948274844823065,0.10534427063906729,1.4324954818209217,7.180241669050002e-05,15,0.44649446494464945,0.010638297872340425,-0.06555200079333666,1.0,2.2823916863547553,1.2778596907518618,0.032920087116769976,True,True
0.2,0.5399310387746047,0.33574946771489683,0.41870694396111585,0.2246060188184883,0.08957605904156177,1.3224190542480556,0.00015536271648001711,15,0.46863468634686345,0.02127659574468085,-0.04906292702358818,1.0,2.316578767267087,1.261003149289277,0.05193499748701625,True,True
0.2,0.41331751002267303,0.2953656411482654,0.40961984567855314,0.16494997602155048,0.08588715253876542,1.3310237929820776,0.00014613868702125014,15,0.47232472324723246,0.031914893617021274,0.04445674269012836,1.0,2.3457860451397514,1.4572829639830598,0.025046071368738484,True,True
0.2,0.594097939600265,0.35584348878142663,0.4335277052273947,0.18345381702473343,0.11317496786373762,1.5176704450950957,4.0191247308831964e-05,15,0.44280442804428044,0.010638297872340425,0.07411163152554387,1.0,2.2715696493661164,1.396401780569828,0.054364215111408945,True,True
0.2,0.42169328268714845,0.33658564194733803,0.4047755471108818,0.21928486996587943,0.08163413208257013,1.3014308045559413,0.0001804870210771872,15,0.4797047970479705,0.031914893617021274,-0.05805710619438891,1.0,2.36189222906661,1.2785107488848995,0.04783045736304239,True,True
0.2,0.5024166104944066,0.34291545128886153,0.3771207365817892,0.22221701978669814,0.10034128797779762,1.4091321175362022,8.441078395586869e-05,15,0.5461254612546126,0.06382978723404255,-0.010941590786438311,1.0,2.386444614121839,1.2688634139880186,0.04833305411291674,True,True
0.2,0.5487333873725471,0.27445376766387547,0.32016992710378367,0.18324451768704098,0.09893077052782023,1.560085090370387,3.0274478980464112e-05,15,0.6715867158671587,0.1276595744680851,-0.00645538127808409,1.0,2.556444317841983,1.3970904155059005,0.06366225498408444,True,True
0.2,0.4132890756300526,0.25956715091816995,0.47029503352407653,0.17255110383161507,0.11987714023846291,1.5063396109498213,4.337903112457912e-05,15,0.3948339483394834,0.0,0.017763023010411015,1.0,2.1721592464962187,1.4322737966284356,0.0633271904841682,True,True
0.2,0.5249032623019866,0.31968901596264176,0.33949368579512496,0.21892555507470007,0.10326783527755393,1.5348463120122036,3.58182581395955e-05,15,0.6346863468634686,0.11702127659574468,-0.023716700737340713,1.0,2.473550708089588,1.2796929637444645,0.057547327860613166,True,True
0.2,0.5378376726104682,0.28240915117651993,0.4288268905234725,0.17022083211744862,0.08713818954753551,1.3450593041580134,0.0001322947384938046,15,0.45387453874538747,0.010638297872340425,0.021520699506563743,1.0,2.2855086383542016,1.4399408371963063,0.03442787736639303,True,True
0.2,0.43094313344090235,0.2695450148774308,0.4729821550001349,0.1797979690516851,0.11156157843940509,1.467153240668213,5.659932236122172e-05,15,0.39114391143911437,0.0,0.01524084012777827,1.0,2.1654999375744692,1.4084302210941364,0.052102529736974365,True,True
0.2,0.49478740288384593,0.32824925139355043,0.36018696670563854,0.22053339291494556,0.10371978496904491,1.497731881007957,4.59768440539947e-05,15,0.5830258302583026,0.06382978723404255,-0.015122334019830526,1.0,2.4402024835150344,1.27440286908607,0.05201876361199531,True,True
0.2,0.5035446216914002,0.31325267543515994,0.35387854942955044,0.22914841084863566,0.1037066983790783,1.5208304309956204,3.9346635715446585e-05,15,0.5977859778597786,0.0851063829787234,-0.04837789815362466,1.0,2.499660011016029,1.246057808898888,0.05327525548668119,True,True
0.2,0.56448546635329,0.24167060451854497,0.4197641041179978,0.20907544229080674,0.09060605098066477,1.3684699211914015,0.00011215703853026295,15,0.4612546125461255,0.02127659574468085,-0.10259790787118617,1.0,2.313263013007737,1.3121017227115392,0.028229184117942705,False,True
0.2,0.4143090452805998,0.24743760040247206,0.444514313462608,0.22294054491514148,0.08054885729889058,1.2607300791389433,0.00024195296625822827,15,0.42066420664206644,0.010638297872340425,-0.17685648175742008,1.0,2.240141555470669,1.26648287764201,0.04925448148768638,False,True
0.2,0.49244290341316904,0.2898722532488212,0.3797916623730197,0.16550118499067387,0.0833403220791296,1.3581014455026161,0.00012065096622393038,15,0.5424354243542435,0.06382978723404255,0.03207904435900879,1.0,2.4514817641917164,1.455469380827949,0.03283632099179092,True,True
0.2,0.48020493890093374,0.3028423157794974,0.3399733609407979,0.16120736857402096,0.11936937493657176,1.6193596335978089,2.050358349424138e-05,15,0.6309963099630996,0.11702127659574468,0.043297541630775496,1.0,2.5439064048801034,1.4695968598070444,0.07044731110738817,True,True
0.2,0.4269935008380866,0.34699642983476076,0.3500528328682703,0.2130310006271771,0.10835308758963408,1.5908699002610867,2.4704768419539288e-05,15,0.6051660516605166,0.0851063829787234,0.020706504307069554,1.0,2.3721924690139757,1.2990871776483344,0.06223823085944044,True,True
0.2,0.596932781730261,0.3188131771569145,0.3317158881300226,0.17484788813804553,0.11637400104639228,1.67355533716891,1.4449527555464793e-05,15,0.6605166051660517,0.11702127659574468,0.045543505920142086,1.0,2.4770500214880427,1.4247169360503333,0.06969341598257664,True,True
0.2,0.5648279709406444,0.2440212927848121,0.39532298858853737,0.17533757973651473,0.10743656048537781,1.4780283575950404,5.255453118644645e-05,15,0.5055350553505535,0.031914893617021274,0.0038436502305778776,1.0,2.3944564015736054,1.4231057568353156,0.02085776511978556,True,True
0.2,0.5321470891187563,0.33523139013135733,0.39411517163951687,0.23253531547443093,0.10479182740395272,1.42063553826604,7.793706429858434e-05,15,0.5055350553505535,0.031914893617021274,-0.029891027991449333,1.0,2.3987298936837522,1.234914243533692,0.05009214273747697,True,True
0.2,0.42066168823784894,0.35262814330467157,0.3638183091349365,0.18058791785024753,0.08083131173719146,1.3937042410468818,9.398483169882437e-05,15,0.5756457564575646,0.06382978723404255,0.052497399745280185,1.0,2.352999089366869,1.4058311381424364,0.055704473111073884,True,True
0.2,0.5056135332137887,0.2720010118995753,0.38328316466308027,0.17809975430776975,0.11105993023197368,1.5123208812867994,4.166459867593637e-05,15,0.5202952029520295,0.06382978723404255,0.019085565866370283,1.0,2.4382595505103213,1.4140176730875675,0.029401909867649522,True,True
0.2,0.54958208127586,0.25074252686098086,0.43215597849882537,0.1736703957529842,0.08451441680454366,1.3340563918807353,0.00014302500768496857,15,0.44280442804428044,0.010638297872340425,-0.02974647069329986,1.0,2.275605798724346,1.4285911116796133,0.04029150611492712,True,True
0.2,0.4706734903610224,0.3209401164440075,0.36723106764330765,0.1862165002090055,0.08539449905855578,1.4017620664433215,8.885085705386237e-05,15,0.5682656826568265,0.06382978723404255,0.01695017592531681,1.0,2.468580741460255,1.3873120233877714,0.04104540123973865,True,True
0.2,0.5753584375603374,0.26691956034142683,0.3563609717093761,0.18726025650481104,0.11975775968785202,1.650727347653717,1.6731955881373786e-05,15,0.5940959409594095,0.07446808510638298,0.00857529299531567,1.0,2.5469165141239607,1.3838778651244832,0.057044731110738815,True,True
0.2,0.578065432278655,0.2840524313648216,0.3475012362892082,0.18396750070859336,0.08598508483962251,1.4680974528754236,5.6235585868280904e-05,15,0.6125461254612546,0.09574468085106383,-0.016038199361425313,1.0,2.556444317841983,1.3947116627954652,0.048919416987770144,True,True
0.2,0.5154309057666238,0.2910344337680815,0.42572765204971436,0.22813391114751888,0.08741743412175235,1.3464753781750873,0.00013097582038160802,15,0.4575645756457565,0.010638297872340425,-0.11666022226437155,1.0,2.2948669635913665,1.249395707358226,0.03668956274082761,False,True
0.2,0.44172147762040676,0.3371407529873649,0.35091889302710677,0.23661313726224426,0.08094982717283106,1.4372667194633069,6.947851533239621e-05,15,0.6014760147601476,0.0851063829787234,-0.10747125252853566,1.0,2.4071252045699074,1.2214974282817868,0.08276093147930977,False,True
0.2,0.4332041566177847,0.2587271293683551,0.36317073680361006,0.16648999597454003,0.11065618699992144,1.5656044198990866,2.9186588854978736e-05,15,0.5756457564575646,0.06382978723404255,0.02121043351127097,1.0,2.5179104929497598,1.4522160031719575,0.04431228011392193,True,True
0.2,0.4771143032850861,0.2829589168523997,0.37498495577490376,0.1613678401341766,0.10037229636823725,1.4454838005222612,6.565839041088586e-05,15,0.5498154981549815,0.06382978723404255,0.0436754516315563,1.0,2.4700874358741114,1.4690688776175755,0.025883732618529068,True,True
0.2,0.587530507542716,0.35058493033657756,0.35196426936944625,0.1978015597496534,0.10409709570331266,1.5147467773176466,4.0989591270633186e-05,15,0.5977859778597786,0.0851063829787234,0.04410831431175767,1.0,2.359900160964573,1.3491949570648347,0.04967331211258167,True,True
0.2,0.5019332721267025,0.30024865285332203,0.4485493054999845,0.20335930691134305,0.09762547544329336,1.3404203722838477,0.00013671292728425382,15,0.42066420664206644,0.010638297872340425,-0.016248907974060065,1.0,2.228985677532198,1.3309089036850532,0.027056458368235885,True,True
0.2,0.4702970574628924,0.2869923600836396,0.36888070730672584,0.22645250686880694,0.09523969949778407,1.4428159070107642,6.687407362785633e-05,15,0.5645756457564576,0.06382978723404255,-0.08795035489458834,1.0,2.4944144847025567,1.2549278496991836,0.03576813536605797,True,True
0.2,0.41973096051827397,0.331535014028573,0.43168131996559744,0.20015015210260967,0.10278289524075389,1.3868163490333143,9.861819453578587e-05,15,0.44649446494464945,0.010638297872340425,0.029978761691039864,1.0,2.277008400943612,1.341467638083946,0.033841514491539625,True,True
0.2,0.4697640316146267,0.2814077997983711,0.44974030853745756,0.20250982268267897,0.10978354537909707,1.463400482808125,5.806945184478459e-05,15,0.42066420664206644,0.010638297872340425,-0.01197428388345429,1.0,2.2257310756048954,1.3337038696125627,0.0375272239906182,True,True
0.2,0.5855109086451786,0.3253899428876665,0.42542380888338677,0.17391923687157723,0.0863174296775708,1.3387685854579197,0.00013832290502791914,15,0.4575645756457565,0.010638297872340425,0.05592084768636558,1.0,2.295791774262455,1.4277723767056578,0.040040207739989946,True,True
0.2,0.406958178431802,0.24684742725788186,0.4135044065175204,0.19535164939634056,0.08677327010999725,1.362684681688124,0.00011681668601472152,15,0.47232472324723246,0.02127659574468085,-0.08056908722184639,1.0,2.333143404127516,1.3572556316858693,0.025967498743508125,True,True
0.2,0.49032859851419824,0.24895930762876353,0.43395094846716464,0.18948190500941664,0.09630462760216284,1.3985600490812315,9.085510023348213e-05,15,0.44280442804428044,0.010638297872340425,-0.04026802041946623,1.0,2.27032945560714,1.3765682157351828,0.030825933992293518,True,True
0.2,0.5885942981436371,0.283591174413563,0.4312839763647812,0.22542486670011824,0.09768199771369399,1.3814227002539325,0.00010241216202328992,15,0.44649446494464945,0.010638297872340425,-0.0855246899850553,1.0,2.2781849137382224,1.2583089828153824,0.031077232367230694,True,True
0.2,0.4312798634851751,0.2679660797910194,0.3683038408037853,0.23222625792724683,0.08946437059146972,1.422818445305052,7.676819127212429e-05,15,0.5645756457564576,0.06382978723404255,-0.13795824791740216,1.0,2.496755154449178,1.2359311020990096,0.041966828614508296,False,True
0.2,0.4292973034688869,0.24525629714021985,0.3295856651035912,0.1783164833042727,0.10720691552661613,1.5937944682972658,2.423467304472418e-05,15,0.6605166051660517,0.11702127659574468,-0.003221248167238616,1.0,2.556444317841983,1.4133045931500132,0.0651700452337075,True,True
0.2,0.4937480492580606,0.2448619651156332,0.33045020913478035,0.182674179500516,0.11740259379647505,1.6809723862648964,1.3780326490331446e-05,15,0.6605166051660517,0.11702127659574468,0.0007608165133741611,1.0,2.556444317841983,1.398966937452637,0.0752219802311945,True,True
0.2,0.5930591459007434,0.3267720683600275,0.41695972991375624,0.1660860608940083,0.11381683680772502,1.5165103205229054,4.0506069764179684e-05,15,0.46863468634686345,0.02127659574468085,0.064687031473066,1.0,2.3220957147121086,1.4535450270065582,0.042720723739319816,True,True
0.2,0.5932526327710416,0.2588954821112866,0.39907694301325725,0.18352637118704998,0.11514520768464853,1.5773642346017065,2.7002989462488414e-05,15,0.4907749077490775,0.031914893617021274,0.005420478023913184,1.0,2.38133931758664,1.3961630634698148,0.0252136036186966,True,True
0.2,0.5117450103421601,0.3145612316491204,0.32823822279289705,0.18515346210875666,0.08786904928849226,1.5260535177925665,3.799105690572243e-05,15,0.6605166051660517,0.11702127659574468,0.009006669099643311,1.0,2.4942771308415077,1.390809622483298,0.06173563410956609,True,True
0.2,0.5393594076512502,0.2839640881586329,0.35856177272769957,0.22989097238554312,0.10747798884226126,1.5350541349457394,3.576850440397521e-05,15,0.5867158671586716,0.06382978723404255,-0.06356928343446987,1.0,2.537421761201342,1.243614639120446,0.047160328363209915,True,True
0.2,0.4797488038853762,0.28208347177135135,0.35215274363612337,0.20332900616921568,0.11131960495173646,1.62442499120035,1.9838718591375713e-05,15,0.5977859778597786,0.0851063829787234,-0.011050084453286679,1.0,2.556444317841983,1.3310085989342015,0.04473111073881722,True,True
0.2,0.5915897409247691,0.3085776352864206,0.44844187606381186,0.19898609063095374,0.10765308264611775,1.4002378885896334,8.979908020471052e-05,15,0.42066420664206644,0.010638297872340425,0.016075884623375745,1.0,2.229280095260445,1.345297623433905,0.03568436924107891,True,True
0.2,0.4311874401311245,0.34174217135564205,0.3684313893011611,0.2273878707482606,0.10135434602589162,1.4478375092577436,6.460501951477032e-05,15,0.5645756457564576,0.06382978723404255,-0.021611852451979007,1.0,2.390597058671376,1.2518503232605735,0.05737979561065505,True,True
0.2,0.576773989064091,0.33790903212778817,0.3997302154471589,0.18101657571155885,0.08252068988158504,1.3325064259193704,0.0001446077087473018,15,0.4907749077490775,0.031914893617021274,0.045417399997561975,1.0,2.3790818177450674,1.4044207716206139,0.03593566761601608,True,True
0.2,0.4694835142140225,0.28405930299970195,0.4100872941452307,0.18593244520264277,0.09872801134966522,1.3836280475156149,0.00010084284772379593,15,0.46863468634686345,0.031914893617021274,0.006073172983445568,1.0,2.34425201657496,1.3882466188017095,0.012313620371921595,True,True
0.2,0.5420716517884456,0.2429354675468871,0.35183858698718296,0.23163162064909387,0.09778956107585812,1.5089998721997684,4.2607577955405215e-05,15,0.5977859778597786,0.0851063829787234,-0.12100858968324987,1.0,2.556444317841983,1.2378875727144534,0.04707656223823086,False,True
0.2,0.5034254601935935,0.2631237280826341,0.4429899649702426,0.1647993687431652,0.11730694261489157,1.5185815385725685,3.994579897289688e-05,15,0.42066420664206644,0.010638297872340425,0.025485640817318748,1.0,2.2444089386167603,1.45777849079488,0.05151616686212096,True,True
0.2,0.4504767645368736,0.3387587627894685,0.3507608089448022,0.17558564192134224,0.1006798004206825,1.5175463744369453,4.022479374654332e-05,15,0.6014760147601476,0.0851063829787234,0.06433259462424862,1.0,2.401268764556968,1.422289584702742,0.04615513486346122,True,True
0.2,0.501235439296723,0.354196783474462,0.32026522898347265,0.1838736990117244,0.09515588357138448,1.5267199228606112,3.782164885311482e-05,15,0.6715867158671587,0.1276595744680851,0.0510145234681694,1.0,2.347748259058357,1.395020288356535,0.0667616016083096,True,True
0.2,0.4803240291228199,0.3386606128645377,0.3370984408186405,0.23204073513239443,0.09216893901392026,1.497716602126085,4.598159714812526e-05,15,0.6383763837638377,0.11702127659574468,-0.06192519037161291,1.0,2.4016226322232477,1.2365415076520405,0.07848885910537778,True,True
0.2,0.48545446684912885,0.30408625940555295,0.44190446332816863,0.17345662952410384,0.11470972645042227,1.505345443462755,4.367106789160115e-05,15,0.42066420664206644,0.010638297872340425,0.0468197429878566,1.0,2.2474657259053665,1.4292944435438344,0.044144747863963815,True,True
0.2,0.4206074095877296,0.2643581984252945,0.441543649310165,0.16285157006454057,0.08042030050103406,1.259914546341974,0.00024338579840127152,15,0.42066420664206644,0.010638297872340425,0.006974307338950316,1.0,2.248485111240404,1.46418712176966,0.04707656223823086,True,True
0.2,0.483723746746221,0.320444802694993,0.3483672010516299,0.1980762759173777,0.08196371538379182,1.449419340396268,6.390701328671209e-05,15,0.6051660516605166,0.09574468085106383,-0.023105453804895697,1.0,2.4705443490678967,1.3482910882199326,0.05017590886245602,True,True
0.2,0.40034929693395177,0.24832522727665438,0.476596543791087,0.16490386948036073,0.11961979849292892,1.4885056002578751,4.894267720580158e-05,15,0.39114391143911437,0.0,0.018080860395918677,1.0,2.1566610780294218,1.4574346633405195,0.06701289998324678,True,True
0.2,0.44864738022402106,0.25496581488068654,0.3666900317675034,0.22109195246104912,0.09292483223370357,1.449394360598445,6.391797461045829e-05,15,0.5719557195571956,0.06382978723404255,-0.11338830658555495,1.0,2.5033423992174875,1.2725651011238566,0.03853241749036689,False,True
0.2,0.47849792259619645,0.3452949301064549,0.3462930023799413,0.18096034953125437,0.0930520595931318,1.487776407523657,4.918545100472653e-05,15,0.6162361623616236,0.09574468085106383,0.056278689568798966,1.0,2.378098907309508,1.4046057665303278,0.054029150611492716,True,True
0.2,0.4912461525052437,0.2590102521513267,0.35396267289789707,0.16240895962419505,0.11686951173841958,1.6207776347805387,2.0315137400018024e-05,15,0.5977859778597786,0.0851063829787234,0.023490393573201207,1.0,2.556444317841983,1.4656433949507066,0.058887585860278105,True,True
0.2,0.4499264907831349,0.2757010506259917,0.4349888346792429,0.16019415788340008,0.11887650872562745,1.5463978742624265,3.3159567935982076e-05,15,0.44280442804428044,0.010638297872340425,0.03415203743498484,1.0,2.2672984411956003,1.4729305171747944,0.051264868487183785,True,True
0.2,0.5045791730017465,0.32215976045600336,0.3392386843608244,0.23056940427946518,0.08089778523744162,1.4551653936987048,6.143699975927617e-05,15,0.6346863468634686,0.11702127659574468,-0.10930508317665338,1.0,2.463767900584445,1.241382468158744,0.0762271737309432,False,True
0.2,0.5567220382643419,0.2818385506695285,0.4089588025284252,0.23262658703596975,0.11201349971926196,1.5314138066639749,3.6650575074011987e-05,15,0.46863468634686345,0.031914893617021274,-0.06194314743739343,1.0,2.347961380751009,1.2346139426027933,0.031496062992125984,True,True
0.2,0.5686950963577276,0.3330364070147027,0.40752760883368977,0.22750441116808592,0.09419539159614385,1.3416371459764669,0.0001355394173287725,15,0.47232472324723246,0.031914893617021274,-0.04656756211332098,1.0,2.3526952780062134,1.251466882942792,0.044982409113754396,True,True
0.2,0.42252310946891874,0.319650894411597,0.37404183597698626,0.23429072355481564,0.08312395535277631,1.362711085761289,0.0001167949676721311,15,0.5535055350553506,0.06382978723404255,-0.1130543872289027,1.0,2.4737026731987894,1.2291386145013963,0.055872005361032,False,True
0.2,0.5708306521551879,0.2571196689317857,0.35560369516732065,0.22156854864057487,0.08255437490941715,1.4566475976481188,6.0816166470954035e-05,15,0.5940959409594095,0.07446808510638298,-0.14910042802636836,1.0,2.550210753201293,1.270997008347078,0.05285642486178589,False,True
0.2,0.5664277750243834,0.3102908110849892,0.4413559336554837,0.22418555054713993,0.08751425001143277,1.2962072296152654,0.00018737228607954197,15,0.42435424354243545,0.010638297872340425,-0.08405734434413518,1.0,2.249016111691843,1.262386570490475,0.046657731613335564,True,True
0.2,0.4658322611564368,0.2885378131744416,0.46123443070297054,0.16718171615925856,0.11707725017317168,1.4759720793342637,5.3295511401347936e-05,15,0.3985239852398524,0.010638297872340425,0.03947506399407343,1.0,2.1951854315956316,1.4499401111866534,0.05595577148601106,True,True
0.2,0.40948553730552095,0.3196917499383996,0.4493364356851706,0.21218050448785544,0.1068122345570711,1.3758891135746354,0.000106462786163741,15,0.42066420664206644,0.010638297872340425,0.0010600654301605294,1.0,2.2268327879663388,1.3018854729558536,0.04540123973864969,True,True
0.2,0.5793493806960602,0.3566855386980502,0.3372182059723546,0.23811279269771968,0.10157121081665088,1.5227566836353412,3.884090744311128e-05,15,0.6383763837638377,0.11702127659574468,-0.03322409831071492,1.0,2.3395005708554484,1.2165632744697148,0.08837326185290668,True,True
0.2,0.4081091196284759,0.2988807779978664,0.4360809672824901,0.16554522848249792,0.08517027072995355,1.3243268309595146,0.00015326673526930656,15,0.43911439114391143,0.010638297872340425,0.046845634119669875,1.0,2.2641245857661856,1.4553244692983136,0.039202546490199365,True,True
0.2,0.4411838502009009,0.2546638148894077,0.3455366909600993,0.20932090105320367,0.08962545853474112,1.487666618131082,4.922211259723456e-05,15,0.6199261992619927,0.09574468085106383,-0.09791369181829636,1.0,2.556444317841983,1.3112941163377436,0.05151616686212096,True,True
0.2,0.5895698317595987,0.277986287326515,0.34622158829031835,0.22147718516567091,0.08759461299931393,1.4757721611562302,5.336813173756322e-05,15,0.6162361623616236,0.09574468085106383,-0.10978748851619412,1.0,2.556444317841983,1.2712976116905643,0.05361031998659742,False,True
0.2,0.49748393304630256,0.3358330838224253,0.3219515225124332,0.20537301388907703,0.09347403808178811,1.5258965697817113,3.803107032918253e-05,15,0.6715867158671587,0.1276595744680851,-0.007031535057961621,1.0,2.411894246724085,1.324283421773982,0.06651030323337243,True,True
0.2,0.40920012327768795,0.31886188262291726,0.36907985131893917,0.23747475161842077,0.08489760088121602,1.4025857065608944,8.834280063346919e-05,15,0.5682656826568265,0.06382978723404255,-0.11547124039269184,1.0,2.476854988027024,1.2186625519098575,0.05997654548500586,False,True
0.2,0.5895322952628809,0.2744064269909676,0.43060344901045,0.21874104434071834,0.1155359734581982,1.5692687374912846,2.8487009365348483e-05,15,0.44649446494464945,0.010638297872340425,-0.03668555263208283,1.0,2.2802049621138014,1.2803000394232558,0.04288825598927794,True,True
0.2,0.5291047411730182,0.30015269102361886,0.4776434908294965,0.18449477340417053,0.08858479375981604,1.2620550107636435,0.0002396437509567323,15,0.39114391143911437,0.0,0.010959774464652744,1.0,2.154125791956574,1.392976834568034,0.046322667113419334,True,True
0.2,0.40339795776233517,0.2544165068094065,0.36184776332563967,0.2039761361138251,0.11244447875095137,1.6070621359181578,2.2216836362632036e-05,15,0.5793357933579336,0.06382978723404255,-0.029051230199718555,1.0,2.523460217247208,1.3288794173851826,0.04473111073881722,True,True
0.2,0.4360067729677834,0.28959196902663326,0.47130875313540194,0.1664203463410116,0.11151314050638178,1.4644616432314734,5.7649746202969684e-05,15,0.3948339483394834,0.0,0.04340476945181079,1.0,2.169638094898959,1.4524451638155655,0.05185123136203719,True,True
0.2,0.41404813621182157,0.33505744772146795,0.4758046329198229,0.17438649081828939,0.10480308981807784,1.3478999467491222,0.0001296627775339341,15,0.39114391143911437,0.0,0.07161730275229868,1.0,2.1585861800958703,1.4262350216654018,0.052102529736974365,True,True
0.2,0.47199336160757355,0.351874369992261,0.41362874818759093,0.17253846039436949,0.11220434436768428,1.4869578062836537,4.945949202935498e-05,15,0.46863468634686345,0.02127659574468085,0.07826934272854018,1.0,2.332742645529282,1.4323153959602601,0.04615513486346122,True,True
0.2,0.4010588899055006,0.31100206857296564,0.40340277733423896,0.20849994136881886,0.09518460528456815,1.3881151754584418,9.772663723650256e-05,15,0.4833948339483395,0.031914893617021274,-0.021645557837026166,1.0,2.3665267149852784,1.3139952310474572,0.01683699112079075,True,True
0.2,0.4665879464142081,0.2635606130258829,0.4523840980094569,0.2184076531006535,0.1051256505011659,1.3991868972719905,9.045906071650624e-05,15,0.41697416974169743,0.010638297872340425,-0.06845074681076756,1.0,2.21856774929116,1.281396960502034,0.041883062489529235,True,True
0.2,0.46938996501206537,0.24248791144113513,0.3906673900812123,0.2234848701460356,0.08120377367199645,1.3585700137500338,0.00012025302931483322,15,0.5055350553505535,0.031914893617021274,-0.16971275135528455,1.0,2.4110741928367725,1.2646919433050359,0.03183112749204222,False,True
0.2,0.43217944407316305,0.29478366799448735,0.4522139748307483,0.1640927043032209,0.08121120120169051,1.2647464978922474,0.00023502277726880174,15,0.41697416974169743,0.010638297872340425,0.041042704521960065,1.0,2.219026175236662,1.4601035522441468,0.04783045736304239,True,True
0.2,0.599751471671305,0.33347386858622335,0.39478498112447724,0.16470383114745016,0.082233233792995,1.3371805467666662,0.00013988933149084896,15,0.5055350553505535,0.031914893617021274,0.07565145742083317,1.0,2.3963567473015916,1.4580928277958622,0.03777852236555537,True,True
0.2,0.4155137169232151,0.30496836185053705,0.367681562453934,0.1607169496937959,0.11553062736934822,1.5839630183464624,2.585332303385791e-05,15,0.5719557195571956,0.06382978723404255,0.05064622743059988,1.0,2.49928832016308,1.4712104319184323,0.046825263863293685,True,True
0.2,0.594763683354226,0.2999962185195953,0.42907593874236566,0.1715137841822441,0.09769359323166008,1.39550205899572,9.281318567585996e-05,15,0.45387453874538747,0.010638297872340425,0.04613231585175211,1.0,2.2847624915586193,1.4356867770912833,0.024878539118780366,True,True
0.2,0.5833671642554399,0.25547447580464666,0.44863620292541007,0.22037601739292803,0.08844783201775679,1.3122444485086515,0.00016705481972677157,15,0.42066420664206644,0.010638297872340425,-0.1344320395920561,1.0,2.2287476323397546,1.2749206647166667,0.04481487686379628,False,True
0.2,0.419679774123935,0.2905550757328113,0.36150797739519697,0.22848710360379237,0.09465771241185046,1.4576754353113055,6.038949629191881e-05,15,0.5756457564575646,0.06382978723404255,-0.08999605052835401,1.0,2.5248921368168387,1.248233636482949,0.04171553023957112,True,True
0.2,0.546872331504344,0.31385493791698904,0.39657576016109575,0.21674536620137969,0.11985471682397351,1.5652263356953025,2.9259788653364923e-05,15,0.5055350553505535,0.031914893617021274,0.004369604570742486,1.0,2.390051353372087,1.2868662030005344,0.03995644161501089,True,True
0.2,0.5513697016822875,0.31448186420986507,0.4665219400460144,0.23225895526545096,0.09226105757647514,1.2798031674148072,0.00021082076928151448,15,0.3985239852398524,0.0,-0.08552444182507911,1.0,2.1816393288429756,1.2358235215894284,0.05964148098508963,True,True
0.2,0.5538468654733646,0.2644184898647376,0.36858308561090863,0.23094062581891897,0.09207752427113951,1.4347832571915238,7.06781671993645e-05,15,0.5645756457564576,0.06382978723404255,-0.12946386154211378,1.0,2.4956211873173926,1.240161078144285,0.04037527223990618,False,True
0.2,0.45395565169484825,0.3199061302076502,0.3763321783272602,0.23934098939771578,0.08708135139273342,1.3774171126009596,0.00010532788344335259,15,0.5498154981549815,0.06382978723404255,-0.11203259387326933,1.0,2.464824705069776,1.212522271926128,0.05578823923605294,False,True
0.2,0.5468605611114299,0.3070438391500174,0.4039421072896165,0.23389346491524632,0.08170313797156442,1.3212189351261023,0.00015669646182932332,15,0.4797047970479705,0.031914893617021274,-0.1312664233702302,1.0,2.364702174342164,1.2304456715655998,0.036019433740995144,False,True
0.2,0.5175738381504681,0.3076875186725178,0.3700925159941282,0.1663672534258348,0.09536549890148305,1.4405407803998602,6.792933515247102e-05,15,0.5645756457564576,0.06382978723404255,0.05532869271570405,1.0,2.489521263745959,1.4526198496824763,0.03275255486681186,True,True
0.2,0.40406983095457305,0.28316345859580544,0.35396613824184897,0.1784291001957193,0.11595044448970769,1.6401557629398877,1.7914353848107006e-05,15,0.6014760147601476,0.0851063829787234,0.025766255941486394,1.0,2.556444317841983,1.4129340619925954,0.053861618361534594,True,True
0.2,0.531868463327194,0.28772677765885124,0.4348858173454977,0.1809625924297871,0.09839263542245438,1.3931733052073083,9.43337836732496e-05,15,0.44280442804428044,0.010638297872340425,0.018962636869692732,1.0,2.2675986434585034,1.404598386964273,0.02638632936840342,True,True
0.2,0.44255618368452765,0.26514808395978745,0.3797111434130676,0.21384720988330994,0.11128767595619316,1.554570996483285,3.140381635276632e-05,15,0.5424354243542435,0.06382978723404255,-0.041597462163672175,1.0,2.4517895555327645,1.296401692758054,0.03216619199195845,True,True
0.2,0.5704237378300617,0.2990759567123609,0.46419058958798626,0.16093665473015456,0.10174274146763927,1.3469291960675869,0.00013055603686729255,15,0.3985239852398524,0.0,0.05900615872203556,1.0,2.1875739932939875,1.4704875602393543,0.04129669961467582,True,True
0.2,0.46432393356111223,0.34420108305114366,0.43491248192232845,0.1884231674239085,0.11323159338733949,1.5238169379531987,3.856544872628915e-05,15,0.44280442804428044,0.010638297872340425,0.06199133517598968,1.0,2.2675209267158847,1.3800516653129604,0.05034344111241414,True,True
0.2,0.5529002893620957,0.3100922231634647,0.4101746047004026,0.23283458504328816,0.10064976272235014,1.3772487475187085,0.0001054523148564487,15,0.46863468634686345,0.031914893617021274,-0.06618406756769953,1.0,2.343965876505553,1.233929589293069,0.028983079242754232,True,True
0.2,0.5145278019563573,0.34961370527937863,0.4159645397887256,0.22757402968191198,0.11230922806488851,1.4939579594497943,4.716661958268538e-05,15,0.46863468634686345,0.02127659574468085,0.007968912224395582,1.0,2.325258812701892,1.2512378246889693,0.0657564081085609,True,True
0.2,0.4832532758086521,0.3240234262842772,0.47950946113536097,0.21467960498945746,0.11016529276630851,1.4086027116426,8.472187929510544e-05,15,0.39114391143911437,0.0,0.005163293464455187,1.0,2.149634609547109,1.2936629533189867,0.06022784385994304,True,True
0.2,0.49683464976095243,0.2985709213592568,0.41104054581458327,0.20279148313480394,0.09083997785294001,1.352916835611276,0.000125146585909032,15,0.46863468634686345,0.02127659574468085,-0.031503098761539665,1.0,2.341134537066239,1.3327771527410155,0.014575305746356173,True,True
0.2,0.5417957471040643,0.3459024665253894,0.3957406674227053,0.19125758475283205,0.11705531313241334,1.5444650065004966,3.358962243971995e-05,15,0.5055350553505535,0.031914893617021274,0.058683926075203355,1.0,2.375984130701945,1.370725889046176,0.044144747863963815,True,True
0.2,0.5073131018661264,0.34981767817098114,0.45194895910340604,0.22576182064096445,0.10113888468447636,1.3276980914291365,0.0001496343950567171,15,0.41697416974169743,0.010638297872340425,-0.007224539053140893,1.0,2.219740992921209,1.2572003397681937,0.06382978723404255,True,True
0.2,0.5270704350704931,0.2594169015489828,0.47417497088485216,0.21721648342342803,0.11667077911029917,1.5229292487435668,3.879593441033402e-05,15,0.39114391143911437,0.0,-0.04338013276783078,1.0,2.1625680518265114,1.285316137043973,0.06098173898475456,True,True
0.2,0.5423943714474946,0.29092781919536836,0.3701018903617837,0.22175707651818732,0.09792419408573115,1.4519829497266907,6.279244891519678e-05,15,0.5645756457564576,0.06382978723404255,-0.06596305243056931,1.0,2.4894835354329707,1.2703767154958014,0.029820740492544816,True,True
0.2,0.506893037482878,0.2758991417088797,0.4145563975831273,0.19917122313329394,0.09269498159164308,1.3703270549167579,0.00011070257777396304,15,0.46863468634686345,0.02127659574468085,-0.04413832478350314,1.0,2.3297603784198166,1.3446885020180441,0.018847378120288156,True,True
0.2,0.4859693428887091,0.24050279728193275,0.47517564369844245,0.2218921967045093,0.081201385853635,1.2427229784035618,0.0002757242427916668,15,0.39114391143911437,0.0,-0.17430376894857605,1.0,2.1601197987250758,1.269932144185181,0.05855252136036187,False,True
0.2,0.4971400844674563,0.31650054575180336,0.3842723352475839,0.18044561124741348,0.10237829671417494,1.3975485485575125,9.149797448936637e-05,15,0.5202952029520295,0.06382978723404255,0.04661537433926567,1.0,2.4345572698365654,1.406299354140756,0.02412464399396884,True,True
0.2,0.43496264222905007,0.29321363553614316,0.43202376749456345,0.18189064089087165,0.09320600132405127,1.3572694633458484,0.00012136091503176376,15,0.44649446494464945,0.010638297872340425,0.01645979657744153,1.0,2.2759961687372496,1.4015449296541966,0.028815546992796114,True,True
0.2,0.5280559834106318,0.2555627745943637,0.4578216549382285,0.19444923058171196,0.10945274295104826,1.4498238039289966,6.3729804428437e-05,15,0.4059040590405904,0.010638297872340425,-0.020417626895959298,1.0,2.2040947958236576,1.360224762546835,0.044647344613838166,True,True
0.2,0.587773535364344,0.24784591969412528,0.34903148924989713,0.1988304526956086,0.09368546268015077,1.4991330182500886,4.554314119765411e-05,15,0.6051660516605166,0.09574468085106383,-0.06540892880148397,1.0,2.556444317841983,1.3458097020713176,0.044563578488859105,True,True
0.2,0.4378005308510688,0.2544697327563873,0.453499990102901,0.1724549852759521,0.08173703509150848,1.2712285731961848,0.00022426866600172023,15,0.41697416974169743,0.010638297872340425,-0.029467674527306933,1.0,2.2155693145691404,1.432590045098995,0.05034344111241414,True,True
0.2,0.48890615182244374,0.24735995717351203,0.4769484813023952,0.19954378868715922,0.09796613883123395,1.3374249497291757,0.00013964705955530777,15,0.39114391143911437,0.0,-0.05973770237377084,1.0,2.1558075845449327,1.3434626899385727,0.042385659239403586,True,True
0.2,0.49513516887258985,0.2869699729154255,0.38890286514258054,0.20198066840465922,0.0941257341986737,1.4058394196362196,8.636518230261356e-05,15,0.5129151291512916,0.031914893617021274,-0.03517263112503073,1.0,2.4174765000108467,1.3354448886068608,0.01373764449656559,True,True
0.2,0.4360274258421862,0.29570782255689176,0.4737995174987433,0.18978822734068948,0.09175180680436712,1.2818806888970926,0.00020769008891713612,15,0.39114391143911437,0.0,-0.0009559140480115026,1.0,2.1634893066938536,1.3755603565544547,0.042385659239403586,True,True
0.2,0.5039679741770982,0.2816031992589298,0.46401640590037446,0.22135177477150597,0.08845036827643621,1.2778179895685504,0.00021385800729640115,15,0.3985239852398524,0.0,-0.10868490521465596,1.0,2.18801978791425,1.2717102359239745,0.04824928798793768,False,True
0.2,0.5956481315753152,0.2965275158941528,0.38280349764011395,0.1679950727639032,0.09069543984645691,1.361656027647038,0.00011766607098897019,15,0.5202952029520295,0.06382978723404255,0.0423024766506404,1.0,2.440061743230866,1.4472640120665186,0.02571620036857095,True,True
0.2,0.4515739099261742,0.24922067354165503,0.38431168775907176,0.231882270371184,0.09582917030817747,1.4012804488708677,8.914934895234777e-05,15,0.5202952029520295,0.06382978723404255,-0.13136677789910098,1.0,2.434410374924859,1.2370628870883493,0.028312950242921762,False,True
0.2,0.4879142061187941,0.2580382544858912,0.4579916768008371,0.2008457594469463,0.08361988937643777,1.2643526738350586,0.00023569312247232173,15,0.4059040590405904,0.010638297872340425,-0.09946183843633438,1.0,2.203647795473404,1.3391789565984715,0.04640643323839839,True,True
0.2,0.5014003997336888,0.2500114515651232,0.35385648917595025,0.17594014589282753,0.08951686045451239,1.4718906921080968,5.479875000061786e-05,15,0.5977859778597786,0.0851063829787234,-0.024941221714601055,1.0,2.556444317841983,1.4211231986910484,0.04791422348802144,True,True
0.2,0.5780294659359436,0.3369457622544081,0.3257291089371942,0.21262114769620127,0.11956171185358032,1.6775461638059286,1.4085317096791768e-05,15,0.6642066420664207,0.11702127659574468,0.017844211095650032,1.0,2.4078342868283684,1.3004356723451327,0.0846875523538281,True,True
0.2,0.5557268832371896,0.2978896732851604,0.33344981840659593,0.23288557265352489,0.08062538352386978,1.4980263107845437,4.588535038983999e-05,15,0.6531365313653137,0.11702127659574468,-0.13930053851396332,1.0,2.556444317841983,1.2337618302829214,0.07287652873178087,False,True
0.2,0.5110250982825042,0.30777341496801836,0.42344551023894567,0.20997611869654215,0.09001717887467044,1.3546482048141926,0.00012362623785707114,15,0.4575645756457565,0.010638297872340425,-0.041843147445188446,1.0,2.3018455947624172,1.3091383247097883,0.028648014742837995,True,True
0.2,0.5865691126146797,0.35714801336688007,0.3585743748773485,0.2047987420835392,0.08675798324150236,1.4360358538908902,7.007041490710363e-05,15,0.5867158671586716,0.06382978723404255,0.010419607683000457,1.0,2.337979047815754,1.3261728860812023,0.05721226336069694,True,True
0.2,0.43375035090825526,0.3370202030249225,0.4645212289326045,0.21187954221814384,0.11314411145627129,1.4581753214986548,6.01831169785162e-05,15,0.3985239852398524,0.0,0.025001505397043575,1.0,2.1867286956792142,1.3028756965067165,0.061986932484503265,True,True
0.2,0.5818045547891292,0.3525864536892019,0.4661661556212794,0.2396951448575385,0.10560717810598319,1.3224924760888181,0.00015528150321439887,15,0.3985239852398524,0.0,-0.025530315918598542,1.0,2.1825411722389134,1.2113570325846013,0.08669793935332551,True,True
0.2,0.5420734864994611,0.27346318036121364,0.3856701765735009,0.16588362545866592,0.11277567025303847,1.5097038531718314,4.240583949327998e-05,15,0.5202952029520295,0.06382978723404255,0.03186260386737419,1.0,2.4293577922570746,1.4542110783883389,0.031914893617021274,True,True
0.2,0.43706285451631677,0.3218594308662225,0.3754622104580624,0.22413666934551213,0.11743285871396827,1.5749314889980774,2.7440238683960696e-05,15,0.5498154981549815,0.06382978723404255,-0.005043749251641151,1.0,2.46495010218168,1.2625473990125777,0.05603953761099011,True,True
0.2,0.4332167617818018,0.2556092998577077,0.43352315867294894,0.16499959304326975,0.11256488513747163,1.5308677270628321,3.678484378211663e-05,15,0.44280442804428044,0.010638297872340425,0.021166649131078984,1.0,2.271582984895088,1.4571197144718262,0.04221812698944547,True,True
0.2,0.5686045341044812,0.3086209644332011,0.4556872966201785,0.18264949285351353,0.09354698478564231,1.3040997729314023,0.00017707086095620648,15,0.4132841328413284,0.010638297872340425,0.031420568846306604,1.0,2.20973456186991,1.3990481612528067,0.03978890936505277,True,True
0.2,0.5443782763061817,0.35893672405541915,0.35335257584097435,0.16780627316868998,0.09780243887629654,1.4927109230922382,4.756680111252814e-05,15,0.5977859778597786,0.0851063829787234,0.08689221833270114,1.0,2.3321266572548485,1.4478851989207802,0.05084603786228849,True,True
0.2,0.5182712201627573,0.35564731057384535,0.37775829340348843,0.2248800968848344,0.08006712933586,1.3065022815853453,0.00017405313542433366,15,0.5461254612546126,0.06382978723404255,-0.05698934712080558,1.0,2.3429289361590007,1.2601013799202097,0.07044731110738817,True,True
0.2,0.4273900071726399,0.3479809171871389,0.44948728932220955,0.23785195001633666,0.08912290240597226,1.2694285309770017,0.00022720290088847889,15,0.42066420664206644,0.010638297872340425,-0.07024203455568193,1.0,2.2264210473176043,1.217421496885512,0.07974535098006366,True,True
0.2,0.4073885056917605,0.26029173115756643,0.34229468206874347,0.23937800533552905,0.08176635854198135,1.4540482123710083,6.190931078873576e-05,15,0.6273062730627307,0.10638297872340426,-0.18620199258223383,1.0,2.556444317841983,1.2124004823961143,0.06835315798291171,False,True
0.2,0.42976707309112505,0.3189143627623191,0.3814066249265434,0.1602788775364854,0.11148840273620782,1.4965065477429096,4.635966791723389e-05,15,0.5313653136531366,0.06382978723404255,0.0630303643013609,1.0,2.445335859681684,1.47265177327847,0.0381135868654716,True,True
0.2,0.5192404698297024,0.3147121510389784,0.4450478723964193,0.1816956755176816,0.11937163635301647,1.5070112752096267,4.3182886055721674e-05,15,0.42066420664206644,0.010638297872340425,0.04612361574414211,1.0,2.2386547747282988,1.402186403099757,0.053442787736639304,True,True
0.2,0.43109675507317785,0.3552077177375176,0.33598487190885173,0.21303925708011198,0.11323796847856576,1.6337336750450442,1.8675181385180828e-05,15,0.6383763837638377,0.11702127659574468,0.029279907896795698,1.0,2.344385823365713,1.2990600123357172,0.07689730273077568,True,True
0.2,0.46347896438706987,0.24202994186358504,0.3628778512716268,0.1630538219358395,0.09324429669491696,1.4585703393993021,6.002055368118379e-05,15,0.5756457564575646,0.06382978723404255,0.008612271124059738,1.0,2.5191356270291,1.463521674348765,0.04079410286480147,True,True
0.2,0.4556658996775063,0.2799066989682231,0.3943793066196952,0.22065641055285343,0.11182785153615489,1.5654347580431711,2.9219412847892414e-05,15,0.5055350553505535,0.031914893617021274,-0.041248261367626625,1.0,2.397793096325114,1.27399811747935,0.02462724074384319,True,True
0.2,0.5106803713903882,0.33725851260839174,0.45555590249730066,0.21132066330944885,0.09188699740245772,1.277706288312886,0.00021403024730402506,15,0.4132841328413284,0.010638297872340425,-0.007344297380109011,1.0,2.210083480654192,1.3047145152330661,0.05294019098676495,True,True
0.2,0.4108918068618174,0.3196200103072289,0.4117286790065885,0.19864013377166923,0.0927795132897964,1.3596455065903488,0.00011934480886929362,15,0.47232472324723246,0.02127659574468085,0.00573676335158886,1.0,2.338893062918442,1.3464358878082878,0.02303568436924108,True,True
0.2,0.5219274893703854,0.33765125791553496,0.4763053299303738,0.1601712350945491,0.11110717980382348,1.4374436139014994,6.93938798429519e-05,15,0.39114391143911437,0.0,0.07512442080863051,1.0,2.157368262511525,1.4730059375435784,0.0603116099849221,True,True
0.2,0.5724511244130693,0.3386476965045952,0.3272214076107921,0.19139283885272898,0.0953679390060392,1.5455036043414592,3.3357818066056444e-05,15,0.6642066420664207,0.11702127659574468,0.028557396946567573,1.0,2.401669213902707,1.3702808771342276,0.059809013235047746,True,True
0.2,0.578196907029742,0.3067095092697033,0.4715889425337798,0.17981049800867022,0.09399279733909431,1.302388144026109,0.00017925387164184484,15,0.3948339483394834,0.0,0.03561964315579815,1.0,2.1689431672520794,1.4083889984243105,0.044144747863963815,True,True
0.2,0.46334650923308907,0.3127622526190846,0.42454458670488227,0.16979264269491046,0.1071253042878374,1.4437136885164752,6.646237927705073e-05,15,0.4575645756457565,0.010638297872340425,0.05862794714030142,1.0,2.2984753295410605,1.4413496624647826,0.033757748366560564,True,True
0.2,0.46894758135408715,0.3251279246630022,0.47468162619451565,0.2226145237684825,0.09456896401377585,1.2812246600115547,0.00020867343919009324,15,0.39114391143911437,0.0,-0.042114893347041986,1.0,2.1613271753236116,1.2675555497009043,0.05830122298542469,True,True
0.2,0.549876886931346,0.35082635937610845,0.4627397114054825,0.1852970075826676,0.0959569004842219,1.2857592957916186,0.000201973604922297,15,0.3985239852398524,0.010638297872340425,0.06677225744497613,1.0,2.191297523292625,1.3903373303616888,0.05059473948735131,True,True
0.2,0.46685112215342145,0.32689939879899094,0.4500392972227526,0.16092246750826528,0.11104605679701368,1.4655658889026009,5.721636131877491e-05,15,0.42066420664206644,0.010638297872340425,0.06927469123279158,1.0,2.2249167473338263,1.4705342389185443,0.051683699112079075,True,True
0.2,0.4919914674495416,0.27585108228690164,0.39386732324440765,0.2260491307561972,0.10466682043535668,1.458308742437166,6.0128158379006474e-05,15,0.5055350553505535,0.031914893617021274,-0.07219371470065075,1.0,2.399610070684691,1.2562550344221872,0.020941531244764618,True,True
0.2,0.5232029986969837,0.33125079306162164,0.4591408791190933,0.17679693970197471,0.1029557353499475,1.3451487367412573,0.00013221103477775313,15,0.4059040590405904,0.010638297872340425,0.0663443801395761,1.0,2.2006351366145895,1.4183041828427692,0.044982409113754396,True,True
0.2,0.415372328219523,0.34418029045577986,0.4429412047786909,0.17228955670498122,0.11917705869658178,1.5031139278755405,4.433408627801729e-05,15,0.42435424354243545,0.010638297872340425,0.06733038043897108,1.0,2.244545926590696,1.4331343368041245,0.061484335734628914,True,True
0.2,0.5277798705689278,0.31433785773509365,0.4252225418299359,0.1862632347786737,0.10529557094731878,1.4287340026344215,7.369159144934196e-05,15,0.4575645756457565,0.010638297872340425,0.039507524107507457,1.0,2.296405100618977,1.3871582576962471,0.029401909867649522,True,True
0.2,0.5690681440104961,0.3380772567574684,0.3821244655496944,0.196813542915115,0.08760363019244836,1.3302772332628485,0.00014691595539541432,15,0.5239852398523985,0.06382978723404255,0.016123282762688953,1.0,2.403729545493934,1.3524457218173285,0.037359691740660075,True,True
0.2,0.5480117243563147,0.3103832902486252,0.4028275394098814,0.2190811179109407,0.11718406077978581,1.5634067856448637,2.9614765646524057e-05,15,0.4797047970479705,0.031914893617021274,-0.005308082234697054,1.0,2.3684781158062322,1.2791811321975,0.03451164349137209,True,True
0.2,0.5965100049877832,0.29111689238601357,0.38083108134637256,0.21225133747278047,0.08458588129143502,1.3488145941042538,0.0001288269559951907,15,0.5313653136531366,0.06382978723404255,-0.08219062744202407,1.0,2.447520171351545,1.3016524188593455,0.028061651867984587,True,True
0.2,0.5291053072215589,0.3549228972896638,0.4762646818347239,0.23188834672715142,0.11597790785090074,1.4664683659413118,5.6864691725382855e-05,15,0.39114391143911437,0.0,0.010506248065233406,1.0,2.157467041231911,1.2370428947126,0.09180767297704809,True,True
0.2,0.4541923797325355,0.3102051585590853,0.3504121120399099,0.22460189911769093,0.11679546914522594,1.655774879800767,1.6196576335321558e-05,15,0.6014760147601476,0.0851063829787234,-0.017153117703417084,1.0,2.5123478892524975,1.261016703894497,0.06391355335902162,True,True
0.2,0.48863089535355364,0.330497642484604,0.3433403903303104,0.23926333857454862,0.11495204931414996,1.6623904657185855,1.552196717000357e-05,15,0.6236162361623616,0.09574468085106383,-0.03053685728333213,1.0,2.431692211514126,1.2127777580171841,0.0865304071033674,True,True
0.2,0.5795186838971587,0.265520313188241,0.46990337486306555,0.2050190294890082,0.08138918703735766,1.2506463734644588,0.0002603003671492674,15,0.3948339483394834,0.0,-0.11013073211859567,1.0,2.173136226755422,1.3254480982961327,0.05151616686212096,False,True
0.2,0.5234923202421717,0.32770342136652136,0.3434322413013324,0.23821428013047108,0.09659745591516143,1.5142787193635316,4.111893263534053e-05,15,0.6236162361623616,0.09574468085106383,-0.07286865797366925,1.0,2.442283761353769,1.2162293613645159,0.07304406098173899,True,True
0.2,0.5101637407741585,0.2659703414069467,0.33410985735047927,0.16722507729360805,0.09038380964578387,1.519937083545382,3.9583513303315445e-05,15,0.6457564575645757,0.11702127659574468,0.00753136701992314,1.0,2.556444317841983,1.4497974447438926,0.06073044060981739,True,True
0.2,0.40056199114490604,0.24532357975683328,0.47567678867283175,0.20308051855608023,0.10903750535907027,1.4429791314854217,6.679902657337743e-05,15,0.39114391143911437,0.0,-0.04098070516848161,1.0,2.1588975650137296,1.3318261708074475,0.05067850561233037,True,True
0.2,0.4192579594095048,0.28744508277549324,0.3917591924419296,0.2385889357324225,0.08997318719607497,1.3845010822815735,0.00010022853676472647,15,0.5055350553505535,0.031914893617021274,-0.1341499402548385,1.0,2.407141638950077,1.2149966726262549,0.030574635617356342,False,True
0.2,0.5680066102045987,0.30017461495520087,0.3781845843604116,0.17050302246601326,0.10583932780570238,1.455836735790173,6.115498697174805e-05,15,0.5461254612546126,0.06382978723404255,0.0470160345878364,1.0,2.457649769249033,1.439012376863911,0.0262187971184453,True,True
0.2,0.4848372909410229,0.2539142727781394,0.4159101920888355,0.16555325547084487,0.09954458806931968,1.4145074746725035,8.131864989464634e-05,15,0.46863468634686345,0.02127659574468085,0.014952660567856175,1.0,2.325431986549514,1.4552980589681708,0.02186295861953426,True,True
0.2,0.5037257082815485,0.3051266347899909,0.34316136605071046,0.2224315440927962,0.08971969755351836,1.494016766594895,4.714783511738149e-05,15,0.6236162361623616,0.09574468085106383,-0.07744902839380771,1.0,2.533975370692324,1.2681575879044555,0.05536940861115765,True,True
0.2,0.557813429817999,0.2713681444165075,0.4694775306394471,0.2214884190476455,0.11975220549998525,1.5290929614273616,3.722478472172574e-05,15,0.3948339483394834,0.0,-0.03645556385698687,1.0,2.174200331538032,1.2712606500657415,0.06441615010889597,True,True
0.2,0.4258784936966381,0.30688416975364347,0.45436354875794516,0.16288964416448876,0.09272529760461416,1.3210265892523008,0.00015691132735437153,15,0.41697416974169743,0.010638297872340425,0.06401826764724453,1.0,2.213259016119206,1.4640618506834113,0.04380968336404758,True,True
0.2,0.565894965144335,0.2492324768686533,0.3270824367841388,0.1600516927522819,0.09145074005272441,1.5385702016916294,3.4937617081532385e-05,15,0.6642066420664207,0.11702127659574468,0.006141137296147073,1.0,2.556444317841983,1.4733992547615529,0.06843692410789078,True,True
0.2,0.44873539423113545,0.2734865078889986,0.32671237510345813,0.22305976415782067,0.11645707683264198,1.7033913448306197,1.1948395767834644e-05,15,0.6642066420664207,0.11702127659574468,-0.04165673922675698,1.0,2.556444317841983,1.2660906234836067,0.07832132685541966,True,True
0.2,0.5813258124016133,0.27776061347825454,0.3598455750536693,0.22291001253029108,0.08198877585809583,1.4237870696761654,7.625539447183192e-05,15,0.5830258302583026,0.06382978723404255,-0.1322953282259316,1.0,2.531936781616051,1.2665833350401146,0.048584352487853914,False,True
0.2,0.44255779727210026,0.2572840701543237,0.35563851554078135,0.16663094355130595,0.11024024106419009,1.6026698566155215,2.2864592114055723e-05,15,0.5940959409594095,0.07446808510638298,0.019396779551490266,1.0,2.5500589729103225,1.451752258629878,0.04975707823756073,True,True
0.2,0.4212579850524927,0.34497888679075317,0.45368656974264604,0.21899947460482527,0.11926235691583648,1.4910559029526764,4.810339472151996e-05,15,0.41697416974169743,0.010638297872340425,0.02590272503285392,1.0,2.21506940890756,1.2794497543226695,0.07530574635617357,True,True
0.2,0.44705619939815644,0.32671839320600293,0.370613728692761,0.21170395779304663,0.0963788247174083,1.4335797963526034,7.126725974235238e-05,15,0.5645756457564576,0.06382978723404255,-0.01202653767501649,1.0,2.4460549871447403,1.303453402918429,0.039202546490199365,True,True
0.2,0.5514510465957921,0.28021618484733346,0.40751418650670007,0.19748581635241347,0.08051491664499612,1.2951609820209957,0.000188783805046658,15,0.47232472324723246,0.031914893617021274,-0.0697025512014129,1.0,2.3527398318375647,1.35023381335827,0.02035516836991121,True,True
0.2,0.5776850514299062,0.27784113495912377,0.42347896532170365,0.21905336544557796,0.10121724996436075,1.4248110691370957,7.571716391050163e-05,15,0.4575645756457565,0.010638297872340425,-0.06615210865503596,1.0,2.301742748208804,1.2792724431276807,0.024292176243926957,True,True
0.2,0.48586069294594614,0.31695194177237695,0.32479034090369563,0.18387169644823764,0.10169050780154183,1.573495537632228,2.7701804950262083e-05,15,0.6642066420664207,0.11702127659574468,0.028987364285982628,1.0,2.484541841129185,1.395026877174225,0.05779862623555034,True,True
0.2,0.5169588222733201,0.24324259095264789,0.3992249214166127,0.1767393729910705,0.09299682620440258,1.4122028801750093,8.262963619310613e-05,15,0.4907749077490775,0.031914893617021274,-0.018936630657781364,1.0,2.3808273044939123,1.418493588355087,0.01700452337074887,True,True
0.2,0.5578464152740329,0.30120536705793083,0.38092753005691543,0.1852305404066724,0.09946009089928669,1.4056680160683064,8.646820215079708e-05,15,0.5313653136531366,0.06382978723404255,0.023341091696680208,1.0,2.4471536673763903,1.390556020110051,0.0163343943709164,True,True
0.2,0.5983504611021235,0.3549531772039325,0.37882417346593433,0.1851474402411585,0.09171785784186129,1.3788304650416858,0.00010428934254619031,15,0.5461254612546126,0.06382978723404255,0.062168418182382716,1.0,2.345230861024601,1.3908294355818687,0.04439604623890099,True,True
0.2,0.5589585386030929,0.34587572064931926,0.44415291551028746,0.21813520715028256,0.08486298876506876,1.2548497485936672,0.0002524832043639148,15,0.42066420664206644,0.010638297872340425,-0.03403695323192024,1.0,2.2411506327570803,1.2822933598967259,0.06290835985927291,True,True
0.2,0.4091832582047685,0.3070358575627477,0.3497379703434149,0.22738409868300327,0.10537742016404424,1.5455260004309301,3.33528379728631e-05,15,0.6088560885608856,0.09574468085106383,-0.045972100529470566,1.0,2.525772551147626,1.2518627340782378,0.05335902161166024,True,True
0.2,0.491278840142457,0.3076326043017433,0.4435740226096777,0.2089030308261772,0.11563851427638826,1.5183980798386383,3.999509633506125e-05,15,0.42066420664206644,0.010638297872340425,0.007195730927200946,1.0,2.242770414920299,1.3126689894751724,0.04540123973864969,True,True
0.2,0.4403474380564381,0.3133737342208264,0.45603946352198754,0.1675489381512879,0.1087941210654795,1.4260490633330605,7.507173958892622e-05,15,0.4132841328413284,0.010638297872340425,0.06024700018868501,1.0,2.2088003697511516,1.4487318804497884,0.04741162673814709,True,True
0.2,0.45511061109253836,0.27940405843029487,0.37607917120562795,0.17967681262519195,0.11050542375505508,1.5376681293037144,3.514884217423364e-05,15,0.5498154981549815,0.06382978723404255,0.021924282123803606,1.0,2.4658101653417113,1.4088288489585756,0.0316635952420841,True,True
0.2,0.4430338076182099,0.2731127873845751,0.37351522614653504,0.21485702077706026,0.11939856900582056,1.5830488703182297,2.6009479963517513e-05,15,0.5535055350553506,0.06382978723404255,-0.023375360668098942,1.0,2.4758720221762216,1.2930792213736253,0.04615513486346122,True,True
0.2,0.4199619133629687,0.2656817921379852,0.4489835922722568,0.22540998973969364,0.09983014591286068,1.3710013002131114,0.0001101793940686501,15,0.42066420664206644,0.010638297872340425,-0.09707751366100684,1.0,2.227796920899994,1.2583579308665511,0.03861618361534595,True,True
0.2,0.5980138408449427,0.2764211937789937,0.38297809832055985,0.1632627011920562,0.11461567751281597,1.520163740584259,3.952327265959004e-05,15,0.5202952029520295,0.06382978723404255,0.03485840223695311,1.0,2.4394052154519805,1.462834421561262,0.03576813536605797,True,True
0.2,0.5029787566578844,0.27702393043326207,0.33654498277749445,0.20655966003494008,0.0986279714261003,1.5340104768964304,3.6019093343101425e-05,15,0.6383763837638377,0.11702127659574468,-0.046570945444224195,1.0,2.556444317841983,1.3203791285172217,0.04816552186295862,True,True
0.2,0.5988203078565769,0.24175706320034598,0.332467650040692,0.2100798473130805,0.08716208629085674,1.5162064943071245,4.058894440247859e-05,15,0.6531365313653137,0.11702127659574468,-0.11183789169195012,1.0,2.556444317841983,1.3087970376803773,0.06357848885910537,False,True
0.2,0.5406515890192528,0.2692792380604451,0.41759571967866216,0.20633868996965166,0.11568255037621081,1.5677055034121072,2.8783283925969153e-05,15,0.46863468634686345,0.02127659574468085,-0.019261276022772254,1.0,2.320082189900528,1.3211061623839386,0.03350644999162339,True,True
0.2,0.591798295584649,0.309338138620522,0.45945563064515327,0.19827209445617475,0.11457204330786608,1.4916118194148704,4.792245235417146e-05,15,0.4059040590405904,0.010638297872340425,0.024050719473656015,1.0,2.199812637734861,1.3476468076960044,0.046741497738314625,True,True
0.2,0.4995386503429469,0.27382891001316134,0.47510711972866776,0.19782331591035135,0.08522296069312298,1.2546252451938997,0.00025289451464133224,15,0.39114391143911437,0.0,-0.06601177907637171,1.0,2.1602871210208736,1.3491233751262746,0.04875188473781203,True,True
0.2,0.5454305807119757,0.30765384825070946,0.4331614608335927,0.17151358008717812,0.09867206093282199,1.3939966505002153,9.379322305437043e-05,15,0.44280442804428044,0.010638297872340425,0.05338488394082585,1.0,2.272644780229589,1.4356874486031679,0.02848048249287988,True,True
0.2,0.49342228621028295,0.24637246376798527,0.37119451301581613,0.18036666838802518,0.10584326086727812,1.4938153021653413,4.721222037996126e-05,15,0.5645756457564576,0.06382978723404255,-0.005297862499893144,1.0,2.4850991940794307,1.4065590912786161,0.03400904674149774,True,True
0.2,0.5289647741452452,0.35040411267622934,0.38255532558909205,0.221211686686408,0.10208361597270182,1.372336609935571,0.00010915083424056717,15,0.5202952029520295,0.06382978723404255,0.002869106219838147,1.0,2.3605142754494848,1.2721711525737334,0.05151616686212096,True,True
0.2,0.5081279443074574,0.25513783130152967,0.32374848060861017,0.22243594010906645,0.10204297927774181,1.5957309895442202,2.3928563703799295e-05,15,0.6715867158671587,0.11702127659574468,-0.08659520781410383,1.0,2.556444317841983,1.26814312416837,0.0661752387334562,True,True
0.2,0.5352398196366445,0.34457063551610323,0.37189945387087575,0.23959634755901546,0.08314492629096405,1.36475309614658,0.0001151279968593582,15,0.5608856088560885,0.06382978723404255,-0.0984734283388077,1.0,2.380628618072774,1.2116820946325877,0.07781873010554531,True,True
0.2,0.5660105720935226,0.2469910829234652,0.3754039970915646,0.1925498885523092,0.11132058550952334,1.5608266298851117,3.012588100662698e-05,15,0.5498154981549815,0.06382978723404255,-0.01717513874852118,1.0,2.468446464069048,1.366473961858299,0.03359021611660245,True,True
0.2,0.5527401138313889,0.2647693862526542,0.4555401594489851,0.16043232215092082,0.08537843540447759,1.2775827534378443,0.00021422090182580478,15,0.4132841328413284,0.010638297872340425,0.020888671101637852,1.0,2.210125300024684,1.4721469110872305,0.05009214273747697,True,True
0.2,0.5503079902189273,0.25814686803744763,0.4375995310403196,0.168694184113084,0.10962718741960764,1.488531359976228,4.893412382787925e-05,15,0.4354243542435424,0.010638297872340425,0.01901082151193184,1.0,2.2597378036854048,1.4449638017335165,0.04071033673982242,True,True
0.2,0.4987533963287645,0.31891435471924306,0.47523970443118374,0.2347583516376056,0.0945252884655285,1.2833600932402185,0.0002054901347483477,15,0.39114391143911437,0.0,-0.07972403769806834,1.0,2.1599634184317607,1.2276000284817359,0.06391355335902162,True,True
0.2,0.47793095527343854,0.3584141268855688,0.4737146888720301,0.22165814284232654,0.10212362594050704,1.303655275465837,0.00017763510768299226,15,0.39114391143911437,0.0,0.012055943059330236,1.0,2.1636976540438533,1.2707022262513679,0.068771988607807,True,True
0.2,0.5982181593426327,0.2631807073699694,0.41605151172902355,0.1745957660027866,0.09636810650280025,1.3936333126967078,9.4031370695571e-05,15,0.46863468634686345,0.02127659574468085,0.004149000945823825,1.0,2.324981778904181,1.425546466197971,0.022616853744345786,True,True
0.2,0.5848466769978246,0.32878348408606634,0.3894147707336628,0.19729457600580314,0.09188457324889389,1.3758566645058832,0.00010648702487329006,15,0.5129151291512916,0.031914893617021274,0.014736925298009301,1.0,2.41561315480641,1.3508630307524312,0.028061651867984587,True,True
0.2,0.5606430294513581,0.26480323361276364,0.33041942977245553,0.2280902544865564,0.09451472749355427,1.5475580872880865,3.2904197522011986e-05,15,0.6605166051660517,0.11702127659574468,-0.11403321873504281,1.0,2.556444317841983,1.2495393461401854,0.06508627910872843,False,True
0.2,0.4012698365723917,0.35155745787370996,0.4106138303412965,0.2335556816045159,0.11803356491900899,1.5260115945106811,3.800174080726658e-05,15,0.47232472324723246,0.02127659574468085,0.00634710840477525,1.0,2.3425282623049863,1.2315570433986678,0.07714860110571285,True,True
0.2,0.5261624667047654,0.31889850580048845,0.41972026992842926,0.19242337433649562,0.09358051693636293,1.3517500524665085,0.00012618211609960028,15,0.4612546125461255,0.02127659574468085,0.02062106871105116,1.0,2.313400165830677,1.3668902178764957,0.02680515999329871,True,True
0.2,0.5553794775811616,0.31269092477374566,0.34881359556979086,0.17340938225579164,0.08696680581802528,1.4719171536840006,5.4788862427228466e-05,15,0.6051660516605166,0.09574468085106383,0.03677928073097544,1.0,2.5019827462860396,1.429449896112163,0.05000837661249791,True,True
0.2,0.5814212354178442,0.2804889505674929,0.38960170745832456,0.1635534971262749,0.11536272508389096,1.5579708535923744,3.070238256718668e-05,15,0.5129151291512916,0.031914893617021274,0.03680528784569709,1.0,2.414933922448128,1.4618776472026873,0.03183112749204222,True,True
0.2,0.42948537717457186,0.27270812870702277,0.47058428634509986,0.19411933886089397,0.08317025805740927,1.256390155677156,0.00024967965336986705,15,0.3948339483394834,0.0,-0.06330396492819337,1.0,2.171438758416663,1.3613101695365608,0.049003183112749205,True,True
0.2,0.40184829116427306,0.27059179363712754,0.3479963480033612,0.2008571527331598,0.11748365474038369,1.6617761922451022,1.5583345287010128e-05,15,0.6088560885608856,0.09574468085106383,-0.007859225775888126,1.0,2.556444317841983,1.3391414705031508,0.057128497235717876,True,True
0.2,0.5391139513748765,0.2773263502211705,0.46439748420826743,0.19653431820950248,0.0853307296440937,1.2617943519313406,0.00024009624159484634,15,0.3985239852398524,0.0,-0.05719394331285353,1.0,2.1870449149101603,1.3533644246160055,0.044647344613838166,True,True
0.2,0.40853095651573085,0.3571014203902565,0.4615834414837119,0.17870619658593623,0.08278967788928798,1.2261748836694597,0.0003110628118615554,15,0.3985239852398524,0.010638297872340425,0.07201859955265008,1.0,2.194281732365713,1.4120223617594903,0.059222650360194334,True,True
0.2,0.5253377801508473,0.32176682362600756,0.34206530439646077,0.23723654400212887,0.10656201393530501,1.5250126637417134,3.825724440780571e-05,15,0.6236162361623616,0.10638297872340426,-0.05105703929411748,1.0,2.465315021742528,1.219446300623187,0.07296029485675992,True,True
0.2,0.40466546098046324,0.33802734913705207,0.427618913933964,0.1623235461437498,0.11083184244650766,1.5092348177034527,4.254013873275901e-05,15,0.4612546125461255,0.010638297872340425,0.07509336824695775,1.0,2.289140059439992,1.4659244216720264,0.04690902998827274,True,True
0.2,0.5687165155859546,0.35576686558325593,0.3953523388588144,0.1853969361797167,0.11150104563006252,1.5123620077107593,4.165305885968184e-05,15,0.5055350553505535,0.031914893617021274,0.07194482843474855,1.0,2.3425332560401486,1.3900085461247227,0.04372591723906852,True,True
0.2,0.5176604130065474,0.353191275532913,0.3715453861646318,0.21345305843039158,0.08212898506331036,1.358551683061917,0.00012026857117399364,15,0.5608856088560885,0.06382978723404255,-0.024233303916724486,1.0,2.351109372405616,1.297698526582641,0.06047914223488021,True,True
0.2,0.5544432714536883,0.327643568752169,0.39965245831118745,0.17758828923427508,0.083214043889755,1.3398843648626007,0.00013723322218696973,15,0.4907749077490775,0.031914893617021274,0.044532679748640634,1.0,2.3793501345042616,1.4157004912086015,0.03132853074216787,True,True
0.2,0.41391705430988596,0.2725612102501166,0.3853214606244635,0.20847916532378086,0.0840357596659222,1.346977229414091,0.00013051168774394064,15,0.5239852398523985,0.06382978723404255,-0.09657493858758953,1.0,2.430651361159863,1.314063588217644,0.02848048249287988,True,True
0.2,0.5095287495774464,0.3201634008348921,0.41355373015660285,0.1603734544345772,0.10844622608029045,1.4657818738093706,5.713199194741298e-05,15,0.46863468634686345,0.02127659574468085,0.06779439031370109,1.0,2.3329844030611118,1.4723405971567995,0.03359021611660245,True,True
0.2,0.43891025223197394,0.34415292920425533,0.3556722267490206,0.19432713941858154,0.0912619610857839,1.4912286940794661,4.8047077483240875e-05,15,0.5940959409594095,0.07446808510638298,0.029544411024323678,1.0,2.3820917488663245,1.360626465873966,0.049505779862623556,True,True
0.2,0.4916482374114797,0.30168264891374663,0.33760048624673855,0.1969940022377842,0.08240088943798324,1.475031177170598,5.363819719192343e-05,15,0.6383763837638377,0.11702127659574468,-0.04025188684707147,1.0,2.5489974069727284,1.3518519760582635,0.05268889261182778,True,True
0.2,0.4246418375531128,0.3175049378883875,0.3526187325101274,0.2093991525425637,0.09339564997657647,1.4830670831829325,5.078396338123092e-05,15,0.5977859778597786,0.0851063829787234,-0.024572434759834432,1.0,2.482308004825062,1.3110366539397869,0.04582007036354498,True,True
0.2,0.4772233546923083,0.30458182404770545,0.33696752979292555,0.17293100867416272,0.098744242310911,1.5317045750695164,3.657929097950633e-05,15,0.6383763837638377,0.11702127659574468,0.03836049724026074,1.0,2.53633230554819,1.4310238368825243,0.04875188473781203,True,True
0.2,0.4087812607081999,0.296801798324855,0.3890695904086176,0.19932159742782768,0.09647039942887067,1.4212589858655835,7.760134817926136e-05,15,0.5166051660516605,0.031914893617021274,-0.01335448136778363,1.0,2.4168690787361142,1.3441937417677496,0.009968168872507958,True,True
0.2,0.5463987219160874,0.2733914187646584,0.4126928591717106,0.16363244452624728,0.09004354721496378,1.3582443506363098,0.00012052945746117017,15,0.46863468634686345,0.02127659574468085,0.02863223223092907,1.0,2.3357649881146365,1.4616178951254353,0.026051264868487183,True,True
0.2,0.4200273288169496,0.2816746522846881,0.45366508858822674,0.1664871123172412,0.09406406338285662,1.3295060295652632,0.00014772339237397624,15,0.41697416974169743,0.010638297872340425,0.03551216547496417,1.0,2.215126942745317,1.4522254909571628,0.041547997989613,True,True
0.2,0.4418131703932943,0.24537718307585482,0.44470095588018765,0.22772931295731913,0.09485695453558857,1.3550955661173052,0.00012323653271771815,15,0.42066420664206644,0.010638297872340425,-0.1313844551783326,1.0,2.2396210640820327,1.2507269129507286,0.040961635114759594,False,True
0.2,0.540858975168746,0.26213432214779825,0.3263440021426824,0.19609868215354867,0.11855439302617661,1.6812046989784055,1.3759899531200232e-05,15,0.6642066420664207,0.11702127659574468,-0.007266851866680078,1.0,2.556444317841983,1.3547977507356679,0.0756408108560898,True,True
0.2,0.5812764436348131,0.2615061597697135,0.3683410595170091,0.22207757308421244,0.1059175742022454,1.4947507208787463,4.6914048542643685e-05,15,0.5645756457564576,0.06382978723404255,-0.07048097381307056,1.0,2.496603916080769,1.2693222203660535,0.03719215949070196,True,True
0.2,0.5413146870931195,0.26930180011814425,0.374698494170606,0.1947610920228614,0.11214942508847636,1.5617334260361289,2.994520456972678e-05,15,0.5535055350553506,0.06382978723404255,-0.005762340629871534,1.0,2.4712113357880154,1.3591986786329673,0.032501256491874686,True,True
0.2,0.48893563043764277,0.25654113910197957,0.3837850699892824,0.17207964378027174,0.11450928271440462,1.5339917595669526,3.602360422642813e-05,15,0.5202952029520295,0.06382978723404255,0.015608363782938948,1.0,2.4363786276050026,1.4338249905590854,0.03484670799128832,True,True
0.2,0.5378928940428724,0.30751856238378256,0.33762156648210695,0.23499828143062607,0.08114240298902109,1.4695918736427163,5.5664875138298865e-05,15,0.6383763837638377,0.11702127659574468,-0.1346717958645369,1.0,2.5237125244980136,1.226810613476891,0.07312782710671804,False,True
0.2,0.4571006731241393,0.3504324373564417,0.3985614604552463,0.20803392225800033,0.09181981915137273,1.3615675308500101,0.00011773944447848419,15,0.4907749077490775,0.031914893617021274,0.012494334338100765,1.0,2.3604180391604594,1.3155285232409502,0.03987267549003183,True,True
0.2,0.5464956723935503,0.35182241988708174,0.41275597839993544,0.22161873765936996,0.1142177934090884,1.5204879398783169,3.943727398215831e-05,15,0.46863468634686345,0.02127659574468085,0.02237833206149468,1.0,2.3355607210426816,1.270831876855834,0.06274082760931479,True,True
0.2,0.587308189072578,0.3306906078463064,0.3966826460538584,0.23942825351331934,0.11845801834860839,1.5530091236555654,3.17316564323555e-05,15,0.5055350553505535,0.031914893617021274,-0.021097608294701774,1.0,2.389676804897711,1.2122351562604377,0.06491874685877032,True,True
0.2,0.4636339417931735,0.34972020309715895,0.35285706669206074,0.19827401873026748,0.10150731866396985,1.5056551111572065,4.3579883191616836e-05,15,0.5977859778597786,0.0851063829787234,0.040415974893960975,1.0,2.3628420755912645,1.347640476465426,0.047160328363209915,True,True
0.2,0.40020319417416383,0.30070368600869823,0.4308250767362359,0.2328772448742945,0.10738210838367049,1.4346697821572594,7.073349555878211e-05,15,0.45018450184501846,0.010638297872340425,-0.058230604021248716,1.0,2.279546391084365,1.2337892302727216,0.041464231864633945,True,True
0.2,0.536503483449204,0.3410808237256016,0.36377373354611425,0.17073108159545258,0.09590268221254042,1.45644962683981,6.089870780748797e-05,15,0.5756457564575646,0.06382978723404255,0.073847406922041,1.0,2.392948664818495,1.438262018617422,0.044144747863963815,True,True
0.2,0.48486249013379457,0.2801009112566774,0.43382138650199453,0.2352833214054747,0.11931446585451043,1.5786760482619953,2.6770246160057205e-05,15,0.44280442804428044,0.010638297872340425,-0.05290635050772123,1.0,2.270708843036628,1.2258727773278517,0.05503434411124141,True,True
0.2,0.40130806695237,0.32552403429012605,0.41134484316321107,0.19037079073059748,0.08443710966045267,1.3207981646273066,0.0001571668931687905,15,0.47232472324723246,0.02127659574468085,0.013975910265118035,1.0,2.3401424164876894,1.3736436113454613,0.033338917741665273,True,True
0.2,0.48413708059174854,0.29163339811330885,0.43487416104750615,0.17931834616514175,0.09438108982433885,1.3721624213631984,0.00010928443920466235,15,0.44280442804428044,0.010638297872340425,0.021401349673035284,1.0,2.267632619971355,1.4100082723171128,0.029401909867649522,True,True
0.2,0.4036857073124994,0.3132527825088718,0.4442734448221569,0.19284212572021342,0.11739055665817905,1.5148933471355952,4.0949176263319035e-05,15,0.42066420664206644,0.010638297872340425,0.03530914051841349,1.0,2.240813914383664,1.3655124455646668,0.04741162673814709,True,True
0.2,0.4493910565511155,0.2851562480821526,0.46999358768053096,0.21508019420538838,0.10478909618351906,1.3723007972281098,0.00010917828917790522,15,0.3948339483394834,0.0,-0.04289394911083535,1.0,2.1729110493762827,1.2923449380202032,0.044144747863963815,True,True
0.2,0.5604036254763815,0.3096416871358809,0.43602414018854374,0.2013242021331769,0.08201820574127161,1.289946105906762,0.0001959856293294282,15,0.4354243542435424,0.010638297872340425,-0.039331368280220554,1.0,2.2642893393198857,1.3376047884607258,0.03585190149103702,True,True
0.2,0.4515222522381335,0.3072716269149517,0.4680972370054941,0.17579443698310593,0.09904680441764863,1.3332947874310428,0.00014380043575143878,15,0.3948339483394834,0.0,0.04689083412049003,1.0,2.1776627344630644,1.4216026089311264,0.03987267549003183,True,True
0.2,0.44638540235709356,0.25041569289269977,0.41409986610834376,0.17972858740262607,0.09197319267333913,1.3799900038452884,0.00010344526746310007,15,0.46863468634686345,0.02127659574468085,-0.027406117313903522,1.0,2.3312263954759773,1.4086585000174772,0.02571620036857095,True,True
0.2,0.5351695037253026,0.24081118943802585,0.41969462688261416,0.23565563540681192,0.10104642798192603,1.4222171039566787,7.708835365235411e-05,15,0.4612546125461255,0.02127659574468085,-0.12331926830936785,1.0,2.3134804136548532,1.2246477929044106,0.02848048249287988,False,True
0.2,0.5949711365970832,0.27726719392404275,0.4637443266398557,0.17121613944436068,0.10891253579384252,1.429131701785607,7.34894219545494e-05,15,0.3985239852398524,0.0,0.0309119540496898,1.0,2.1887168003126964,1.4366660853265814,0.04774669123806333,True,True
0.2,0.5519104114573858,0.3106000717695451,0.4651373684378848,0.23364131550919978,0.10875555638983364,1.419997146414145,7.828239711863571e-05,15,0.3985239852398524,0.0,-0.04831755750244273,1.0,2.185156707528889,1.2312752914393554,0.06081420673479645,True,True
0.2,0.591182847947713,0.3003408439125415,0.3320165822894361,0.1754773913747909,0.10377873454023245,1.5797563782552706,2.6580151427447034e-05,15,0.6568265682656826,0.11702127659574468,0.03344970312372127,1.0,2.554930065135899,1.4226457497485852,0.05503434411124141,True,True
0.2,0.5044148373551326,0.3240014035638026,0.477300476608439,0.19258780615645565,0.10352717926591926,1.3318643756651574,0.00014526863899674513,15,0.39114391143911437,0.0,0.03734479778349698,1.0,2.1549552098577323,1.3663492056732327,0.046238900988440274,True,True
0.2,0.44004890907424865,0.284316268089604,0.39933288005161716,0.16302436922200522,0.08170584705345012,1.3477266361947808,0.0001298217862099578,15,0.4907749077490775,0.031914893617021274,0.03122258817998136,1.0,2.3804540013215045,1.4636185794222927,0.023622047244094488,True,True
0.2,0.4645558636861467,0.2461965904326103,0.34381061874590024,0.22183407878604888,0.11842976581563179,1.6563529945274325,1.613641517265653e-05,15,0.6236162361623616,0.09574468085106383,-0.04718332792156709,1.0,2.556444317841983,1.2701233632760052,0.06852069023286983,True,True
0.2,0.45086929933293113,0.35524704846138,0.3636985783209553,0.1903534444088244,0.08786162782204207,1.4157696321265831,8.060986821025437e-05,15,0.5756457564575646,0.06382978723404255,0.04485499249167252,1.0,2.344255345752652,1.3737006840687533,0.051767465237058136,True,True
0.2,0.5930879947761118,0.3326289955162674,0.43619847153260993,0.16997013354686089,0.09947930261202159,1.3800667489103806,0.0001033896531575462,15,0.4354243542435424,0.010638297872340425,0.0753074162067073,1.0,2.26378405268044,1.4407656835433302,0.037443457865639136,True,True
0.2,0.5536694610281938,0.33705921025518765,0.3923733214297025,0.18807228044775748,0.08794444327511622,1.3559288252231787,0.00012251406664433992,15,0.5055350553505535,0.031914893617021274,0.03667826921013498,1.0,2.4049392301134294,1.381206150716758,0.03392528061651868,True,True
0.2,0.4654594593524324,0.3161324312403131,0.42968660917873225,0.1622024009096793,0.10110531383349952,1.4059275799084774,8.631224455447977e-05,15,0.45018450184501846,0.010638297872340425,0.07043639908595577,1.0,2.282936587621685,1.4663230127112499,0.032417490366895625,True,True
0.2,0.4986870396377159,0.3213837580384726,0.4030483175555031,0.165483539616229,0.10650235208220041,1.43338872156258,7.136126072264382e-05,15,0.4797047970479705,0.031914893617021274,0.06741763203787117,1.0,2.367728503296834,1.4555274374918485,0.026470095493382476,True,True
0.2,0.5481595364026992,0.3138591560999036,0.43284581061203264,0.21151743691091884,0.09248041190889894,1.3520086280297536,0.00012595186208732615,15,0.44280442804428044,0.010638297872340425,-0.032195921232951875,1.0,2.2735728488327682,1.304067092369893,0.03526553861618362,True,True
0.2,0.5839538945342706,0.31365008141835926,0.43451321228149836,0.21234388999297413,0.09749823156092345,1.3753562824935817,0.00010686152682494198,15,0.44280442804428044,0.010638297872340425,-0.02247063128678632,1.0,2.2686856384228022,1.301347903328959,0.031998659742000335,True,True
0.2,0.43019895372085387,0.2642568488221425,0.437612985647869,0.21996752088631896,0.09271651184487611,1.3581475970486065,0.00012061171076288872,15,0.4354243542435424,0.010638297872340425,-0.10884269386048548,1.0,2.259699072481534,1.276264696517321,0.03769475624057631,False,True
0.2,0.42119094273928304,0.343167276681233,0.43637950736343356,0.2166725781654757,0.09533965156207458,1.3380445950924642,0.00013903476921383923,15,0.4354243542435424,0.010638297872340425,-0.006046527737025253,1.0,2.2632597608837397,1.2871056895894755,0.05185123136203719,True,True
0.2,0.4395916187144258,0.2525985428470943,0.3206605040946265,0.18540731158613913,0.11953579478131249,1.662460500188118,1.551498547315389e-05,15,0.6715867158671587,0.1276595744680851,-0.00010531485068678333,1.0,2.556444317841983,1.3899744090490054,0.08569274585357681,True,True
0.2,0.4673226774153022,0.3275987928654117,0.3774621397777358,0.22902987768217617,0.10923480974963243,1.4994867699443466,4.543431983834682e-05,15,0.5461254612546126,0.06382978723404255,-0.022225305091006398,1.0,2.4426834024304265,1.246447805735033,0.053945384486513655,True,True
0.2,0.5208337528076862,0.3439827791699894,0.3878000346823299,0.18406924801713553,0.10598448347692174,1.4339422409448754,7.108930652230311e-05,15,0.5202952029520295,0.0425531914893617,0.06445373695232541,1.0,2.3826886352554295,1.3943768946491062,0.03618696599095326,True,True
0.2,0.5579032751581594,0.311969061764732,0.3912642428995497,0.2187080571554743,0.09610506926018594,1.3984058874737202,9.095277521743347e-05,15,0.5055350553505535,0.031914893617021274,-0.04343835841665084,1.0,2.4089216741127606,1.2804085735851514,0.023873345619031663,True,True
0.2,0.5613261191838897,0.30452026049192243,0.46705877306255755,0.23817555415661468,0.11917960243953525,1.5060658323469047,4.345924930404561e-05,15,0.3985239852398524,0.0,-0.04017437641594072,1.0,2.1802811635713777,1.2163567772408632,0.07287652873178087,True,True
0.2,0.5098449744984453,0.357498360407278,0.34492939862493527,0.20638178704899804,0.09627685749781122,1.497476179599703,4.60564576542178e-05,15,0.6199261992619927,0.09574468085106383,0.023444330810199168,1.0,2.336828719262166,1.3209643647327476,0.058887585860278105,True,True
0.2,0.5195179223486303,0.2690871289865267,0.3403992952222603,0.21544281817318822,0.09943879468161035,1.523312980853389,3.869612326002616e-05,15,0.6309963099630996,0.11702127659574468,-0.06896950359470597,1.0,2.556444317841983,1.2911518356643272,0.04917071536270732,True,True
0.2,0.4235029971000945,0.3429297678832585,0.4040859021812045,0.20752568656830542,0.09200112909203129,1.3464898555757796,0.00013096240707856908,15,0.4797047970479705,0.031914893617021274,0.0065269120863779215,1.0,2.364216541955213,1.3172007160703276,0.036438264365890434,True,True
0.2,0.5338895006145155,0.3316362182133458,0.4430213618403094,0.1850696588569319,0.09133233095674292,1.3057771475019389,0.00017495829192193578,15,0.42066420664206644,0.010638297872340425,0.045823356737820994,1.0,2.2443207475065314,1.3910853512438344,0.04330708661417323,True,True
0.2,0.459967238312023,0.3586028622488893,0.4784584026156979,0.20015698714647245,0.10255984568950033,1.31647169968512,0.0001620899124102341,15,0.39114391143911437,0.0,0.05371432053408828,1.0,2.1521600814465636,1.3414451494796085,0.05369408611157648,True,True
0.2,0.5521639357194,0.3540597465262077,0.39347513685383795,0.20357595459509126,0.09706428395996669,1.384385595895724,0.00010030957464787248,15,0.5055350553505535,0.031914893617021274,0.034439029742960814,1.0,2.3482053481646696,1.3301960912820467,0.03618696599095326,True,True
0.2,0.46748748897747744,0.3033797236801657,0.4085251964655486,0.18669482264743276,0.08931654306818197,1.3321606050898118,0.00014496330961090214,15,0.46863468634686345,0.031914893617021274,0.009951075391760296,1.0,2.349392098445472,1.3857382508883456,0.017172055620706984,True,True
0.2,0.5762453244946211,0.34359503878525605,0.4715349773374639,0.21345166611029742,0.09330381967990904,1.2785546943597539,0.0002127256225355508,15,0.3948339483394834,0.0,-0.002461361492028993,1.0,2.1690769478845553,1.297703107582608,0.059725247110068685,True,True
0.2,0.45460407222984567,0.35954037786052123,0.4016973881679416,0.175739688244262,0.09014607467515276,1.3509444635311207,0.00012690227965842456,15,0.4870848708487085,0.031914893617021274,0.08366602339990714,1.0,2.330163130899448,1.4217827427752634,0.03937007874015748,True,True
0.2,0.4717887038698229,0.3408425674749064,0.4170473463645852,0.1669374085973559,0.09209995113601772,1.3459222579148364,0.00013148935706462558,15,0.46863468634686345,0.02127659574468085,0.08379557151238891,1.0,2.3218179588764967,1.4507439298901799,0.039202546490199365,True,True
0.2,0.5982035389140148,0.29323271915824584,0.34171063895921416,0.16445852532281813,0.09451224346619319,1.4901374682971633,4.840389714365468e-05,15,0.6236162361623616,0.10638297872340426,0.041210592469112545,1.0,2.556444317841983,1.4588999309750987,0.051264868487183785,True,True
0.2,0.5207083561045064,0.25169576150076434,0.45679541303739213,0.2391853551687133,0.10539347406957414,1.391855208225517,9.520593490801503e-05,15,0.4132841328413284,0.010638297872340425,-0.11763829088877038,1.0,2.206799929230836,1.2130343383689626,0.049924610487518846,False,True
0.2,0.4372223554644122,0.2972694255724578,0.3655505754134343,0.16283516246508511,0.09829532327116618,1.4709132948157935,5.5165270914283626e-05,15,0.5756457564575646,0.06382978723404255,0.052143868937112564,1.0,2.5080284622805604,1.4642411059166078,0.03183112749204222,True,True
0.2,0.4542692078363502,0.27707478144948644,0.3793745717260929,0.23897383339903733,0.09211491752917178,1.3962449098577243,9.233351783846034e-05,15,0.5424354243542435,0.06382978723404255,-0.1372295527167442,1.0,2.4530775471280233,1.21373028553222,0.036019433740995144,False,True
0.2,0.5053156822369852,0.30741126646292183,0.3877986917749732,0.2007831271193195,0.09795974049343686,1.411073076557626,8.328036234131167e-05,15,0.5202952029520295,0.0425531914893617,-0.0031164768647670765,1.0,2.421512459475685,1.339385028960701,0.011894789747026303,True,True
0.2,0.42058733718442587,0.24980961564461143,0.4330386111224968,0.21055245351614216,0.11424690178660411,1.5830325652636268,2.6012274186677788e-05,15,0.44280442804428044,0.010638297872340425,-0.041800156635234106,1.0,2.2730058197294474,1.3072420726908986,0.04171553023957112,True,True
0.2,0.5259254297066315,0.3354891242345785,0.41016421682242277,0.17144151586931763,0.10666720632381688,1.4015424681467827,8.898682803002559e-05,15,0.46863468634686345,0.031914893617021274,0.07277160098051212,1.0,2.3439999139787444,1.4359245536920162,0.03484670799128832,True,True
0.2,0.47241872288286724,0.27890351394360746,0.38980565287064284,0.2045367440593296,0.10995089335386497,1.5284617867134274,3.738256873656802e-05,15,0.5129151291512916,0.031914893617021274,-0.017022323155543313,1.0,2.41419363230587,1.3270349097963363,0.0207739989948065,True,True
0.2,0.5598740867118269,0.31595553893962647,0.4565953289981529,0.21637878142862818,0.11027366643061763,1.427467504047449,7.433928684285087e-05,15,0.4132841328413284,0.010638297872340425,-0.005343517834489528,1.0,2.2073287594423143,1.2880723371638436,0.05227006198693249,True,True
0.2,0.5382000725372865,0.24932556310399495,0.38213555172806457,0.22808795378450086,0.09451847809419156,1.3995542555298728,9.022780184002876e-05,15,0.5239852398523985,0.06382978723404255,-0.12776058822846834,1.0,2.44257886928768,1.249546915890909,0.029653208242586698,False,True
0.2,0.49422313867905987,0.3269464457084538,0.4022174829737013,0.17722137263638316,0.09940834478990494,1.3946247676109953,9.338300796164656e-05,15,0.4833948339483395,0.031914893617021274,0.06019207946733776,1.0,2.370553731406397,1.4169077171402216,0.021025297369743675,True,True
0.2,0.5231950302830314,0.27898518170141956,0.478274934329036,0.21728951860392534,0.11499467024259552,1.50935311989811,4.2506223297817685e-05,15,0.39114391143911437,0.0,-0.032509445146103946,1.0,2.1526020549244334,1.2850758373019513,0.05855252136036187,True,True
0.2,0.566569043786621,0.3185745495008218,0.33917231710176954,0.1860835706710896,0.08299989907379374,1.4641756521132359,5.776254744809836e-05,15,0.6346863468634686,0.11702127659574468,0.00508902795212633,1.0,2.47800631373621,1.3877493870452682,0.05830122298542469,True,True
0.2,0.43341909693508757,0.25845460121251296,0.36656034014817174,0.20630303498574243,0.11712083666966543,1.6126267680398,2.142370402495099e-05,15,0.5719557195571956,0.06382978723404255,-0.022672211852684324,1.0,2.5038742923024997,1.3212234741147624,0.046741497738314625,True,True
0.2,0.5513940201119613,0.30933878659434155,0.44047356649499403,0.21497618479586125,0.09003107062721062,1.3094151233402247,0.00017046583687595028,15,0.42435424354243545,0.010638297872340425,-0.0530165457533013,1.0,2.251518170575079,1.2926871489123652,0.039537610990115594,True,True
0.2,0.42612825382537767,0.3396187210872065,0.4433291289868714,0.19209216558419273,0.10608043422410068,1.3715846775886726,0.00010972879607956093,15,0.42066420664206644,0.010638297872340425,0.05288928402901762,1.0,2.2434569174064363,1.3679799581522336,0.04389344948902664,True,True
0.2,0.4491350098016838,0.2976778592017584,0.36494052790631915,0.2075520794613142,0.10923276018688284,1.5564984223469776,3.100412819315082e-05,15,0.5756457564575646,0.06382978723404255,-0.007776820236877786,1.0,2.51054933604964,1.317113878393772,0.034260345116434915,True,True
0.2,0.49353349617826014,0.33989193743255336,0.3663194468755381,0.20568982766269658,0.0821133186878496,1.3846696819635118,0.00010011035116094977,15,0.5719557195571956,0.06382978723404255,-0.019865153653441377,1.0,2.397196143197832,1.3232410437371058,0.05134863461216284,True,True
0.2,0.5492670905620173,0.35576607969659496,0.3284587716496906,0.18103153292248567,0.10615822623636716,1.5765208636560133,2.715374005217368e-05,15,0.6605166051660517,0.11702127659574468,0.06396879917351876,1.0,2.3425358562549783,1.4043715595299116,0.0657564081085609,True,True
0.2,0.5409489653226572,0.24095258614646067,0.3342346891854119,0.21041285926761122,0.09636885679174918,1.546112815164466,3.3222628240625586e-05,15,0.6457564575645757,0.11702127659574468,-0.08236291580639418,1.0,2.556444317841983,1.3077013645237017,0.055285642486178586,True,True
0.2,0.5271023087935688,0.3191221661202071,0.4794746652563429,0.19693184849070608,0.11595874898229053,1.4787533870301353,5.229583981978694e-05,15,0.39114391143911437,0.0,0.034606019584319525,1.0,2.1497180394959416,1.3520564737987615,0.05737979561065505,True,True
0.2,0.5926797887378078,0.2741559148795594,0.33812868557483944,0.21117488886021538,0.1137624053030171,1.6619966411762717,1.55612887964539e-05,15,0.6346863468634686,0.11702127659574468,-0.026751873209512948,1.0,2.556444317841983,1.3051941411106998,0.06173563410956609,True,True
0.2,0.40614338524408455,0.35090128159408596,0.41332595065857874,0.23399681696050748,0.11812200640498738,1.5263877568695399,3.7905990365357435e-05,15,0.47232472324723246,0.02127659574468085,0.005135108066013473,1.0,2.333718996467888,1.2301056235278656,0.07882392360529401,True,True
0.2,0.5114731612599104,0.2717463913767856,0.4315554759425919,0.22311897696776084,0.11681321344409823,1.575094192981219,2.7410764906069497e-05,15,0.44649446494464945,0.010638297872340425,-0.04358383443006005,1.0,2.2773807838318967,1.265895801989963,0.04690902998827274,True,True
0.2,0.5649201290104987,0.324262390228866,0.4643321133589458,0.19082634932188758,0.09395128095984495,1.2886476933183797,0.0001978226715950576,15,0.3985239852398524,0.0,0.030839399200621103,1.0,2.187212032652048,1.3721447362661179,0.044563578488859105,True,True
0.2,0.4548089255647073,0.3094496551831581,0.3282210194439615,0.1714749946746369,0.09734893913720949,1.5596886025298222,3.035424638989594e-05,15,0.6605166051660517,0.11702127659574468,0.03988266391957724,1.0,2.5155265929163653,1.4358144020058474,0.05804992461048752,True,True
0.2,0.5460688996933306,0.24467540339758456,0.47954924477839456,0.20101966774319094,0.11621120562548536,1.5124825615491564,4.1619251465222535e-05,15,0.39114391143911437,0.0,-0.024157448033552315,1.0,2.1495392352900886,1.3386067649719369,0.059306416485173395,True,True
0.2,0.43621776766861564,0.28818437857088114,0.3325527747693628,0.1686033715098188,0.08621082399059765,1.5151036216985745,4.0891268146338066e-05,15,0.6531365313653137,0.11702127659574468,0.01905174633224813,1.0,2.556444317841983,1.4452625926037295,0.06357848885910537,True,True
0.2,0.4428972214111064,0.28518477818243027,0.40795706909814555,0.17367523726047032,0.10636520563410926,1.423253338664416,7.653751221189778e-05,15,0.46863468634686345,0.031914893617021274,0.033529659761629596,1.0,2.351271282895392,1.4285751821920432,0.018931144245267213,True,True
0.2,0.42616851827673385,0.32675231105169905,0.47262375030660214,0.1639660339056701,0.09614768838028476,1.311145886199768,0.0001683707477767788,15,0.39114391143911437,0.0,0.07873425986412445,1.0,2.1663837709570872,1.460520322130193,0.049505779862623556,True,True
0.2,0.5953530101830462,0.293502913633445,0.4678693393758005,0.2099338610675152,0.08709628605828253,1.262360613352571,0.00023911436462109838,15,0.3985239852398524,0.0,-0.0681907943760499,1.0,2.178236370141181,1.3092773604085364,0.04506617523873346,True,True
0.2,0.5795778968423584,0.31102021471309116,0.36701158553432206,0.16957255665615112,0.10682558190790506,1.4928544747174888,4.752055433579338e-05,15,0.5719557195571956,0.06382978723404255,0.05420689241315838,1.0,2.5020252598400408,1.4420737877147831,0.03719215949070196,True,True
0.2,0.560672776805694,0.3034700251109445,0.35401050155187813,0.1627762723748878,0.11402375618044461,1.6209017496297424,2.0298729778138637e-05,15,0.5977859778597786,0.0851063829787234,0.04880694439379659,1.0,2.541164660493376,1.4644348656004438,0.05302395711174401,True,True
0.2,0.44431929790764974,0.33638616814305794,0.469329094494612,0.17548464184603177,0.11828722520073259,1.4805184290897342,5.1671616476286544e-05,15,0.3948339483394834,0.0,0.06326256499691313,1.0,2.1745716994598636,1.4226218943085513,0.0651700452337075,True,True
0.2,0.5399576385145333,0.25943927976100906,0.3501811509993546,0.16937988442530302,0.08021383420486468,1.4347031393495637,7.071722651253627e-05,15,0.6051660516605166,0.0851063829787234,-0.020290617754011555,1.0,2.556444317841983,1.4427077162825266,0.05578823923605294,True,True
0.2,0.5761882879274305,0.25791508736737734,0.36045554330792506,0.2095553721187282,0.10462201839440917,1.5139358944862638,4.121393833720964e-05,15,0.5793357933579336,0.06382978723404255,-0.05236586940702681,1.0,2.5293444153127416,1.3105226615925996,0.03769475624057631,True,True
0.2,0.5161491848126963,0.28433442720485236,0.3837303787380152,0.20607746208142763,0.08315867158674967,1.3316794957882976,0.00014545953680794772,15,0.5202952029520295,0.06382978723404255,-0.07882040768576347,1.0,2.4365833477647554,1.3219656522040728,0.025799966493550007,True,True
0.2,0.42950414066413223,0.31161865349277434,0.4471588102128271,0.22251070103599366,0.08362033123777712,1.2649137886409332,0.0002347386221741154,15,0.42066420664206644,0.010638297872340425,-0.09133277381835517,1.0,2.2328073595690094,1.2678971463898314,0.05101357011224661,True,True
0.2,0.42363450942366476,0.35016202880254116,0.433535888308757,0.18957565315241487,0.10563457969926607,1.410360420478787,8.369357167064358e-05,15,0.44280442804428044,0.010638297872340425,0.0643002449922228,1.0,2.2715456482207,1.376259766376612,0.044563578488859105,True,True
0.2,0.4925098933541325,0.2572011466143712,0.37312577809405867,0.23653652741857104,0.1029531803083182,1.4657976868185185,5.7125820077198775e-05,15,0.5535055350553506,0.06382978723404255,-0.11090169912545705,1.0,2.477412455773913,1.22174948935079,0.03585190149103702,False,True
0.2,0.42526137008098697,0.24267733086884213,0.3850110634487163,0.23604238537486988,0.0965298433849646,1.4043663574458956,8.725473752096204e-05,15,0.5202952029520295,0.06382978723404255,-0.13642976722278424,1.0,2.431804756955831,1.2233753113836094,0.028564248617858938,False,True
0.2,0.5220270559745566,0.3153982220433121,0.4101675889975027,0.20681022384368541,0.08316777362586923,1.2964359191495218,0.00018706521583041985,15,0.46863468634686345,0.031914893617021274,-0.04436740466140116,1.0,2.343988864341623,1.3195547255624882,0.02906684536773329,True,True
0.2,0.4285629038364211,0.3561338889234765,0.3847570176638863,0.16033410430004635,0.09156720077502137,1.3446491077699407,0.0001326793649238163,15,0.5202952029520295,0.06382978723404255,0.10035943029830453,1.0,2.341320008258007,1.4724700666413943,0.044060981738984754,False,True
0.2,0.4972309704789142,0.30823157403034,0.3764029631232384,0.17419782319483582,0.10619355328745045,1.4603407769315797,5.929757031167292e-05,15,0.5498154981549815,0.06382978723404255,0.048288419956548034,1.0,2.464549236149362,1.4268557743072798,0.029820740492544816,True,True
0.2,0.4259003503175888,0.24844783761088318,0.4740584459331372,0.17274118154593168,0.10879515587413138,1.4330390367990289,7.153362639014024e-05,15,0.39114391143911437,0.0,0.007639787770734846,1.0,2.162853814451915,1.4316484045173552,0.05252136036186966,True,True
0.2,0.4934417949927823,0.27346834736022463,0.4337880145871809,0.17102999925845075,0.10041275659061188,1.41176520390419,8.288109084506635e-05,15,0.44280442804428044,0.010638297872340425,0.02487216718795231,1.0,2.2708066004338745,1.4372785222145228,0.02839671636790082,True,True
0.2,0.4902151396650287,0.2674393761365482,0.44778391625887953,0.19790446533803518,0.11231044945831754,1.5068272681858648,4.3236528938442935e-05,15,0.42066420664206644,0.010638297872340425,-0.012372191682125395,1.0,2.231086361323867,1.3488563779558034,0.041547997989613,True,True
0.2,0.535806579249649,0.24964301417730866,0.47897304638283,0.18112973636982796,0.08547408000719997,1.260643819339785,0.0002421041045488355,15,0.39114391143911437,0.0,-0.049085576234211815,1.0,2.1509221161599306,1.4040484513661293,0.05645836823588541,True,True
0.2,0.4374467044270289,0.31538481748892566,0.47908298055863807,0.22406372479198092,0.09388838455679227,1.2795861316520223,0.00021115063694388266,15,0.39114391143911437,0.0,-0.05894457583211878,1.0,2.150658016454047,1.262787400574511,0.05746356173563411,True,True
0.2,0.5349770596049438,0.3466730263654828,0.3720039221297594,0.17022470617163418,0.10949466388406906,1.5102031506388254,4.2263362402714234e-05,15,0.5608856088560885,0.06382978723404255,0.07577111173418234,1.0,2.373311203527039,1.4399280908155205,0.04707656223823086,True,True
0.2,0.5039205138504462,0.29626482295873885,0.4138229828026749,0.18282916954999404,0.11483155179453278,1.5405288593673483,3.448354782063041e-05,15,0.46863468634686345,0.02127659574468085,0.03318857443300458,1.0,2.332117100874882,1.3984569904839037,0.028648014742837995,True,True
0.2,0.47200593867379026,0.2723296783468885,0.4387457529107994,0.19235622316002932,0.10186324156359253,1.400362116512577,8.972140222719495e-05,15,0.4280442804428044,0.010638297872340425,-0.013811908690525823,1.0,2.2564467427188317,1.367111158117506,0.02889931311777517,True,True
0.2,0.4730402886967731,0.314815500851693,0.42734015301629313,0.2130126484731056,0.10569288257895802,1.4256611005370465,7.527338323197791e-05,15,0.4575645756457565,0.010638297872340425,-0.007566444274565821,1.0,2.2899809864238936,1.2991475597526696,0.034595409616351144,True,True
0.2,0.5437689424729083,0.2858066316583257,0.4595063341572143,0.23734893697583923,0.11533865463658664,1.5208291919769306,3.9346963221459935e-05,15,0.4059040590405904,0.010638297872340425,-0.062122920917170886,1.0,2.199680246274665,1.2190765061980382,0.06073044060981739,True,True
0.2,0.5895317304590351,0.3059148822077988,0.33607396060985506,0.22048134723211718,0.08863560309220819,1.497476521346384,4.6056351153978895e-05,15,0.6383763837638377,0.11702127659574468,-0.07656702941256523,1.0,2.5305780636805224,1.2745741093578384,0.06056290835985927,True,True
0.2,0.5855824500274931,0.27254775607263293,0.4244116744975481,0.19614421621398206,0.09351867453891023,1.3860359702391258,9.915794160059881e-05,15,0.4575645756457565,0.010638297872340425,-0.03852008878411645,1.0,2.2988819706223236,1.3546479349496203,0.02462724074384319,True,True
0.2,0.4964142698967666,0.33251201907026384,0.3998124530743379,0.21942076046205786,0.10968189472729534,1.4942211044854712,4.708262527600493e-05,15,0.4907749077490775,0.031914893617021274,0.003006513641429421,1.0,2.378798153703327,1.2780636431072108,0.04045903836488524,True,True
0.2,0.4934343728890018,0.3422513772132956,0.41348268447581166,0.1803979832130539,0.10085529407125118,1.382051658217379,0.00010196202390399013,15,0.46863468634686345,0.02127659574468085,0.06868423133075323,1.0,2.333213439942111,1.4064560595023596,0.031998659742000335,True,True
0.2,0.4362842481524541,0.34147347836845054,0.4084877956894699,0.19577178539942686,0.11944023691718159,1.4997147501541008,4.536433246157595e-05,15,0.46863468634686345,0.031914893617021274,0.05146648258188644,1.0,2.349515647575333,1.3558733037109372,0.04757915898810521,True,True
0.2,0.5455979098744077,0.255149892000724,0.4281070636639803,0.20703107268692975,0.11162442524464977,1.5567231467742042,3.095787529434823e-05,15,0.45387453874538747,0.010638297872340425,-0.037975610067707354,1.0,2.287670115527871,1.3188280905395302,0.03593566761601608,True,True
0.2,0.5965768288725196,0.32649993845697967,0.3809096634269006,0.16952526292703893,0.09603462034468646,1.3848917804274947,9.995488521980696e-05,15,0.5313653136531366,0.06382978723404255,0.06777157439351636,1.0,2.4468940246770847,1.4422293931480485,0.032501256491874686,True,True
0.2,0.5270623015818688,0.2913936982591474,0.4012050102918897,0.16645681785272914,0.1025917743481205,1.4346268062280851,7.075446163288851e-05,15,0.4870848708487085,0.031914893617021274,0.046437949104297015,1.0,2.37401243251034,1.4523251655517535,0.013067515496733122,True,True
0.2,0.5604311639611976,0.2757338409118959,0.47908265207929124,0.18511391471003352,0.10011541232819161,1.3336923448943263,0.00014339511889999455,15,0.39114391143911437,0.0,0.0010048287111082655,1.0,2.150658805393893,1.3909397410048938,0.042301893114424526,True,True
0.2,0.4294972567041464,0.34935927047960785,0.3257374928803072,0.17438924180090476,0.1148126851766045,1.6625442367891066,1.550664214638946e-05,15,0.6642066420664207,0.11702127659574468,0.06219097347957743,1.0,2.3640737839651838,1.426225970405334,0.0742167867314458,True,True
0.2,0.5284275507368645,0.347908998828267,0.3506842479271576,0.1803967623952867,0.10410526356251244,1.5258208636260857,3.805038714709749e-05,15,0.6014760147601476,0.0851063829787234,0.0658220179545648,1.0,2.3690454673024477,1.4064600762268,0.05109733623722566,True,True
0.2,0.46020820133815815,0.2558138393389983,0.32800441288121296,0.16653392024591993,0.0860645061520699,1.5160456386223957,4.063289277003152e-05,15,0.6605166051660517,0.11702127659574468,-0.009201150205294776,1.0,2.556444317841983,1.4520714839004336,0.07011224660747194,True,True
0.2,0.46921859385668235,0.25389758685804253,0.359196244183927,0.1731196082498573,0.11106139714720453,1.603171894443574,2.2789561595253636e-05,15,0.5867158671586716,0.06382978723404255,0.011588437651306694,1.0,2.534706114143614,1.4304033081308158,0.04640643323839839,True,True
0.2,0.54759044651504,0.25830318280334974,0.44908462778075836,0.21273334235515803,0.10456975170119105,1.4002946494807373,8.976357972649332e-05,15,0.42066420664206644,0.010638297872340425,-0.0626150160559866,1.0,2.2275206899213194,1.3000665304135328,0.038699949740325014,True,True
0.2,0.5144472266171691,0.29086659500914924,0.4242559577643569,0.17102433571215828,0.11588890757795825,1.5604547436657532,3.0200308007900227e-05,15,0.4575645756457565,0.010638297872340425,0.039294280311909936,1.0,2.299358705606393,1.437297156367321,0.038699949740325014,True,True
0.2,0.48183915879732653,0.32775060259450717,0.35323985606921304,0.2187833188651963,0.10984752156484644,1.586626405323957,2.540393317326204e-05,15,0.5977859778597786,0.0851063829787234,-0.0034811828349320707,1.0,2.442103619433419,1.2801609481352358,0.059725247110068685,True,True
0.2,0.5061310854162363,0.2777138894094918,0.4396269606725822,0.1981225608140308,0.10355984188756218,1.3979579568340452,9.123719997911361e-05,15,0.42435424354243545,0.010638297872340425,-0.0172021981027326,1.0,2.2539282651890264,1.348138802038814,0.02781035349304741,True,True
0.2,0.45979042505880724,0.3032489408724536,0.33361244077126684,0.1781903234664156,0.08164603050281959,1.5005045891747508,4.512273104981113e-05,15,0.6531365313653137,0.11702127659574468,0.004313559871754101,1.0,2.5421292131811004,1.4137196831968117,0.06173563410956609,True,True
0.2,0.552606778866683,0.32037848928683504,0.3899752738462323,0.1993226264820074,0.10728400076714638,1.4357151342980996,7.022550503457979e-05,15,0.5092250922509225,0.031914893617021274,0.02386465523299508,1.0,2.4135785243242323,1.344190355982266,0.023622047244094488,True,True
0.2,0.5536579185759097,0.30886616812156226,0.45419766025565,0.21220865778992765,0.11546535034935795,1.5155053188932588,4.078088156417078e-05,15,0.41697416974169743,0.010638297872340425,0.0025065509342007733,1.0,2.2137021397605006,1.3017928431960728,0.05134863461216284,True,True
0.2,0.41827876032738703,0.3258187506599439,0.3501884026771213,0.17303986446072153,0.11731489255060866,1.648247098167607,1.700180646611543e-05,15,0.6088560885608856,0.0851063829787234,0.05407833105115493,1.0,2.449516582895596,1.430665680481054,0.062489529234377617,True,True
0.2,0.49113921180833137,0.3577435912705968,0.43425095805326386,0.21827529943169344,0.08170161406323129,1.2789231489555952,0.00021216160600535765,15,0.44280442804428044,0.010638297872340425,-0.029680314984667666,1.0,2.269451827113481,1.2818324294402932,0.0667616016083096,True,True
0.2,0.4298342856770135,0.24069185090370748,0.39370140867503545,0.22979356006679064,0.11412534047889972,1.6053137578801377,2.247234423970478e-05,15,0.5055350553505535,0.031914893617021274,-0.07110108809167708,1.0,2.4001998976374264,1.2439351443195372,0.031998659742000335,True,True
0.2,0.4606274651341536,0.3162881188293556,0.44114707523521157,0.21776380366526432,0.0925679845955859,1.3177040378616647,0.0001606715575109291,15,0.42435424354243545,0.010638297872340425,-0.04518598774456713,1.0,2.249607450831615,1.2835153485469644,0.04330708661417323,True,True
0.2,0.5971367895936271,0.321454518276009,0.34395167219185163,0.1721501665764533,0.09354562673925032,1.5031168535917305,4.433321014474857e-05,15,0.6199261992619927,0.09574468085106383,0.05191100531079175,1.0,2.466547004928107,1.433592957042995,0.0514324007371419,True,True
0.2,0.4285044856039289,0.2870071810160212,0.33580267222255256,0.18893971520442343,0.1158058221444712,1.6563360947671861,1.613817050326926e-05,15,0.6383763837638377,0.11702127659574468,0.015048611117640604,1.0,2.556444317841983,1.3783521241116596,0.0633271904841682,True,True
0.2,0.4241227718569764,0.2692976607471796,0.32220574783934935,0.19609300533721374,0.0996856485533671,1.5630361707984552,2.9687620398513486e-05,15,0.6715867158671587,0.1276595744680851,-0.032221360233144127,1.0,2.556444317841983,1.3548164285494488,0.059390182610152456,True,True
0.2,0.4350318575509666,0.32001073903971,0.3705758416795295,0.18407783127224073,0.11502538104670262,1.5734366984683703,2.771257837010482e-05,15,0.5645756457564576,0.06382978723404255,0.04597664080469662,1.0,2.4722694607688944,1.3943486540947125,0.04389344948902664,True,True
0.2,0.5760556955409715,0.25809659073048813,0.41396937263341294,0.1750322550979768,0.09883315431673534,1.4111720199589224,8.322316170107464e-05,15,0.46863468634686345,0.02127659574468085,0.0018560343430269147,1.0,2.3316460312503833,1.4241103334157243,0.019349974870162507,True,True
0.2,0.5748586822078325,0.3001865796348615,0.3863920261376175,0.2059695597424176,0.11501923266093916,1.5710413036155215,2.8154921826157578e-05,15,0.5202952029520295,0.0425531914893617,0.00461600583723782,1.0,2.426687495694226,1.3223206715803664,0.025046071368738484,True,True
0.2,0.4257483839974465,0.3516148602048083,0.46951863599538224,0.1742356073593243,0.11746377118751497,1.4845677460220195,5.0268773669542975e-05,15,0.3948339483394834,0.0,0.07269596613068846,1.0,2.1740975328014818,1.4267314571642637,0.06692913385826772,True,True
0.2,0.4894701089462488,0.31780423462717033,0.3227830410080212,0.22022816188697802,0.08145678407659962,1.4917811923488669,4.7867465522328674e-05,15,0.6715867158671587,0.1276595744680851,-0.09078612620604228,1.0,2.4811017926340426,1.2754071376697607,0.07815379460546155,True,True
0.2,0.5118318708845527,0.29669204977346914,0.4692632909189467,0.1886324898672544,0.09645039628761226,1.3192391451999106,0.00015892273605870827,15,0.3948339483394834,0.0,0.01033014098970171,1.0,2.1747364066065664,1.3793629543548596,0.03769475624057631,True,True
0.2,0.508782049357118,0.3062040650887837,0.40091985521770673,0.23935699578480427,0.11015049865457922,1.5100643455973664,4.230292082372416e-05,15,0.4870848708487085,0.031914893617021274,-0.05901990099685621,1.0,2.374989701687762,1.212469607844765,0.03484670799128832,True,True
0.2,0.5920317223102661,0.35884943915607587,0.3981975650584773,0.17842262917860058,0.11160455099055633,1.516921092000739,4.039430497633733e-05,15,0.4944649446494465,0.031914893617021274,0.07927136378431072,1.0,2.332411051777759,1.4129553528791743,0.04288825598927794,True,True
0.2,0.49908395347155043,0.26571596549189735,0.43220593376129285,0.2198917051833026,0.1133800507193789,1.5693022920591682,2.848068501242421e-05,15,0.44280442804428044,0.010638297872340425,-0.049370428931192534,1.0,2.275458361547985,1.2765141447113555,0.041966828614508296,True,True
0.2,0.4278137710790429,0.33196753838145915,0.3496860677026412,0.20291646857901374,0.08834728857788313,1.4699443112319768,5.5531164814147634e-05,15,0.6051660516605166,0.09574468085106383,-0.007297488070589239,1.0,2.426182742002184,1.332365926674405,0.05201876361199531,True,True
0.2,0.486002477515805,0.28817467678513226,0.4691069487640239,0.22115843799507207,0.10866244308659533,1.4442264140408119,6.622844676872491e-05,15,0.3948339483394834,0.0,-0.0440088762975466,1.0,2.1751279182261642,1.2723463509740645,0.05017590886245602,True,True
0.2,0.5215359123303989,0.28479551229264555,0.45575871867182705,0.16308094617683885,0.10069930901153615,1.3549413765797227,0.00012337070574349493,15,0.4132841328413284,0.010638297872340425,0.04590888074576815,1.0,2.2095449840937333,1.4634324303971473,0.03794605461551349,True,True
0.2,0.5209229535237427,0.2686158842502408,0.35400202934049085,0.21646471613446164,0.11152776985111346,1.6291032335706963,1.924474147948349e-05,15,0.5977859778597786,0.0851063829787234,-0.0425825510126089,1.0,2.556444317841983,1.2877895955110965,0.05025967498743508,True,True
0.2,0.5907286921489863,0.34630470123500573,0.36919230394004393,0.18947921034960546,0.11258984991151405,1.5524940538681415,3.184055468959971e-05,15,0.5645756457564576,0.06382978723404255,0.05846066501411401,1.0,2.374587557369545,1.3765770816824299,0.049924610487518846,True,True
0.2,0.4890527780613019,0.2780636686092783,0.36951192498798746,0.2078180436504765,0.10064183383541608,1.4676665407134108,5.640128131220245e-05,15,0.5645756457564576,0.06382978723404255,-0.04112706009591291,1.0,2.4918616554646142,1.3162388052357743,0.02512983749371754,True,True
0.2,0.45632331630937784,0.24564676583524978,0.3863027889872683,0.2137776450407472,0.09245159938820098,1.411896057235173,8.280582925450845e-05,15,0.5202952029520295,0.0425531914893617,-0.10528592355916312,1.0,2.4270170649600558,1.2966305744231335,0.024711006868822247,False,True
0.2,0.5450727210904585,0.2936221832250041,0.4442500190410463,0.22089897117328405,0.11588875589792476,1.5350074751719736,3.577966866188872e-05,15,0.42066420664206644,0.010638297872340425,-0.024386906499299425,1.0,2.24087934383535,1.2732000465480917,0.049003183112749205,True,True
0.2,0.42438507459875763,0.3546416012491381,0.4184795784278425,0.22335219473060533,0.10649044787158271,1.3869414177779225,9.853197589296283e-05,15,0.46863468634686345,0.02127659574468085,0.011904105343898382,1.0,2.317294082061278,1.265128470850849,0.06056290835985927,True,True
0.2,0.5118156606515505,0.2654137541135779,0.46690656808572656,0.23598496050316414,0.08243203865093607,1.2509577643435914,0.0002597127624089442,15,0.3985239852398524,0.0,-0.18619964579743856,1.0,2.1806659186368114,1.2235642502177786,0.05947394873513151,False,True
0.2,0.5279196544578802,0.2648456457394668,0.4246428064495845,0.18059375193848723,0.0987905835548986,1.4180783424876031,7.93299944539346e-05,15,0.4575645756457565,0.010638297872340425,-0.0025479846785473564,1.0,2.2981749926145127,1.4058119428739455,0.024794772993801308,True,True
0.2,0.5540348016845551,0.34494192365452525,0.3898621873820279,0.2294092555851387,0.08589806187305972,1.3385620941093264,0.00013852555089720892,15,0.5129151291512916,0.031914893617021274,-0.06274193028295026,1.0,2.3793306777966112,1.2451995797213522,0.06022784385994304,True,True
0.2,0.44517148358109143,0.27177223192097333,0.3878863077611201,0.17877145134399142,0.09323093872714347,1.418163441802673,7.928322496798114e-05,15,0.5202952029520295,0.031914893617021274,-0.0006170952951308224,1.0,2.421191367409621,1.4118076610985268,0.021360361869659908,True,True
0.2,0.5537964513694846,0.2428406099064062,0.4147487923120739,0.2089587983835294,0.08962895246994684,1.3685248265772583,0.0001121137539877429,15,0.46863468634686345,0.02127659574468085,-0.10544950786612824,1.0,2.3291435257795863,1.3124855035228729,0.026051264868487183,False,True
0.2,0.5389964205348808,0.33253628702063776,0.3519241392835213,0.22966743322541394,0.09171330928270222,1.4746239296718753,5.378723368445775e-05,15,0.5977859778597786,0.0851063829787234,-0.06175443021818758,1.0,2.42406231703531,1.2443501258015908,0.06751549673312113,True,True
0.2,0.5196036650506972,0.34508791137101513,0.4231427249150585,0.21714094918634405,0.1056533328093507,1.408006127710976,8.507388290855093e-05,15,0.4575645756457565,0.010638297872340425,0.013949344543587766,1.0,2.302777147443939,1.285564659161143,0.051264868487183785,True,True
0.2,0.45135960619491694,0.31018750091877517,0.3552976860272574,0.1958984672727209,0.10082457331395332,1.5295983504123263,3.709894762385908e-05,15,0.5940959409594095,0.07446808510638298,0.010431814587872916,1.0,2.512422029790368,1.355456496067496,0.03350644999162339,True,True
0.2,0.4414232553623079,0.2767438314108269,0.34147618189646955,0.1621046268754582,0.1159011233320826,1.620859934239593,2.030425609782037e-05,15,0.6273062730627307,0.10638297872340426,0.03206073677008319,1.0,2.556444317841983,1.4666447080235607,0.06550510973362372,True,True
0.2,0.4635977072291002,0.2859788389083199,0.4570264225176168,0.2252202815938698,0.11428569917155869,1.524671799817231,3.834484032117478e-05,15,0.4132841328413284,0.010638297872340425,-0.04164740028918097,1.0,2.2061899377497065,1.2589821070264575,0.05361031998659742,True,True
0.2,0.4026485154802375,0.3285432587869723,0.4060132314529916,0.1697803433123521,0.08243053466400757,1.3205486131246382,0.00015744659025241058,15,0.4797047970479705,0.031914893617021274,0.06184517805570174,1.0,2.357740658238426,1.4413901297907437,0.03627073211593232,True,True
0.2,0.5338820545958064,0.2909297868294824,0.4231985595365956,0.19438362869875148,0.09634779605441299,1.3934535438088511,9.414943197141707e-05,15,0.4575645756457565,0.010638297872340425,-0.008427903750589338,1.0,2.302605265788542,1.3604406053152682,0.01909867649522533,True,True
0.2,0.5073525201321162,0.29329815041359597,0.41154432016720577,0.22924104632436873,0.09597274401672415,1.3807745462413483,0.00010287820356926522,15,0.46863468634686345,0.02127659574468085,-0.08798448928379625,1.0,2.339492844665003,1.2457530204288778,0.024543474618864133,True,True
0.2,0.5387868398003505,0.3459632497552083,0.4191164042714727,0.18656410732770523,0.11264845027539788,1.5030540741419562,4.435201401609315e-05,15,0.46494464944649444,0.02127659574468085,0.06472649163181748,1.0,2.3152925213813136,1.3861683293436178,0.04556877198860781,True,True
0.2,0.5513681780295288,0.2826971830795469,0.42856879658409375,0.2125647549507612,0.11455084026345208,1.585228930145291,2.5638697461308137e-05,15,0.45387453874538747,0.010638297872340425,-0.021067010643612924,1.0,2.286282801081919,1.3006212152860672,0.0371083933657229,True,True
0.2,0.4315042425996503,0.3121196981288321,0.4523414249309081,0.19692669818967717,0.11338470233399144,1.493843696295917,4.7203140445605255e-05,15,0.41697416974169743,0.010638297872340425,0.02756833466735723,1.0,2.218682706786575,1.3520734192762718,0.04439604623890099,True,True
0.2,0.4375309402870243,0.26444173238554997,0.4467014573090282,0.23696117494382044,0.10586122070036655,1.4058717425421778,8.634576938528874e-05,15,0.42066420664206644,0.010638297872340425,-0.1032009411485393,1.0,2.2340695628067606,1.2203523176032465,0.04615513486346122,False,True
0.2,0.4390759601683038,0.24212269141214302,0.4042065264013266,0.21485190688696554,0.10127284349715682,1.4385348434154348,6.887415167220671e-05,15,0.4797047970479705,0.031914893617021274,-0.07987763817173486,1.0,2.3638094293884864,1.2930960470521835,0.01474283799631429,True,True
0.2,0.5655330346503991,0.31172358470709494,0.4026120227062615,0.16451510424305643,0.1047803157636152,1.4301904487647035,7.29540250504453e-05,15,0.4797047970479705,0.031914893617021274,0.06259840431153676,1.0,2.369210657001878,1.4587137754833952,0.02018763611995309,True,True
0.2,0.40976532371842533,0.34538076637752074,0.4087491780667361,0.18512062192346315,0.10235403419220712,1.3826976306173815,0.00010150185241600996,15,0.47232472324723246,0.031914893617021274,0.06477644399774785,1.0,2.348652674321688,1.3909176729871817,0.03224995811693751,True,True
0.2,0.425355240371001,0.3233786282057091,0.35509432949056313,0.16482979319315338,0.10413117370501167,1.5465189306469231,3.313282595857154e-05,15,0.5940959409594095,0.07446808510638298,0.06556815651279616,1.0,2.4589895352675795,1.4576783885231595,0.046657731613335564,True,True
0.2,0.49328438495510607,0.34560521221815005,0.42117033706786977,0.22827285945556747,0.11787620319383121,1.5249036292552771,3.8285241519583816e-05,15,0.4575645756457565,0.02127659574468085,0.010024490463856969,1.0,2.3088781986981717,1.2489385407934135,0.07187133523203217,True,True
0.2,0.48293134530621673,0.3030872855043784,0.33554416942522197,0.19582409301157339,0.0949530309913239,1.5193704872899745,3.973452310875489e-05,15,0.6383763837638377,0.11702127659574468,-0.008311207198893623,1.0,2.5428352523839,1.3557012016415098,0.04707656223823086,True,True
0.2,0.5848378993319969,0.3007445078692395,0.4627272897097159,0.23380713932884972,0.08287415901333567,1.2276003926837464,0.00030784212470788514,15,0.3985239852398524,0.010638297872340425,-0.13792680510893193,1.0,2.1913295031125557,1.230729699290317,0.05813369073546658,False,True
0.2,0.5264166966283241,0.31771360914123076,0.4179493292582109,0.1881295344781834,0.1122054744125274,1.5063335484243492,4.338080579055313e-05,15,0.46863468634686345,0.02127659574468085,0.04258099664132557,1.0,2.318965323152664,1.3810177739831433,0.03317138549170715,True,True
0.2,0.5009565983772134,0.32186063961295613,0.3839636432806079,0.17533029144235224,0.11857662794871882,1.506004608516814,4.347720933263289e-05,15,0.5202952029520295,0.06382978723404255,0.05341758473078522,1.0,2.4357105985777503,1.4231297367200109,0.04431228011392193,True,True
0.2,0.528773250890591,0.24957402316781108,0.4780640807472247,0.18526156617655656,0.10175665402587286,1.356352773706537,0.00012214817983907854,15,0.39114391143911437,0.0,-0.02153693429950813,1.0,2.1531104183038865,1.3904539393806217,0.046322667113419334,True,True
0.2,0.4194134922180349,0.3331939519154339,0.4170755168312031,0.2354325375226749,0.11728416222677736,1.5414009950217258,3.4283354945145436e-05,15,0.46863468634686345,0.02127659574468085,-0.014150498510468032,1.0,2.321728679532151,1.2253818277029649,0.06826939185793265,True,True
0.2,0.4021781492746319,0.3239597860239236,0.3427103156604129,0.16644895720980946,0.09553548977332063,1.4956022147648307,4.664433956263507e-05,15,0.6273062730627307,0.10638297872340426,0.06276911750472104,1.0,2.456722170682395,1.4523510285735584,0.05369408611157648,True,True
0.2,0.4097941932205433,0.29608772580765746,0.42565990042476803,0.2253938201390779,0.10807481860787241,1.5151925846515728,4.086679417190838e-05,15,0.4612546125461255,0.010638297872340425,-0.04549474621596634,1.0,2.2950730655539546,1.2584111319517008,0.03543307086614173,True,True
0.2,0.5486718202211396,0.2858913598609,0.3373820005656931,0.17161278339697814,0.1132021109887418,1.6364521954833353,1.8349059306585437e-05,15,0.6383763837638377,0.11702127659574468,0.031188221408817576,1.0,2.556444317841983,1.4353610507002625,0.06190316635952421,True,True
0.2,0.492485767688251,0.3051792095997458,0.36418344638907346,0.23639119435883177,0.08136511439167068,1.402541180741939,8.837018851885708e-05,15,0.5756457564575646,0.06382978723404255,-0.13804052594151342,1.0,2.5136895363924885,1.2222276629723894,0.054866811861283296,False,True
0.2,0.48112339965881035,0.35398285259842677,0.3843827816669002,0.23404603929172996,0.09370838082535385,1.335407341474166,0.0001416602076404011,15,0.5202952029520295,0.06382978723404255,-0.04138375388629112,1.0,2.348461965008698,1.2299436726240145,0.0677667951080583,True,True
0.2,0.5310899876589923,0.27595279989036,0.47664544427443956,0.21964786117525145,0.11541010875556908,1.5140964957483631,4.116940299423494e-05,15,0.39114391143911437,0.0,-0.03834268245879128,1.0,2.156542412706025,1.2773164382338638,0.059222650360194334,True,True
0.2,0.4893895253141215,0.25825055735889557,0.4249416580913148,0.17168870814796566,0.10413719910792818,1.4481002812289212,6.448851871564238e-05,15,0.4575645756457565,0.010638297872340425,0.012725091863204821,1.0,2.2972620161613717,1.4351112437175026,0.029150611492712347,True,True
0.2,0.5344696650382711,0.2830277264885828,0.35097647590742725,0.22894126516295077,0.11010750055928693,1.6070162396555356,2.222350456242627e-05,15,0.6014760147601476,0.0851063829787234,-0.05719137733559631,1.0,2.556444317841983,1.246739357907079,0.05419668286145083,True,True
0.2,0.5868141743653907,0.3462434477410625,0.3660816706039293,0.22479510226427468,0.10656456914684237,1.4761292593158135,5.323848821299908e-05,15,0.5719557195571956,0.06382978723404255,-0.0020253330299894712,1.0,2.3748000486829026,1.260381028512226,0.061986932484503265,True,True
0.2,0.4250303968363208,0.27655913477047595,0.3254040069789714,0.16785278857791616,0.11839134435089327,1.6696634124228638,1.4814248419730532e-05,15,0.6642066420664207,0.11702127659574468,0.024917496685622247,1.0,2.556444317841983,1.447732154309115,0.07966158485508461,True,True
0.2,0.44055436950665605,0.26392528310350705,0.41452037618730736,0.18269676460301998,0.11531365172182483,1.5540509391599515,3.1512581731233394e-05,15,0.46863468634686345,0.02127659574468085,0.009791899324017516,1.0,2.3298759332337378,1.398892628136657,0.0336739822415815,True,True
0.2,0.5968386564941023,0.2895629682836432,0.39190890654491384,0.19957940326161028,0.08480370994589356,1.3604194001753214,0.00011869569584479598,15,0.5055350553505535,0.031914893617021274,-0.05068254293186319,1.0,2.4066040932481827,1.3433455111626111,0.01742335399564416,True,True
0.2,0.4087475375981048,0.28249580535775126,0.4617708468285391,0.2356621982246289,0.0824288386766468,1.2329038368451604,0.00029615949499026454,15,0.3985239852398524,0.010638297872340425,-0.16627381939969565,1.0,2.193797044383759,1.2246261999759396,0.057128497235717876,False,True
0.2,0.44251988513731233,0.2411770945944604,0.44984791865724666,0.2371627692170237,0.09232970111510695,1.3368241785227184,0.0001402433754810027,15,0.42066420664206644,0.010638297872340425,-0.1608494422651334,1.0,2.225437863027034,1.219689033806124,0.047662925113084266,False,True
0.2,0.5584107476131351,0.2533301861430947,0.33072774754105994,0.2185165287265808,0.11045083958636215,1.6609764955747073,1.5663632935660703e-05,15,0.6605166051660517,0.11702127659574468,-0.05815829001798229,1.0,2.556444317841983,1.2810387388252389,0.067347964483163,True,True
0.2,0.5802263569511681,0.3535817926999189,0.3337781118147593,0.20416423267730854,0.10538267707167402,1.5717626659616575,2.802093901308373e-05,15,0.6494464944649446,0.11702127659574468,0.0336434828374755,1.0,2.349802000730355,1.3282605436400576,0.06315965823421009,True,True
0.2,0.4809000080013951,0.28316762188879224,0.4722718625062865,0.19962988782181498,0.0836399267828821,1.245125846944344,0.00027094931703102555,15,0.39114391143911437,0.0,-0.06377770389560519,1.0,2.167252838653197,1.343179407283485,0.04573630423856592,True,True
0.2,0.40210946995651126,0.30179998585030515,0.4511194019306653,0.21536006081549416,0.09446592364082033,1.320873282115588,0.00015708280262846712,15,0.42066420664206644,0.010638297872340425,-0.050501248216761,1.0,2.2219839576113403,1.2914241232327135,0.03794605461551349,True,True
0.2,0.514644697032484,0.29557163953458737,0.4249427373928536,0.21701617182735414,0.11729441493796827,1.5878815556251877,2.5194998473016814e-05,15,0.4575645756457565,0.010638297872340425,-0.013676619741473448,1.0,2.297258721277692,1.2859752005874976,0.040961635114759594,True,True
0.2,0.4426742416723917,0.3269170611754581,0.3488509061759127,0.22799636703873874,0.08012922575500919,1.4228695824756261,7.674102918181357e-05,15,0.6051660516605166,0.09574468085106383,-0.09904887240400571,1.0,2.4452927907954414,1.2498482538383116,0.07187133523203217,True,True
0.2,0.4204931439601832,0.2453963948508585,0.35574712580633233,0.1900074805897111,0.11621391388963767,1.6573792990100107,1.603019061751238e-05,15,0.5940959409594095,0.07446808510638298,-0.0067118363386216295,1.0,2.5495857369951036,1.3748389713423068,0.054447981236388006,True,True
0.2,0.5319171453146789,0.33012386592784965,0.39425579398092386,0.2134736360081234,0.10081099703587607,1.4075560504398181,8.534045135289032e-05,15,0.5055350553505535,0.031914893617021274,-0.0018804104957085967,1.0,2.3982309975973823,1.297630822407931,0.02848048249287988,True,True
0.2,0.4717086727603557,0.2523403003950413,0.3615496169727563,0.17995022376716563,0.11250586366972354,1.586520071079361,2.5421717009411716e-05,15,0.5756457564575646,0.06382978723404255,0.0037028458442374917,1.0,2.5247165153767384,1.4079292738985187,0.04615513486346122,True,True
0.2,0.5605295241175566,0.33500603441791393,0.46938931387806115,0.2312358380087529,0.09104752056867325,1.2707042357667897,0.00022511930973715197,15,0.3948339483394834,0.0,-0.06280104236450929,1.0,2.174421010082268,1.2391897734583006,0.07128497235717876,True,True
0.2,0.48044613886428444,0.25401173616118083,0.3701123475586004,0.1686264780865867,0.11250712480268746,1.5649520263125685,2.9313017253218723e-05,15,0.5645756457564576,0.06382978723404255,0.01665715523569549,1.0,2.489441451393927,1.4451865675374735,0.04163176411459206,True,True
0.2,0.5763706405227333,0.31943481040154587,0.42564762675808093,0.19319174311709267,0.11997782098810161,1.5564427784429287,3.10155920238332e-05,15,0.4575645756457565,0.010638297872340425,0.03936345403067549,1.0,2.2951104093429073,1.3643621373200057,0.04607136873848216,True,True
0.2,0.5303792036168667,0.2662682883396766,0.42832588105787306,0.1667370343937291,0.08382157631992988,1.3325454870697946,0.00014456759992650112,15,0.45387453874538747,0.010638297872340425,0.0054790582232585715,1.0,2.28701228785195,1.4514031994245529,0.03878371586530407,True,True
0.2,0.5820203698368765,0.35328441772298275,0.33608390749614026,0.16510376969000648,0.10822635613911838,1.5764159001326064,2.7172563644212907e-05,15,0.6383763837638377,0.11702127659574468,0.07618160387590252,1.0,2.3507973214548747,1.4567769533371915,0.06382978723404255,True,True
0.2,0.48867471237230914,0.28593485066137625,0.41815341487723556,0.23416838664559503,0.08331784631820426,1.319736834286251,0.0001583600119602853,15,0.46863468634686345,0.02127659574468085,-0.1517417448157017,1.0,2.3183215836903743,1.2295411263802642,0.0381135868654716,False,True
0.2,0.5974511295503935,0.3072633083258756,0.3724861942463593,0.23609369172457906,0.11789299578341833,1.5846590175366957,2.5735089732356582e-05,15,0.5608856088560885,0.06382978723404255,-0.03627585770005423,1.0,2.479949272326308,1.2232065036595063,0.05679343273580164,True,True
0.2,0.4781910025802806,0.28490719400908304,0.32324385438064607,0.16045632429432785,0.11643286144270844,1.688054692445423,1.317166491374557e-05,15,0.6715867158671587,0.11702127659574468,0.03285411017392166,1.0,2.556444317841983,1.4720679394350844,0.07966158485508461,True,True
0.2,0.41541235537544335,0.2595489272940353,0.45870840014976144,0.19795197125470954,0.09793065776752544,1.3436429782879995,0.00013362770670393594,15,0.4059040590405904,0.010638297872340425,-0.04647445893547345,1.0,2.201767118165957,1.34870007438479,0.03576813536605797,True,True
0.2,0.5565039678121685,0.33387432090355135,0.4789410157757563,0.2356450230854971,0.10742582926244637,1.3393523819993065,0.00013775164558938965,15,0.39114391143911437,0.0,-0.03204247732633715,1.0,2.1509990875047533,1.2246827094755321,0.07681353660579661,True,True
0.2,0.5383201430413599,0.34970520493011814,0.3805564640572809,0.20272766860644348,0.11620314263341387,1.518052695366103,4.008807765976343e-05,15,0.5313653136531366,0.06382978723404255,0.04743182279099934,1.0,2.3628932136121055,1.3329871147702437,0.05227006198693249,True,True
0.2,0.5958909115040156,0.30540091882610265,0.46042998383883477,0.20994701205566205,0.09857609663807088,1.3050813224014506,0.0001758314563682202,15,0.3985239852398524,0.010638297872340425,-0.023911361198950414,1.0,2.1972736170011338,1.3092340911369673,0.03593566761601608,True,True
0.2,0.5598353877017307,0.2816734148872341,0.41197902983691836,0.1611964601026626,0.10852849820516636,1.4829608798239011,5.082063226236457e-05,15,0.46863468634686345,0.02127659574468085,0.04274512490559185,1.0,2.3380794462881074,1.4696327507685703,0.02680515999329871,True,True
0.2,0.4691334604431111,0.24242057619220875,0.4682421862289199,0.2061573069851118,0.10487149952475452,1.3912697905750622,9.559598013751638e-05,15,0.3948339483394834,0.0,-0.0559677950623796,1.0,2.177298176753746,1.3217029471675903,0.04473111073881722,True,True
0.2,0.47087793196845856,0.3590440384277903,0.35748478268780526,0.16715269458097481,0.1146499583050804,1.6221504469002639,2.0134426954911144e-05,15,0.5940959409594095,0.06382978723404255,0.07619525355624364,1.0,2.3317771683912736,1.450035597741587,0.06215446473446139,True,True
0.2,0.4988423756270464,0.32140111254714715,0.34334123685809537,0.23154307230702573,0.09714488677876026,1.517369779753842,4.0272592237709256e-05,15,0.6236162361623616,0.09574468085106383,-0.06221470398889678,1.0,2.4667578874727805,1.2381789137313515,0.06307589210923102,True,True
0.2,0.598125367643676,0.24500489072327078,0.4765362466205259,0.21843183270192365,0.11721764912310272,1.526314896549006,3.792451690376353e-05,15,0.39114391143911437,0.0,-0.049440244378791465,1.0,2.1568074328781828,1.281317404979506,0.06307589210923102,True,True
0.2,0.4591569674060855,0.33486979844332826,0.37572090161568844,0.23446704194641133,0.11731867444647943,1.570638427731632,2.823004221567201e-05,15,0.5498154981549815,0.06382978723404255,-0.012470454329041331,1.0,2.415428057613382,1.228558493199229,0.07203886748199029,True,True
0.2,0.5682634709938879,0.2635876011897409,0.35588106484616694,0.1746648913308607,0.09095426917199523,1.4906506275403797,4.823575562309101e-05,15,0.5940959409594095,0.07446808510638298,-0.00564705743472507,1.0,2.5490025364647684,1.425319030619798,0.044982409113754396,True,True
0.2,0.5451196314348031,0.28718001416477523,0.39373867244823524,0.22696613153010242,0.10580587866873276,1.4571386216872497,6.061194410072424e-05,15,0.5055350553505535,0.031914893617021274,-0.061187079007833836,1.0,2.400067381491386,1.2532379261203705,0.022281789244429553,True,True
0.2,0.4522592250404023,0.34346579930735416,0.32156511557824485,0.23610202474831407,0.08306557657066663,1.4862237194124757,4.970659737068876e-05,15,0.6715867158671587,0.1276595744680851,-0.09819694453796811,1.0,2.384505367947267,1.223179086414281,0.09859272910035181,True,True
0.2,0.5294586653222965,0.3250911863387607,0.3236438028765151,0.16915596402269747,0.08725580787727001,1.5405833157990243,3.447101196923211e-05,15,0.6715867158671587,0.11702127659574468,0.046033030920309435,1.0,2.4523282100067854,1.443444457324489,0.06969341598257664,True,True
0.2,0.5501092859054391,0.29729207781856665,0.431210164072235,0.18535298092854144,0.09460214274016711,1.363168732564256,0.00011641920259020963,15,0.44649446494464945,0.010638297872340425,0.015344367012074527,1.0,2.278403706722808,1.390153167325711,0.0262187971184453,True,True
0.2,0.4862160181835679,0.2652260318408789,0.35972108601485475,0.2113894702571032,0.10364328920522181,1.5144980349565809,4.1058274730270555e-05,15,0.5830258302583026,0.06382978723404255,-0.052080148326459554,1.0,2.532466940522166,1.304488127187496,0.037024627240743846,True,True
0.2,0.47566710308873117,0.29968620476248464,0.4239571690978525,0.19268539283642702,0.11597597232814068,1.568979463322685,2.854159270373799e-05,15,0.4575645756457565,0.010638297872340425,0.02472279937806793,1.0,2.3002744435234685,1.3660281267923127,0.032417490366895625,True,True
0.2,0.5742912849209112,0.3084736835780897,0.3859997137313691,0.19334768561408675,0.11447307512658306,1.5257082133329605,3.8079149456220246e-05,15,0.5202952029520295,0.06382978723404255,0.028878050352514464,1.0,2.4281375154338516,1.363849056616395,0.028564248617858938,True,True
0.2,0.47304836525146193,0.27590722813440505,0.32439395958364337,0.17102085171787426,0.08539780172783669,1.533171877546394,3.622177733277918e-05,15,0.6715867158671587,0.11702127659574468,-0.002093241192123375,1.0,2.556444317841983,1.43730861937627,0.07078237560730441,True,True
0.2,0.5456697187316671,0.29748571769864957,0.4307744630915302,0.1963167057118309,0.0864215710247157,1.3220543998286944,0.00015576672159450835,15,0.44649446494464945,0.010638297872340425,-0.027650433998511546,1.0,2.279696730791037,1.3540804114417395,0.02789411961802647,True,True
0.2,0.5596719022364028,0.32254016691319237,0.47013652924187266,0.23883884731192612,0.11940309696183844,1.5034827020194452,4.42237959174101e-05,15,0.3948339483394834,0.0,-0.025718520708331038,1.0,2.172554434379819,1.2141744156307352,0.08376612497905847,True,True
0.2,0.5082484636103426,0.2545370851788138,0.3256338956778173,0.17342449815175803,0.11668844177607939,1.677657419214543,1.4075302943434161e-05,15,0.6642066420664207,0.11702127659574468,0.010152048965861141,1.0,2.556444317841983,1.4294001619172665,0.07781873010554531,True,True
0.2,0.4483967770938408,0.33829793866683866,0.4055600705735243,0.17777733623609335,0.10968103736101407,1.4736882819159602,5.413128463357295e-05,15,0.4797047970479705,0.031914893617021274,0.06791539033630722,1.0,2.3592577576656595,1.4150784903391909,0.03551683699112079,True,True
0.2,0.4626697873717208,0.2950761349849091,0.45236365456269134,0.2213449932990729,0.0879647715680667,1.2894898126688157,0.00019662918558401067,15,0.41697416974169743,0.010638297872340425,-0.09355613161130959,1.0,2.2186228194203834,1.2717325482680408,0.04489864298877534,True,True
0.2,0.4285842952025375,0.3165441677065784,0.4244515320505599,0.20582141615340174,0.08700404346487269,1.3366636211198673,0.00014040318985630618,15,0.4575645756457565,0.010638297872340425,-0.029295579061049282,1.0,2.298760000849355,1.322808092381962,0.03325515161668621,True,True
0.2,0.4846271912939159,0.2805612265783098,0.43255938629479673,0.1867082765557249,0.10785116347332512,1.459999030588167,5.943641581736124e-05,15,0.44280442804428044,0.010638297872340425,0.01202132563135558,1.0,2.2744161601681245,1.38569398495144,0.031579829117105045,True,True
0.2,0.40689386977755165,0.35622274998002007,0.4092244544120801,0.19063879128246977,0.10221441259080871,1.3766939240227465,0.00010586344513510076,15,0.47232472324723246,0.031914893617021274,0.06484573312105894,1.0,2.3470863390079515,1.3727618381638513,0.03627073211593232,True,True
0.2,0.46615748405766283,0.2753705181090508,0.4768878619980407,0.23244597852145682,0.1115637008753349,1.4849863315932714,5.012604607562623e-05,15,0.39114391143911437,0.0,-0.07096968729964592,1.0,2.1559545043081014,1.235208179231619,0.06006031160998492,True,True
0.2,0.5881449663437095,0.28198770494747094,0.47919669471354204,0.22015466199446926,0.1119208541554848,1.4781162368681544,5.252310468697332e-05,15,0.39114391143911437,0.0,-0.04085697272002576,1.0,2.1503849634355934,1.2756489664033683,0.055872005361032,True,True
0.2,0.4305782811107388,0.2718590518079333,0.40783889920006766,0.1770946891513925,0.10451701053055525,1.4279713905472653,7.408088783336672e-05,15,0.47232472324723246,0.031914893617021274,0.016764962414069478,1.0,2.3516628090349747,1.4173245300864536,0.018009716870497572,True,True
0.2,0.5307537189248249,0.3029235704665403,0.4335216022114122,0.17902471865011524,0.09594999688838862,1.3781809002236678,0.00010476531707833038,15,0.44280442804428044,0.010638297872340425,0.03504688014090225,1.0,2.2715875502270038,1.4109743631192562,0.028061651867984587,True,True
0.2,0.46785454231984225,0.2501447114104649,0.417179159966142,0.17927393217486975,0.11799555112212866,1.5496551680578332,3.2447826672457826e-05,15,0.46863468634686345,0.02127659574468085,0.006227061636975325,1.0,2.321400311969647,1.410154402857653,0.040123973864969006,True,True
0.2,0.5625885296241047,0.29869896147750147,0.35208712958306926,0.23222192426957486,0.11205910775379582,1.6322150954359234,1.8859997195565024e-05,15,0.5977859778597786,0.0851063829787234,-0.046661733435636274,1.0,2.556444317841983,1.2359453606633546,0.057547327860613166,True,True
0.2,0.4191196183591118,0.31087085605698284,0.3429594824042563,0.20800979380643067,0.11434305683669486,1.634221942382905,1.8616162265243383e-05,15,0.6236162361623616,0.10638297872340426,0.005899383704035283,1.0,2.509558065167432,1.3156079104711602,0.05830122298542469,True,True
0.2,0.443171453224589,0.31922825602321137,0.3515762008506224,0.23754585794181488,0.09812554923838941,1.5057089980268117,4.356403601803747e-05,15,0.6014760147601476,0.0851063829787234,-0.07494248318680966,1.0,2.475389552013181,1.2184285984773973,0.06081420673479645,True,True
0.2,0.5673216967754765,0.3471502280398558,0.4667652385802608,0.1720575424497712,0.10523549747064519,1.3494839894240092,0.0001282188015436709,15,0.3985239852398524,0.0,0.0815155341473283,1.0,2.1810234065485266,1.4338977081724527,0.05285642486178589,True,True
0.2,0.5887894079804817,0.30950371183376896,0.39514580166503205,0.19360908194608295,0.09344391725491416,1.3885277541034424,9.744518943771272e-05,15,0.5055350553505535,0.031914893617021274,0.007624352247017999,1.0,2.395081688337924,1.3629890125839657,0.014072708996481822,True,True
0.2,0.4195506596830998,0.2803594013178459,0.4688466534180258,0.17995745702496727,0.10588618361455687,1.3814331988230522,0.00010240463136155051,15,0.3948339483394834,0.0,0.020781818927265005,1.0,2.175780328403003,1.4079054750939992,0.04431228011392193,True,True
0.2,0.43503041698637557,0.26330064616375826,0.47213731286371835,0.1710441298807177,0.11057999358017673,1.4479765562009628,6.454334526828878e-05,15,0.39114391143911437,0.0,0.020407897055637718,1.0,2.1675854822463814,1.4372320297589387,0.05227006198693249,True,True
0.2,0.5055382309611841,0.31040183180689634,0.3519145378247517,0.19961622659706046,0.09358154734392145,1.4849454441396983,5.013996903271212e-05,15,0.5977859778597786,0.0851063829787234,-0.008921183143738893,1.0,2.5115225927502345,1.3432243553312868,0.0381135868654716,True,True
0.2,0.5250127846487155,0.3287151379584836,0.37839954969017575,0.16365589234369,0.09774678004223758,1.4153478967724664,8.084598028281498e-05,15,0.5461254612546126,0.06382978723404255,0.07601676382331436,1.0,2.438430779876595,1.4615407473119557,0.03325515161668621,True,True
0.2,0.47324406678954645,0.3472450159277538,0.4614534428011389,0.22509794020148113,0.10897166171586888,1.3766013956478687,0.00010593217183090519,15,0.3985239852398524,0.010638297872340425,0.006024976019256754,1.0,2.194618180287493,1.2593846336558079,0.07120120623219969,True,True
0.2,0.4206140905056204,0.30492721150798735,0.46734166279737094,0.2011887139980566,0.11005342513902093,1.4226622627449077,7.685121149578661e-05,15,0.3985239852398524,0.0,0.011741764933171346,1.0,2.179566719617527,1.3380505703934151,0.04221812698944547,True,True
0.2,0.5111242400004778,0.30107588701273497,0.3409148883977085,0.22854935310309923,0.11708804760641894,1.667249057884129,1.5045351077643415e-05,15,0.6309963099630996,0.10638297872340426,-0.02989854423265179,1.0,2.5516745279203223,1.2480288236992663,0.06969341598257664,True,True
0.2,0.47479781589680214,0.2515073995585354,0.3363733808571072,0.19573017496607706,0.08017845758234009,1.4499523990886714,6.36735701424889e-05,15,0.6383763837638377,0.11702127659574468,-0.10100354137999748,1.0,2.556444317841983,1.3560102100118634,0.06315965823421009,False,True
0.2,0.4168152921232652,0.303094539146767,0.3459951820006455,0.1697465251842139,0.11469856691027205,1.6402809258958684,1.7899853039704055e-05,15,0.6236162361623616,0.09574468085106383,0.04358852160239343,1.0,2.5428035578263684,1.4415013979140223,0.05737979561065505,True,True
0.2,0.5536814307227703,0.3364005660613089,0.42515375388145743,0.18729362165595037,0.09537986530257278,1.3735335849304635,0.00010823732377991953,15,0.4575645756457565,0.010638297872340425,0.04995431806009597,1.0,2.296614853082538,1.3837680873823497,0.03677332886580667,True,True
0.2,0.5423287772527126,0.32543136840748543,0.3665188883190012,0.1897474934846034,0.08673755980658868,1.4099275288217357,8.394561180086894e-05,15,0.5719557195571956,0.06382978723404255,0.015896912528787423,1.0,2.451012241080046,1.3756943787481752,0.041464231864633945,True,True
0.2,0.44456693869255437,0.2594359608326993,0.46565588440503847,0.21965484662351714,0.11569750543402622,1.5244822379827885,3.8393645079294685e-05,15,0.3985239852398524,0.0,-0.049255838826320626,1.0,2.183837014817998,1.2772934547702137,0.05729602948567599,True,True
0.2,0.5781432324415168,0.3287324037606277,0.4672463704798171,0.20373225621695557,0.09243399687130069,1.2742186512444837,0.00021948103110364483,15,0.3985239852398524,0.0,0.00345769829204206,1.0,2.1798072857375086,1.329681828988782,0.04824928798793768,True,True
0.2,0.41142851467757635,0.251341879542573,0.42252687443558434,0.22169410865034433,0.11391344342409285,1.6127039942513859,2.141290816373716e-05,15,0.4612546125461255,0.010638297872340425,-0.059688274357230835,1.0,2.3046759992790395,1.270583891849653,0.039621377115094655,True,True
0.2,0.46291612743172017,0.26461166572525524,0.33782751906887704,0.19511896477293547,0.08052453788097175,1.4503194697489725,6.351333593838745e-05,15,0.6383763837638377,0.11702127659574468,-0.08290782284280312,1.0,2.556444317841983,1.3580212086940444,0.06056290835985927,True,True
0.2,0.4911876659268911,0.2700772775890633,0.4294402727008927,0.16994086134266126,0.0856556996710162,1.3399992842495687,0.0001371214984965728,15,0.45387453874538747,0.010638297872340425,0.005455074708410978,1.0,2.283672508541022,1.440861994705563,0.03769475624057631,True,True
0.2,0.5297000753412535,0.2726029563098927,0.332233359050207,0.1732051011116598,0.1068430329438038,1.5936195117733123,2.4262530178537688e-05,15,0.6531365313653137,0.11702127659574468,0.018553709439254898,1.0,2.556444317841983,1.430122020229616,0.061484335734628914,True,True
0.2,0.5317537160440029,0.34227394604832984,0.3613981191280509,0.17292395182644832,0.10035792510260325,1.4740149992251435,5.401088558708694e-05,15,0.5756457564575646,0.06382978723404255,0.07240322834513276,1.0,2.3887119364730323,1.4310470552640457,0.04163176411459206,True,True
0.2,0.5444309087441488,0.2668049188029307,0.44137584929275175,0.20695545749323987,0.10285994442950555,1.3990268221841249,9.056002404904302e-05,15,0.42435424354243545,0.010638297872340425,-0.04690411508746953,1.0,2.248959753937194,1.31907687901945,0.03224995811693751,True,True
0.2,0.443422838298865,0.3178117066275747,0.44455409270073815,0.20479440285310124,0.08341073419053152,1.2637422338704143,0.00023673609516957042,15,0.42066420664206644,0.010638297872340425,-0.034839190286040614,1.0,2.2400305861037006,1.3261871629810158,0.04297202211425699,True,True
0.2,0.5396644670746783,0.35007490134723196,0.4241989241442905,0.1869574539220917,0.0810319636039657,1.3013998091706467,0.00018052709303315305,15,0.4575645756457565,0.010638297872340425,0.04174078711168069,1.0,2.299533404613221,1.3848741436578624,0.049589545987602617,True,True
